sku;name;quantity;status;product_status
665895010970;Kirlin MBC-24 Kirlin Original Microphone Cable მიკროფონის კა;9670;pending;A
665895011892;Kirlin SMC-0.12 x252 Kirlin Entry Speaker Cable დინამიკის კა;8889;pending;A
665895011113;Kirlin MBC-20 Kirlin Entry Microphone Cable მიკროფონის კაბელ;7387;pending;A
665895010857;Kirlin MB-24 100M მიკროფონის კაბელი;4651;pending;A
665895011090;Kirlin MB-20 Kirlin Original Microphone Cable მიკროფონის კაბ;4591;pending;A
665895011298;Kirlin BK spool 18AWG SB18 დინამიკის კაბელი;1980;pending;A
665895361065;Kirlin MP-270 6M BK Microphone Cable მიკროფონის კაბელი;1852;pending;A
665895361041;Kirlin MP-270 3M BK Microphone Cable მიკროფონის კაბელი;1103;pending;A
665895007277;Kirlin XLR MALE X-3215PB კონექტორი/ადაფტერი;490;pending;A
665895007284;Kirlin XLR FEMALE X-3216PB კონექტორი/ადაფტერი;490;pending;A
665895002623;Kirlin XLR MALE X-3215  კონექტორი/ადაფტერი;484;pending;A
665895007314;Kirlin XLR FEMALE X-3214PB კონექტორი/ადაფტერი;467;pending;A
665895002630;Kirlin XLR FEMALE X-3216 კონექტორი/ადაფტერი;464;pending;A
665895007307;Kirlin XLR MALE X-3213PB კონექტორი/ადაფტერი;407;pending;A
665895002456;Kirlin XLR FEMALE X-3214 კონექტორი/ადაფტერი;392;pending;A
665895143517;Kirlin Instrument Cable IC-241 3M Jack ინსტრუმენტის კაბელი ჯ;389;pending;A
665895156449;Kirlin BK CS-6 CT-3 IPCV-241B 3M ინსტრუმენტის კაბელი;357;pending;A
665895143975;Kirlin IC-242 RS 3M ინსტრუმენტის კაბელი;352;pending;A
665895002449;Kirlin XLR MALE X-3213 კონექტორი/ადაფტერი;336;pending;A
665895002876;kirlin Adapter 2621 კონექტორი/ადაფტერი;299;pending;A
Powder;Powder For Foam Machine ქაფის აპარატის ფხვნილი;260;pending;A
665895367340;Kirlin BK CS-6 CT-3 24AWG MP-483PR 3M პაჩ კაბელი;254;pending;A
665895367333;Kirlin MP-483PR 2M BK Patch Cable პაჩ კაბელი;250;pending;A
665895721685;Kirlin Y-370PRL 2M BK Patch Cable პაჩ კაბელი;227;pending;A
BC-bk;Smartdjlite Light Clamp სასცენო განათების სამაგრი;226;pending;A
665895361089;Kirlin MP-270 10M BK Microphone Cable მიკროფონის კაბელი;210;pending;A
665895721678;Kirlin Y-370PRL 1M BK Patch Cable პაჩ კაბელი;205;pending;A
649687901011;Rogue P10 Bulk 12 Pack 010 Plain Steel ელექტრო გიტარის სიმებ;203;pending;A
665895003859;kirlin Adapter 2615M კონექტორი/ადაფტერი;195;pending;A
665895002814;"Kirlin 3.5MM TRS M-1/4"" TRS F 2612 კონექტორი/ადაფტერი";191;pending;A
665895002821;"Kirlin 1/4"" TRS F 2615 კონექტორი/ადაფტერი";190;pending;A
B-5BB;High Quality Bubble Liquid (B-5BB) ბუშტების აპარატის სითხე;186;pending;A
BC-sv;Smartdjlite Clamp სასცენო განათების სამაგრი;186;pending;A
665895011335;Kirlin SB-14 Kirlin Premium Speaker Cable 100M დინამიკის კაბ;186;pending;A
NCL-50;Smartdjlite  pin Metal wedge for fixing stage truss;182;pending;A
665895002838;"Kirlin 1/4"" MONO M-RCA F-2641 კონექტორი/ადაფტერი";179;pending;A
665895361775;Kirlin MPQ-220BEG 6M 20AWG XLR M - XLR F Microphone Cable მი;173;pending;A
M300;Hebikuo M300 Microphone Stand მიკროფონის სადგამი;163;pending;A
665895721692;Kirlin Y-370PRL 3M BK Patch Cable პაჩ კაბელი;162;pending;A
488R10;Dunlop Guitar Picks  Tortex Pitch Black Standard 1.0mm მედია;155;pending;A
482R150;Dunlop Guitar Picks Tortex Jazz III Pitch Black 1.50mm მედია;144;pending;A
Q-2X;Hebikuo Q-2X Keyboard Stand კლავიშებიანის სადგამი,მაგიდა;143;pending;A
482R88;Dunlop Guitar Packs Tortex Jazz Pitch Black .88mm მედიატორი;142;pending;A
412R088;Dunlop Guitar Picks  Tortex Sharp .88mm მედიატორი;140;pending;A
G6008;Hebikuo PracticeDrum სავარჯიშო პადი  (8 inch);138;pending;A
Q-2XA;Hebikuo Q-2XA Double X Keyboard stand კლავიშებიანის სადგამი;137;pending;A
414R100;Dunlop Guitar Picks  Tortex Fins 1.00mm Blue მედიატორი;135;pending;A
431R100;Dunlop Guitar Picks Tortex Tri 1.0mm Blue მედიატორი;130;pending;A
431R88;Dunlop Guitar Picks Tortex Triangle .88mm Green მედიატორი;126;pending;A
powerconcable;Smartdjlite powercon cable ფაუვერქონის კაბელი;122;pending;A
Raincover;Smartdjlite Rain Cover for Beam Wash Light სასცენო განათების;121;pending;A
665895512573;Kirlin SBCV-125N BK 10M Entry 12AWG Speaker Cable დინამიკის ;112;pending;A
665895721487;Kirlin Y-362PRL 2M Patch Cable პაჩ კაბელი;110;pending;A
665895361027;Kirlin BK CS-6 CT-3 20AWG MP-270 1M მიკროფონის კაბელი;110;pending;A
M750;Hebikuo M750 Microphone Stand მიკროფონის სადგამი;107;pending;A
665895713888;Kirlin BK J CT-3 YE-362L 1M პაჩ კაბელი;100;pending;A
665895725911;Kirlin BK CS-6 CT-3 26AWG DMX-631 1M აუდიო კაბელი;100;pending;A
665895007727;Kirlin XLR F Panel Mount X-3111/BK კონექტორი/ადაფტერი;100;pending;A
665898100562;Kirlin BK BOX CT-3  UYC-392B 2M პაჩ კაბელი;98;pending;A
665898100647;Kirlin BK BOX CT-3 24AWG UYC-394B 2M პაჩ კაბელი;98;pending;A
665895367289;Kirlin CT-3 24AWG MP-482PR 10M;96;pending;A
665895002609;Kirlin XLR F Panel Mount X-3111 კონექტორი/ადაფტერი;95;pending;A
665895713895;Kirlin BK J CT-3  MONO YE-362L 2M პაჩ კაბელი;94;pending;A
665895143814;Kirlin IC-241 24 AWG MG CT-8 3M ინსტრუმენტის კაბელი;93;pending;A
PP-B22;Smiger 4 string bass head machine სიმების მომჭერი;92;pending;A
665895143715;Kirlin CT-8 24AWG, 1/4 RS IC-241 3M ინსტრუმენის კაბელი;92;pending;A
665895512672;Kirlin SBC-127N 10M BK Speaker Cable დინამიკის კაბელი;91;pending;A
665895723863;Kirlin AP-493PRL 3M BK Patch Cable პაჩ კაბელი;89;pending;A
PB-A107;Smiger  PB-A107 capo გიტარის კაპო Silver;88;pending;A
Y-502;Hebikuo Speaker stand Y-502 დინამიკის სადგამი;88;pending;A
MSM-M15;Hebikuo M15 Microphone Shock mount მიკროფონის შოკმაუნთი;88;pending;A
665895725829;Kirlin BK CS-6 CT-3 DMX-651 2M პაჩ კაბელი;88;pending;A
paper bullet;Electric Confetti Cannon;87;pending;A
665895740853;Kirlin BK CS-5 CT-3 24AWG LGY-362L 1M პაჩ კაბელი;87;pending;A
665895367364;Kirlin BK CS-6 CT-3 24AWG MP-483PR 6M პაჩ კაბელი;85;pending;A
9V300mA;Mooer 9V DC Power Adapter კვების ბლოკი;85;pending;A
sennheiser E945;E945 Microphone დინამიური მიკროფონი;80;pending;A
665895713901;Kirlin BK J CT-3 Y-CABLE YE-362L 3M პაჩ კაბელი;80;pending;A
J-10E;Hebikuo J-10E Guitar Hook hanger გიტარის კედელზე საკიდი;79;pending;A
P1.5-306;Kaisheng AUX to 2xJack Cable, red 1.5m-კაბელი;76;pending;A
665895719224;Kirlin AP-401PR Audio Cable 2M 2 RCA to 2 RCA აუდიო კაბელი 2;73;pending;A
M-40;Hebikuo Guitar Stand გიტარის სადგამი;72;pending;A
CN010M;EV XLR cable 10m კაბელი;72;pending;A
488R88;Dunlop Guitar Picks Tortex Pitch Black Standard .88mm მედიატ;72;pending;A
456R114;Dunlop Guitar Picks Flex Triangle 1.14mm Heavy მედიატორი;72;pending;A
428R88;Dunlop Guitar Picks Tortex Flex Standard .88mm მედიატორი;72;pending;A
488R114;Dunlop Guitar Picks Tortex Pitch Black 1.14mm მედიატორი;72;pending;A
414R073;Dunlop Guitar Picks Tortex Fins .73mm Yellow მედიატორი;72;pending;A
44R88;Dunlop Guitar Picks  Nylon Standard .88mm მედიატორი;72;pending;A
Q-95;Hebikuo Q-95 Drum Stool დრამერის სკამი;71;pending;A
1ZA2552X0345203584-7;Dunlop Tortex Flow Guitar Picks STD PK-72 1.0 mm გიტარის მედ;70;pending;A
288582;Dunlop Guitar Picks Tortex Jazz III Pitch Black 1.35mm482R1.;70;pending;A
417R20;Dunlop Guitar Picks Gator Grip 72 Pack 2.0mm Black მედიატორი;70;pending;A
Y-501;Hebikuo Y-501 Speaker Stand დინამიკის სადგამი;69;pending;A
665895724853;Kirlin MD-561PB 2M BK Entry Midi Cable მიდი კაბელი;69;pending;A
665895721494;Kirlin Y-362PRL 3M Patch Cable პაჩ კაბელი;69;pending;A
418R100;Dunlop Guitar Picks Tortex 1.0mm Blue მედიატორი;68;pending;A
424R114;Dunlop Guitar Picks Wedge Tortex 1.14mm მედიატორი;68;pending;A
710137073821;Jim Dunlop Tortex Jazz III XL .88mm მედიატორი;67;pending;A
418R88;Dunlop Guitar Picks Tortex  .88 MM Green Med მედიატორი;67;pending;A
665895007703;Kirlin XLR FEMALE XE-3018BG კონექტორი/ადაფტერი;64;pending;A
412R135;Dunlop Guitar Picks Tortex Sharp 1.35mm მედიატორი;64;pending;A
665895723917;Kirlin AP-464PRL 3M BK Single Patch Cable პაჩ კაბელი;63;pending;A
Y-402;Hebikou Y-402 Speaker stand დინამიკის სადგამი;62;pending;A
ML03;Mic. Stands   ML03;62;pending;A
CN003M;EV XLR cable microphone 3M მიკროფონის კაბელი;61;pending;A
665895723757;Kirlin AP-468PRL 2M BK Patch Cable პაჩ კაბელი;60;pending;A
GW5AW;Vater  goodwood 5A wood დრამის ჯოხები;60;pending;A
G7012;Hebikuo Practice Drum Pad სავარჯიშო პადი;59;pending;A
NCL-D059A;Smartdjlite 24x10w (NCL-D059A) სასცენო ლედ განათება;59;pending;A
TB100;Aiersi Sustain pedal (TB100) პიანინოს სუსტეინ პედალი;58;pending;A
522291;Millenium Gel Damper Pads დრამის დამხშობი;58;pending;A
418R114;Dunlop Guitar Picks Tortex 1.14MM Heavy Purple მედიატორი;58;pending;A
665895011311;Kirlin Speaker Cable SB16-100M დინამიკის კაბელი;57;pending;A
1ZAC98200324649559;NEUTRIK NC3MXX 3-Pin XLRM & NC3FXX 3-Pin XLRF Cable Mount - ;53;pending;A
PP-F90;Keyboard Sustain Pedal PP-F90 კლავიშის პედალი;53;pending;A
CC545921192DE-4;"Millenium 14"" ხმის კონტროლის რგოლი";53;pending;A
NCL-A218;Smartdjlite Mini spot light (NCL-A218) სასცენო განათება, სფო;53;pending;A
S-97;Hebikuo S-97 Saxophone Stand საქსაფონის სადგამი;53;pending;A
665895007574;kirlin Adapter CX-4051BX კონექტორი/ადაფტერი;52;pending;A
PP-M04;Microphone POP Filter, Shield მიკროფონის პოპ ფილტრი, საიზოლა;51;pending;A
042406054713;Beta 58a Microphone copy მიკროფონი;51;pending;A
665895703810;Kirlin 3 J CT-3 20AWG IWC3A-203PN 0.15M პაჩ კაბელი;51;pending;A
665895719217;Kirlin AP-401PR Audio Cable 1M 2 RCA to 2 RCA აუდიო კაბელი 1;50;pending;A
MST-TR;IMZA Microphone Stand masterwork მიკროფონის სადგამი;50;pending;A
RcForLp;Smartdjlite rain cover forled par განათების წვიმისგან დამცავ;50;pending;A
evxlr-connectors;EV XLR Connectors  შემაერთებელი კონექტორი;50;pending;A
665895710207;Kirlin BK J2 CT-3 AE-668L 3M პაჩ კაბელი;50;pending;A
665895739567;Kirlin BK CS-5 CT-3 24AWG LGA-404 1M პაჩ კაბელი;50;pending;A
665895740730;Kirlin BK CS-5 CT-3 24AWG LGY-362L 2M პაჩ კაბელი;50;pending;A
665895740952;Kirlin BK CS-5 CT-3 24AWG LGY-370L 2M პაჩ კაბელი;50;pending;A
665895702158;Kirlin 6 J CT-3 24AWG 16-243 0.15M პაჩ კაბელი;50;pending;A
665895140691;Kirlin BK J NA 20AWG IPCC-203PN 0.15M პაჩ კაბელი;50;pending;A
665898100494;Kirlin BK BOX CT-3 UYC-390XE 1M პაჩ კაბელი;50;pending;A
665898100500;Kirlin BK BOX CT-3 UYC-390XE 2M პაჩ კაბელი;50;pending;A
665898100555;Kirlin BK BOX CT-3 24AWG UYC-392B 1M პაჩ კაბელი;50;pending;A
665898100630;Kirlin CT-3 24AWG UYC-394B 1M პაჩ კაბელი;50;pending;A
665895002593;Kirlin XLR M Panel Mount X-3110 კონექტორი/ადაფტერი;50;pending;A
PB-A105;PB-A105 Guitar Capo (Yellow and Blue) გიტარის კაპო;49;pending;A
1ZA2552X0345203584-6;Dunlop Tortex Flow Guitar Picks STD PK-72 1.14 mm გიტარის მე;49;pending;A
P-5FG;Eurolite fog liquid 5L (P-5FG) სასცენო ნისლის აპარატის სითხე;49;pending;A
54RGBW;Smartdjlite 54x1w Plastic Led Par Light ლედ პარ განათება;49;pending;A
SU001;Aiersi Ukulele SU001 უკულელე ცისფერი /ვარდისფერი;49;pending;A
749699122210;Ernie Ball 2221 Nickel Slinky Lime Guitar Strings;49;pending;A
665895007567;kirlin Adapter 2652 კონექტორი/ადაფტერი;49;pending;A
GW5BW;Vater  goodwood 5B wood დრამის ჯოხები;49;pending;A
665895713406;Kirlin BK J CT-3 YE-336 3M პაჩ კაბელი;49;pending;A
665895721470;kirlin Y-362PRL 1M Patch Cable პაჩ კაბელი;48;pending;A
665895007550;Kirlin Adapter 2653G კონექტორი/ადაფტერი;48;pending;A
665895156432;Kirlin CT-3 24AWG CS-6 IPCV-242B 3M ინსტრუმენტის კაბელი;48;pending;A
P-06B;Hebikuo P-06 Music Stand პიუპიტრი, ნოტების სადგამი;47;pending;A
HBK-A2;Microphone Clip A2 მიკროფონის დამჭერი;47;pending;A
PP-A06-H;Guitar pickguard - გიტარის დამცავი;47;pending;A
665895742185;Kirlin BK CS-5 CT-3 24AWG LGY-370L 1M პაჩ კაბელი;47;pending;A
555498;Millenium Sound Control Ring Set RocK დრამის ხმის დამხშობი;46;pending;A
A747;Alice Violin Strings A747 ვიოლინოს სიმები;46;pending;A
GGB-ST-200;Mooer GTRS Bag გიტარის ჩანთა;46;pending;A
CT-01;Mooer CT-01 Clip-on Tuner - ტუნერი/ გიტარის ამწყობი;45;pending;A
SM58LC;Dynamic SM58 MICROPHONE მიკროფონი;45;pending;A
750795000203;Vic Firth 5A American Hickory დრამის ჯოხები;45;pending;A
BA222 BK;Hebikuo BA222 Digital Piano Stool Black პიანინოს სკამი;45;pending;A
SEN-E908;SEN-E908/SAX  MIC საქსაფონის მიკროფონი;45;pending;A
PP-D20;Guitar Metal Slide გიტარის სლაიდი;45;pending;A
665895007048;"Kirlin  1/4"" MONO PLUG CV-2306B კონექტორი/ადაფტერი";45;pending;A
750795053803;Vic Firth American Classic Terra Series 5A Wood დრამის ჯოხებ;44;pending;A
GWFW;Vater goodwood fusion wood დრამის ჯოხები;44;pending;A
A709;Alice violin strings A709 ვიოლინოს სიმები;44;pending;A
665895740860;Kirlin BK CS-5 CT-3 24AWG LGY-364L 1M პაჩ კაბელი;44;pending;A
665895007710;Kirlin XLR M Panel Mount X-3110/BK კონექტორი/ადაფტერი;44;pending;A
BA222 WH;Hebikuo BA222 Digital Piano Stool White პიანინოს სკამი;43;pending;A
PP-D02;Guitar Button PP-D02 გიტარის ქამრის ღილი;42;pending;A
641652268013;Goodwood Hickory Drum Sticks Fusion Wood დრამის ჯოხი;42;pending;A
G510;Hebikuo G510 Cymbal Stand დრამის თეფშის სადგამი;42;pending;A
665895713956;Kirlin BK J CT-3 YE-364L 3M პაჩ კაბელი;42;pending;A
665895007680;"Kirlin 1/4"" TRS PLUG CX-2407PR კონექტორი/ადაფტერი";42;pending;A
pp-t30;ელექტრო გიტარის გადამრთველი Guitar Switch for Les Paul;41;pending;A
BA222 BR;Hebikuo BA222 Digital Piano Stool Brown პიანინოს სკამი;41;pending;A
665895710252;Kirlin BK J2 CT-3 AE-669L 3M პაჩ კაბელი;41;pending;A
PE-A68;Smiger Guitar Strap PE-A68 გიტარის ქამარი;40;pending;A
PB-A15;Smiger PB-A15 capo გიტარის კაპო;40;pending;A
NCL-T006;Smartdjlite DMX512 mixer (NCL-T006)  სასცენო განათების პულტი;40;pending;A
665895723887;Kirlin BK CS-6 CT-3 24AWG AP-493PRL 2M პაჩ კაბელი;40;pending;A
665895512627;Kirlin BK CS CT-3 12AWG SBC-127N 2M დინამიკის კაბელი;40;pending;A
665895725836;Kirlin BK CS-6 CT-3 DMX-651 3M პაჩ კაბელი;40;pending;A
665898100517;Kirlin BK BOX CT-3 UYC-390XE 3M პაჩ კაბელი;40;pending;A
665898100654;Kirlin BK BOX CT-3 24AWG UYC-394B 3M პაჩ კაბელი;40;pending;A
522293;Millenium Gel Damper Pads დრამის დამხშობი;40;pending;A
NCL-E058;Smartdjlite 24 led bar (NCL-E058) სასცენო განათება, ლედ ბარი;39;pending;A
402484;Imza Keyboard Stand კლავიშის სადგამი;39;pending;A
GA-C30;smiger GA-C30 classical guitar string კლასიკური გიტარის სიმე;39;pending;A
A-4T;EQ A-4T Equalizer Guitar Preamp Piezo პიეზო;39;pending;A
665895740907;Kirlin BK CS CT-3 LGA-509 3M პაჩ კაბელი;39;pending;A
665895512641;Kirlin BK CS CT-3 12AWG SBC-127N 5M დინამიკის კაბელი;39;pending;A
665895723924;Kirlin AP-464PRL 2M BK Patch Cable პაჩ კაბელი;38;pending;A
427084;Black Metal Guitar knob გიტარის ხმის მარეგულირებლის დეტალი;38;pending;A
TBA324444145458;Thumb Medium Thumb Finger Picks მედიატორი ცერა თითის;38;pending;A
665895125865;Kirlin CT-3 24AWG CS-6 IP-241BC Yellow 3M ინსტრუმენტის კაბელ;38;pending;A
665895723429;Kirlin BK CS-6 CT-3 24AWG AP-469PRL 6M პაჩ კაბელი;38;pending;A
665895740662;Kirlin BK CS CT-3 LGA-568L 2M პაჩ კაბელი;38;pending;A
665895742178;Kirlin BK CS CT-3 LGA-556 6M პაჩ კაბელი;38;pending;A
665895007673;"Kirlin 1/4"" MONO PLUG CX-2306BX კონექტორი/ადაფტერი";38;pending;A
665895002197;"Kirlin 1/4"" TRS PLUG CV-2407 კონექტორი/ადაფტერი";38;pending;A
PF-C10;PF-C10 გიტარის სადგამი;38;pending;A
749699122234;Ernie Ball 2223 Nickel Super Slinky Guitar Strings გიტარის ს;37;pending;A
J-40G;Guitar Stand J-40G გიტარის სადგამი,სტენდი;37;pending;A
ML37BK;Melodica 37-Key (Black) - ML37RD მელოდიკა;37;pending;A
665895703261;Kirlin BK J NA 20AWG IPC-203B 0.15M პაჩ კაბელი;37;pending;A
NCL-M001W;Smartdjlite 550W Fog Machine (NCL- M001W)  სასცენო ბოლის / ნ;36;pending;A
PP-M02;Microphone Shock Mount Black PP-M02 მიკროფონის დამჭერი;36;pending;A
SPS-TR;IMZA Speaker Stand Masterwork დინამიკის სადგამი;36;pending;A
M210;Hebikuo M210 Table Microphone Stand მაგიდის მიკროფონის სადგა;36;pending;A
GS-2526RE;Hebikuo Guitar strap გიტარის ქამარი;36;pending;A
665895723900;Kirlin BK CS-6 CT-3 24AWG AP-493PRL 6M პაჩ კაბელი;36;pending;A
665895740969;Kirlin BK CS-5 CT-3 24AWG LGY-370L 3M პაჩ კაბელი;36;pending;A
665895002142;Kirlin 3.5MM TRS M CV-2025L კონექტორი/ადაფტერი;36;pending;A
665895002166;"Kirlin 1/4"" MONO PLUG CV-2306 კონექტორი/ადაფტერი";36;pending;A
JT10;Hebikuo Cello Stopper plastic ჩელოს ფიქსატორი/სტოპერი;35;pending;A
JA-A35;Hebikuo JA-A35 Guitar Stand გიტარის სადგამი;35;pending;A
JT10P;Hebikuo Cello Stopper plastic  JT10P ჩელოს ფიქსატორი/სტოპერი;35;pending;A
665895007215;kirlin XLR Adapter X-3123 კონექტორი/ადაფტერი;35;pending;A
665895717275;Kirlin BK CS-6 CT-3 24AWG AP-249PR 2M  კაბელი;35;pending;A
665895742116;Kirlin BK CS CT-3 LGA-569L 6M პაჩ კაბელი;35;pending;A
MN145;MusicNomad MN145 Premium String Care Kit (ნაკრები) გიტარის ს;34;pending;A
MN703;MusicNomad Valve Oil USA ზეთი საწმენდი;34;pending;A
GA-V50;Smiger violin string  ვიოლინოს სიმები;34;pending;A
665895125957;Kirlin 3M IP-242BC ინსტრუმენტის კაბელი;33;pending;A
Rcontrol;Smartdjlite Remote control  ბოლის/ნისლის აპარატის პულტი;33;pending;A
p3-306;Kaisheng AUX to 2xJack Cable, p3-306, red 3m-კაბელი;33;pending;A
649687901219;Rogue P12 Bulk  012 Plain Steel  ელექტრო გიტარის სიმები;33;pending;A
665895717282;Kirlin BK CS-6 CT-3 24AWG AP-249PR 3M პაჩ კაბელი;33;pending;A
665895002159;Kirlin RCA PLUG CV-4051 კონექტორი/ადაფტერი;33;pending;A
1515BG;Hebikuo Guitar Bag გიტარის ჩანთა / შალითა;33;pending;A
MN101;MusicNomad MN101 Guitar Polish USA 120ml გიტარის საწმენდი სი;32;pending;A
YS-02;BIGSONG YS-02 CAPO გიტარის კაპო;32;pending;A
665895126138;Kirlin CT-3 24AWG GR CS-6 IP-241BC 3M ინსტრუმენტის კაბელი;32;pending;A
665895719279;Kirlin BK CS-6 CT-3 24AWG AP-403PR 2M პაჩ კაბელი;32;pending;A
PM-B10;Practice Drum Pad PM-B10 with stand სავარჯიშო დრამ პადი სადგ;31;pending;A
kk301;Kalimba kk301 17keys with case კალიმბა;31;pending;A
4049521127397;AdamHall Cable K3MMF1500 XLR-m to XLR-f 15 m მიკროფონის კაბე;31;pending;A
NCL-F023WH;Smartdjlite Simple Pin Spot Color White სასცენო განათება თეთ;31;pending;A
J-19A;Hebikuo J-19A Guitar Hook Hanger გიტარის კედელზე საკიდი;31;pending;A
665895002487;kirlin XLR Adapter X-3109 კონექტორი/ადაფტერი;31;pending;A
KLB17-6-2;Kalimba KLB17-6 Electric Version კალიმბა;30;pending;A
MN103;MusicNomad MN103 Guitar ONE USA 120ml გიტარის საწმენდი სითხე;30;pending;A
MN117;MusicNomad MN117 Drum & Cymbal Combo Pack USA (ნაკრები) დასა;30;pending;A
CP-06;Bigsong CP-06 capo გიტარის კაპო;30;pending;A
klt-10b;Smiger klt-10b Guitar Pickup პიეზო;29;pending;A
JT12;Hebikuo Shoulder Rest ვიოლინოს სამხრე;29;pending;A
BA223;Hebikuo BA223 Piano Stool Black პიანინოს სკამი წყვილისთვის;29;pending;A
665895724860;Kirlin MD-561PB 3M BK Entry Midi Cable მიდი კაბელი;29;pending;A
CN020M;EV XLR Microphone Cable 20M მიკროფონის კაბელი;29;pending;A
174734;Millenium Sound Control Ring Set Standard დრამის ხმის დამხშო;29;pending;A
4018097341056;Pyramid A 5 Nylon კლასიკური გიტარის სიმი;29;pending;A
01551;Alesis ASP-2 პიანინოს სუსტეინ პედალი;28;pending;A
G310;Hebikuo G310 Cymbal Stand დრამის თეფშის სადგამი;28;pending;A
G110;Hebikuo G110 Drum Stand დრამის სადგამი;28;pending;A
QA210;Double X Style Piano Stand კლავიშის სადგამი,მაგიდა;28;pending;A
VN4/4;HEBIKUO violin 4/4 ვიოლინო;28;pending;A
PP-C01B1-2-10 , 72*3*10;Acoustic guitar OX bone Saddle აკუსტიკური გიტარის ქვედა ჯორა;28;pending;A
665895367531;Kirlin BK CS-6 CT-3 24AWG MP-485PR 2M პაჩ კაბელი;28;pending;A
665895742161;Kirlin BK CS CT-3 LGA-509 6M პაჩ კაბელი;28;pending;A
599347;Augustine Regal Blue high tension კლასიკური გიტარის სიმები;28;pending;A
641652016010;Vater Hickory Drum Stick Wood 5B დრამის ჯოხი;27;pending;A
DA130;Hebikuo DA130 Drum Stool დრამერის სკამი;27;pending;A
37026778835499;Dunlop Formula 65 1oz Guitar / Bass / Instrument Polish and ;27;pending;A
665895367630;Kirlin BK CS-6 CT-3 24AWG MP-486PR 2M პაჩ კაბელი;27;pending;A
IB-10M;Ibanez Acoustic Bag აკუსტიკური გიტარის ჩანთა;27;pending;A
431R73;Dunlop Guitar Picks Tortex Triangle .73mm მედიატორი;27;pending;A
E845;Sennheiser E845 Dynamic Microphone დინამიური მიკროფონი;26;pending;A
6943206791317;Mooer GE100 გიტარის პროცესორი;26;pending;A
NCL-M033;Smartdjlite 900w fog machine ( NCL- M033) სასცენო ნისლის აპა;26;pending;A
019954295769;D'Addario EJ10 80/20 Bronze Extra Light Acoustic Guitar Stri;26;pending;A
420617;RockPower Power Supply RP NT 22 EU კვების ბლოკი;25;pending;A
G7010-GR;Hebikuo Practice Drum Pad Green  G7010-GR სავარჯიშო პადი;25;pending;A
665895717299;Kirlin BK CS-6 CT-3 24AWG AP-249PR 6M პაჩ კაბელი;25;pending;A
RVM01;Violin Viola Cello Rosini M01 როსინი (კანიფოლი) ვიოლინოს, ჩე;24;pending;A
MeinlMaracas;Meinl Maracas მარაკასი;24;pending;A
642388318683;Zildjian Travis Barker Artist Series Drum sticks 5A დასარტყა;24;pending;A
968562;Masterwork Microphone stand მიკროფონის სადგამი;24;pending;A
649687900915;Rogue P9 Bulk 009 Plain Steel Electric Guitar Strings ელექტრ;24;pending;A
656295000579;La Bella 820B Black Nylon Flamenco Strings კლასიკური გიტარის;24;pending;A
749699103981;Ernie Ball 2228 Mighty Slinky Nickel Wound Electric Guitar S;24;pending;A
665895740624;Kirlin BK CS-5 CT-3 24AWG LGY-362L 3M პაჩ კაბელი;24;pending;A
665895007697;Kirlin XLR MALE XE-3017BG კონექტორი/ადაფტერი;24;pending;A
MN700;MusicNomad Lacquer Polish for Brass & Woodwind USA (ნაკრები);23;pending;A
MN705;MusicNomad MN705 Premium Tuning Slide Grease USA საცხი ჩასაბ;23;pending;A
pf-g40;Smiger Microphone Stand pf-g40 მიკროფონის სადგამი;23;pending;A
Q250;Hebikuo Q-250 Piano Stand კლავიშის სადგამი,მაგიდა;23;pending;A
MC-C1;Hebikuo Microphone cover მიკროფონის დამცავი;23;pending;A
1ZA2552X0365577358-10;D'Addario EXL120 ელექტრო გიტარის სიმები 9-42;23;pending;A
4018097341032;Pyramid G 3 Nylon კლასიკური გიტარის სიმი;23;pending;A
GD-JA22;Smiger GD-JA22 Guitar Tuner გიტარის ამწყობი მოწყობილობა ტუნე;22;pending;A
502799;Neutrik NC3FXX Female XLR & NC3MXX Male XLR Connectors კონექ;22;pending;A
6971889220015;Mooer GE150 გიტარის პროცესორი;22;pending;A
MN701;MusicNomad Silver Polish for Silver & Silver Plating USA საწ;22;pending;A
MN702;MusicNomad MN702 Bore Oil USA სასულე ინსტრუმენტის საწმენდი ზ;22;pending;A
749699124092;Ernie Ball 2409 Ernesto Palla Nylon Ball End Classical Acous;22;pending;A
4957054222307;Roland Black Series XLR Microphone Cable 6M მიკროფონის კაბელ;22;pending;A
NCL-F671;Smartdjlite big benz light სასცენო განათება;22;pending;A
PP-C02B1-2-10, 80*3*10;Classical Guitar OX bone Saddle კალასიკური გიტარის ქვედა ჯორ;22;pending;A
NCL-M009W;Smartdjlite Fog Machine 1500W (NCL-M009W) ბოლის  აპარატი;21;pending;A
MN100;MusicNomad Guitar Detailer USA 120ml MN100 გიტარის საწმენდი ;21;pending;A
TG-30W;The Smiger TG-30W Electric Guitar Amplifier გამაძლიერებელი/კ;21;pending;A
135709;Sony MDR-7506 professional headphones;21;pending;A
267641;Millenium BS-2222 Pro დინამიკის სადგამი;21;pending;A
G7010-OR;Hebikuo Practice Drum Pad Orange G7010-OR სავარჯიშო პადი;21;pending;A
616022135721;Promark FireGrain Rebound Acorn Tip Drum Sticks  5B Wood დრა;21;pending;A
733132110001;Elixir 80/20 Bronze Acoustic Guitar Strings with POLYWEB Coa;21;pending;A
1ZA2552X0364513909;D'Addario EJ16-12P Phosphor Bronze Light Acoustic Guitar Str;21;pending;A
177007;Millenium Sound Control Ring Set Fusion დრამის ხმის დამხშობი;21;pending;A
BA212-A;Hebikuo BA212-A პიანინოს სკამი;21;pending;A
403077;Fun Generation Speaker Stand დინამიკის სადგამები;20;pending;A
4049521126864;AdamHall Cable K3YWPP0100 3.5 JACK TO 2x6.3 JACK 1m აუდიო კა;20;pending;A
GSC-028;GSC-028 classical guitar string კლასიკური გიტარის ნეილონის ს;20;pending;A
PP-V11;Smiger violin rosin კანიფოლი;20;pending;A
665895181014;Kirlin CT-9 24AWG IPCC-241 3M Light Blue ინსტრუმენტის კაბელი;20;pending;A
665895719330;Kirlin BK CS-6 CT-3 24AWG AP-405PR 3M პაჩ კაბელი;20;pending;A
665895002937;"Kirlin  1/4"" F-2613 კონექტორი/ადაფტერი";20;pending;A
665895003651;"Kirlin 1/4"" MONO M-3.5MM MONO F 2613M კონექტორი/ადაფტერი";20;pending;A
backpack12inchDJ;"Djembe backpack 12"" ჯემბეს ჩანთა";20;pending;A
TB04476;YINYU Portable Violin Hook GS622 ვიოლინოს დამჭერი,საკიდი;20;pending;A
683274040028;Electro-Harmonix NIC10 Nickel Wound Light Electric Guitar St;19;pending;A
6943206792628;Mooer MLP2 (Groove Loop) Drum Machine and Looper Effect Peda;19;pending;A
6943206790914;Mooer MLP1 (Micro Looper) Loop Recording Effect Pedal ეფექტ ;19;pending;A
MN104;MusicNomad MN104 FRINE Fret Polish USA 30ml გიტარის საწმენდი;19;pending;A
749699126263;Ernie Ball 2626 Not Even Slinky Nickel 12-56 Electric Guitar;19;pending;A
4250442802007;Hannabach 800 SLT Yellow Nylon Classic Guitar Strings კლასიკ;19;pending;A
665895724846;Kirlin MD-561PB 1M BK Entry Midi Cable მიდი კაბელი;19;pending;A
733132110025;Elixir 80/20 Bronze Acoustic Guitar Strings With NANOWEB Coa;19;pending;A
PP-T12-1;ფლოიდის ზედა ჩამკეტი Locking Nut PP-T12;19;pending;A
750795015641;Vic Firth 5AB Black American Classic დრამის ჯოხები 5A;19;pending;A
575787;Promark American Hickory Drum Sticks Wood 5A დრამის ჯოხები;19;pending;A
148799;La Bella 900B Elite კლასიკური გიტარის სიმები;19;pending;A
1ZA2552X0365577358-12;D'Addario EXL140 ელექტრო გიტარის სიმები 10-52;19;pending;A
749699105855;Ernie Ball 2007 Earthwood 80/20 Custom Light აკუსტიკური გიტა;19;pending;A
MRC-WD;Maracas 24 Mexico Wood მაკარასი;19;pending;A
PP-C01B-1-10 , 43*6*9;Acoustic Guitar OX bone Nut აკუსტიკური გიტარის ზედა ჯორაკი;19;pending;A
PP-C02B-1-10 , 52*6*9;Classical Guitar OX bone Nut კლასიკური გიტარის ზედა ჯორაკი;19;pending;A
665895742154;Kirlin BK CS CT-3 LGA-509 2M პაჩ კაბელი;19;pending;A
019954167189;D'Addario EXL110-12P Nickel Wound Light Electric Guitar Stri;18;pending;A
MN890;MusicNomad MN890 6 'n 1 Next Level Vinyl Record Cleaning & C;18;pending;A
NCL-M008;Fog Machine (NCL-M008) 1200W ბოლის აპარატი;18;pending;A
EA-V107-BK;MasterWork Egypt Darbuka Aluminum vinnex (EA-V107-BK) ეგვიპტ;18;pending;A
NCL-M011;Smartdjlite 3000W Fog Machine With DMX512 სასცენო ნისლის აპა;18;pending;A
641652014016;Vater Hickory Drum Stick Wood 5A დრამის ჯოხი;18;pending;A
02746;Behringer powerPlay P2 In-Ear Monitoring Signal Processors ყ;18;pending;A
749699120766;Ernie Ball 2076 Paradigm Phosphor Bronze Acoustic Guitar Str;18;pending;A
prismking300;Smartdjlite beam300w prismking სასცენო განათება;18;pending;A
1ZA2552X0362015059;Vic Firth American Classic Terra Series Drum Sticks Extreme ;18;pending;A
L-G2M-BLS;Smiger Stratocaster ელ. გიტარა;18;pending;A
L-G2M-VTB;Smiger Stratocaster ელ. გიტარა;18;pending;A
665895367241;Kirlin BK CS-6 CT-3 24AWG MP-482PR 3M;18;pending;A
665895002951;"Kirlin 3.5MM MONO F-1/4"" MONO F 2611 კონექტორი/ადაფტერი";18;pending;A
104597;Augustine Concert Blue კლასიკური გიტარის სიმები;18;pending;A
790795;Stratocaster Guitar White Knobs for Fender Strat გიტარის ხმი;18;pending;A
GGB-ST-300;Mooer GTRS Bag გიტარის ჩანთა;18;pending;A
749699120063;Ernie Ball 2006 Earthwood 80/20 Acoustic Guitar Strings 10-5;17;pending;A
NCL-A001;Smartdjlite 230w moving head beam light (NCL-A001) სასცენო ბ;17;pending;A
NCL-F026BL;Smartdjlite Simple Pin Spot Color Blue სასცენო განათება ლურჯ;17;pending;A
641652258014;Goodwood Drum Sticks 5B Wood დრამის ჯოხები;17;pending;A
G410;Hebikuo G410 Cymbal Stand დრამის თეფშის სადგამი;17;pending;A
749699103967;Ernie Ball 2216 Skinny Top/Beefy Bottom Nickel Wound Electri;17;pending;A
012562615165;Pro Power Hdj-1000 Stereo Headphone ყურსასმენი;17;pending;A
10-463;YAMAHA AC ADAPTOR PA-150B კვების ბლოკი;17;pending;A
733132121021;Elixir Nanoweb ელ.გიტარის სიმები Medium (11-49);17;pending;A
FD-CAPO;FD-Capo კაპო;17;pending;A
111008;სავარჯიშო პადი 8 ინჩი;17;pending;A
1ZA2552X0365577358-14;D'Addario EXL115 ელექტრო გიტარის სიმები 11-49;17;pending;A
749699105879;Ernie Ball 2145 Earthwood Custom Light აკუსტიკური გიტარის სი;17;pending;A
truss4nglepack2m;Smartdjlite truss სასცენო ფერმა 2m;17;pending;A
665895367449;Kirlin BK CS-6 CT-3 24AWG MP-484PR 3M პაჩ კაბელი;17;pending;A
665895703285;Kirlin BK J CT-6 20AWG LG2-203 0.15M პაჩ კაბელი;17;pending;A
8698546100456;Pitbull SAG Super Light აკუსტიკური გიტარის სიმები 10-47;17;pending;A
686194000578;Rotosound JK9 Jumbo King აკუსტიკური გიტარის სიმები;16;pending;A
NCL-M002;Smartdjlite Snow machine 1500w (NCL-M002) სასცენო თოვლის აპა;16;pending;A
LM230w;Smartdjlite beam lamp R7 230w სასცენო განათების ნათურა;16;pending;A
NCL-D057;Smartdjlite Led uv Par Light (NCL-D057) სასცენო ლედ პარ განა;16;pending;A
470196;t.akustik PA-S80 Pyramid Foam Absorber 60x60x7.5 აკუსტიკური ;16;pending;A
1ZA2552X0366834970-2;Lyons Soprano Recorder ბლოკ ფლეიტა;16;pending;A
M200;M-200 მიკროფონის სადგამი ორი დამჭერით;16;pending;A
665895126664;Kirlin WH CS CT-3 24AWG IP-241FEC 3M ინსტრუმენტის კაბელი;16;pending;A
F610;Fender Acoustic Bag აკუსტიკური გიტარის ჩანთა;16;pending;A
493115;t.akustik WDS-7 GR Diffuser 60x60x7 აკუსტიკური პანელი;16;pending;A
750795000180;Vic Firth Drum Sticks Extreme 5A Wood დრამის ჯოხები;15;pending;A
003388;Pioneer DDJ-FLX4 2-Channel DJ Controller დიჯეი კონტროლერი;15;pending;A
749699122159;Ernie Ball 2215 Skinny Top Heavy Bottom Slinky Nickel Wound ;15;pending;A
02850;Gravity GKSX2T - tilting tier for GKSX Keyboard Stands სტენდ;15;pending;A
QG06-1/4;Hebikuo Violin bow  1/4  ვიოლინოს ხემი;15;pending;A
Q-111T;Hebikuo Q-111T Double Piano Stool პიანინოს ორმაგი სკამი;15;pending;A
J-31B;Hebikuo J-31B Guitar Stand გიტარის სადგამი;15;pending;A
616022131969;Promark Rebound FireGrain  Drum Sticks  5A Wood დრამის ჯოხებ;15;pending;A
019954961138;D'Addario EJ13-3D 80/20 Bronze Custom Light Acoustic Guitar ;15;pending;A
749699112396;Ernie Ball Mega 3213 Slinky Nickel Wound Electric Guitar Str;15;pending;A
CN015M;EV XLR CABLE 15M მიკროფონის კაბელი;15;pending;A
741032;TASCAM TH-200X Studio Headphone;15;pending;A
С 16425-ჩინ-60;Tambourine ტამბურინი;15;pending;A
02670;AdamHall Cable K3TPP0300 - Audio Cable 2 x 6.3 mm Jack mono ;15;pending;A
344497;La Bella 2001 Flamenco Medium კლასიკური გიტარის სიმები;15;pending;A
749699122227;Ernie Ball 2222 Nickel Hybrid Slinky ელექტრო გიტარის სიმები ;15;pending;A
665895126671;Kirlin WH CS CT-3 24AWG IP-241MGC 3M ინსტრუმენტის კაბელი;15;pending;A
665895007666;"Kirlin  1/4"" MONO PLUG CX-2306PX კონექტორი/ადაფტერი";15;pending;A
B610;Fender Bass Bag ბას-გიტარის ჩანთა;15;pending;A
FD-HACB;Fender Acoustic Bag აკუსტიკური გიტარის ჩანთა;15;pending;A
04444;Acoustic Panel აკუსტიკური პანელი 100x100x7;15;pending;A
9003918701121;Thomastik CR127 კლასიკური გიტარის სიმები;14;pending;A
DH01-BK;Mooer DH01 (Hornet Black) 15 Watt Modeling Guitar Amplifier ;14;pending;A
PG-E11;Smiger PG-E11 Electric Guitar Cotton Bag ელექტრო გიტარის ჩან;14;pending;A
NCL-A050;Smartdjlite 36x10w zoom wash (NCL-A050) სასცენო განათება, ვო;14;pending;A
NCL-F025G;Smartdjlite Simple Pin Spot Color Green სასცენო განათება მწვ;14;pending;A
4049521127120;AdamHall Cable K3MMF0100 XLR-m to XLR-f 1 m მიკროფონის კაბელ;14;pending;A
PD-14;Hebikuo Lamp for Music Stand PD-14 ნოტების სადგამზე, პიუპიტრ;14;pending;A
4049172131279;Harley Benton Cello Strings 4/4 ჩელოს სიმები;14;pending;A
019954951399;DAddario EXL116 Nickel Wound Medium TopHeavy Bottom ელექტრო ;14;pending;A
698502500656;Savarez 520R Nylon Classic Guitar Strings კლასიკური გიტარის ;14;pending;A
DA140;Hebikuo DA140 Drum Stool დრამერის სკამი;14;pending;A
J-40H;Hebikuo J-40H Violin Stand ვიოლინოს სადგამი;14;pending;A
4047371588979;The Sssnake XLR Male - XLR female microphone cable 6m SM6YE ;14;pending;A
PCMC;Smartdjlite ქაღალდის კონფეტი ფერადი;14;pending;A
A-20BK;PIANO BENCH A-20 პიანისტის სკამი;14;pending;A
4049521436154;AdamHall Cable K3YWMM0100 2XLR-m to 3.5 jack 1m კაბელი;14;pending;A
415548;t.akustik SA-P80 100x50x8 აკუსტიკური პანელი;14;pending;A
733132165469;Elixir Nanoweb Medium 13-56 Phosphor 3P აკუსტიკური გიტარის ს;14;pending;A
MRC12;Maracas მაკარასი;14;pending;A
665895126756;Kirlin CS WH CT-3 24AWG IP-241 OTC 3M ინსტრუმენტის კაბელი;14;pending;A
665895181106;Kirlin CT-9 24AWG LE RS IPCC-241 3M ინსტრუმენტის კაბელი;14;pending;A
102750;Behringer MS2050-L Microphone Stand მიკროფონის სადგამი;13;pending;A
NCL-F024RD;Smartdjlite Simple Pin Spot Color Red სასცენო განათება წითელ;13;pending;A
SG02SMC-40;Aiersi Solid Spruce Top Acoustic Guitar აკუსტიკური გიტარა;13;pending;A
019954122126;D'Addario EJ11-3D 80/20 Bronze Light Acoustic Guitar Strings;13;pending;A
019954934200;D'Addario EJ26-3D Custom Light Acoustic Guitar Strings 11/52;13;pending;A
019954151256;D'Addario EXL-170-5 Nickel Wound Bass Guitar Strings ბას გიტ;13;pending;A
SU204;Aiersi SU-204 java ebony ukulele უკულელე;13;pending;A
02579;M-Audio SP-2 - პიანინოს სუსტეინ პედალი;13;pending;A
235236-4;Vater 5B Classics Wood 5B დრამის ჯოხები;13;pending;A
304849;Millenium BS-2211B MKII  დინამიკის სადგამი;13;pending;A
665895181168;Kirlin AT RS CT-9 24AWG IPCC-241 3M Orange ინსტრუმენტის კაბე;13;pending;A
665895002999;"Kirlin 3.5MM MONO M-1/4"" MONO F 2620 კონექტორი/ადაფტერი";13;pending;A
995884;Hohner Performance Series PentaHarp ჰარმონიკა;13;pending;A
MOSC0039;Focusrite Scarlett Solo Studio (4th Gen) Recording Bundle ჩა;12;pending;A
750795000272;Vic Firth 5B Drum Sticks ჯოხები დასარტყამი;12;pending;A
046716532503;Rico Alto Saxophone Reeds, size 2.0 საქასაფონის ტროსტი;12;pending;A
186560;Guitar Glass Slide, Finger Slider გიტარის სლაიდი;12;pending;A
Rosini-tr;Violin Rosini Gold ხემის საპოხი, კანიფოლი (ყვითელი);12;pending;A
PG-A50-41;Guitar Bag - გიტარის ჩანთა;12;pending;A
4049521127533;AdamHall Cable K3YWCC0300 3.5 JACK TO 2xRCA 3m კაბელი;12;pending;A
763698;Imza Keyboard stand კლავიშის სადგამი,მაგიდა;12;pending;A
NCL-A071;Smartdjlite 19x10w rgbw Zoom Wash Moving Head (NCL-A071) მოტ;12;pending;A
QG06-2/4;Hebikuo Violin bow  2/4 ვიოლინოს ხემი;12;pending;A
J-32;Hebikuo J-32 Double Guitar Stand გიტარის ორ-ადგილიანი სადგამ;12;pending;A
665895002463;kirlin XLR Adapter X-3101 კონექტორი/ადაფტერი;12;pending;A
649687901615;Rogue P16 Bulk 016 Plain Steel Electric Guitar Strings ელექტ;12;pending;A
trusstriangle2m;Smartdjlite Truss Triangle 2m სასცენო განათების ფერმა 2მ;12;pending;A
PCG;Smartdjlite ქაღალდის კონფეტი ოქროსფერი;12;pending;A
PCS;Smartdjlite ქაღალდის კონფეტი ვერცხლისფერი;12;pending;A
750795053810;Vic Firth American Classic® 5ATN Terra Series Drumsticks, Ny;12;pending;A
BarChimesmix;Pearl Bar Chimes mix წვიმა;12;pending;A
649687902216;Rogue B22 Bulk 12 Pack 022 Phosphor Bronze აკუსტიკური გიტარი;12;pending;A
NCL-A610R;Smartdjlite beam295w with ring სასცენო განათება;12;pending;A
733132160563;Elixir 16056 Light Nanoweb Phosphor Bronze აკუსტიკრური გიტარ;12;pending;A
1ZA2552X0361932748-7;Dunlop Nickel-Plated Steel Electric Guitar Strings -Medium  ;12;pending;A
VH7AW;Vater MANHATTAN 7AWOOD TIP  დრამის ჯოხები;12;pending;A
VHFW;Vater FUSION WOOD TIP  დრამის ჯოხები;12;pending;A
VHSW;Vater STUDIO WOOD TIP დრამის ჯოხები;12;pending;A
VHNOJW;Vater NEW ORLEANS JAZZ WOOD  დრამის ჯოხები;12;pending;A
VHJZRW;Vater JAZZ RIDE WOOD დრამის ჯოხები;12;pending;A
VHSD9W;Vater SD9 WOOD დრამის ჯოხები;12;pending;A
VHRECW;Vater RECORDING  WOOD დრამის ჯოხები;12;pending;A
GW7AW;Vater goodwood 7A wood დრამის ჯოხები;12;pending;A
19954970420;D'Addario EXL125-10P Super Light TopRegular Bottom Electric ;12;pending;A
665895367265;Kirlin BK CS-6 CT-3 24AWG MP-482PR 6M;12;pending;A
SC01SL;Aiersi SC01SL 39 inch Classical Guitar კლასიკური გიტარა;11;pending;A
MN107;MusicNomad MN107 Amp & Case Cleaner USA კომბის / ტყავის საწმ;11;pending;A
MN150;MusicNomad The Guitar ONE - Tech Size USA გიტარის საწმენდი ს;11;pending;A
MN132;MusicNomad MN132 Premium Piano Care Kit USA 360ml (ნაკრები)პ;11;pending;A
GA-B30-5;GA-B30-5 Bass Guitar Strings ბას გიტარის სიმები;11;pending;A
4049521126857;AdamHall Cable K3YWCC0100 3.5 JACK TO 2xRCA 1m კაბელი;11;pending;A
QG06-3/4;Hebikuo Violin bow  3/4 ვიოლინოს ხემი;11;pending;A
PD15;Hebikuo Lamp Of Music Stand პიუპიტრის განათება სამაგრით;11;pending;A
698502503459;Savarez 540CR New Cristal Classic strings კლასიკური გიტარის ;11;pending;A
616022105298;Promark Classic Forward Hickory 5A დრამის ჯოხები;11;pending;A
GP-C50GY;Grape GP-C50-GY კალასიკური გიტარა;11;pending;A
VRS-22;Valencia VRS-22 Rosin, Rectangular კანიფოლი;11;pending;A
686194002268;Rotosound Black n Silver Strings CL4 კლასიკური გიტარის სიმებ;11;pending;A
VHNSW;Vater NIGHTSTICK  WOOD TIP დრამის ჯოხები;11;pending;A
111010;სავარჯიშო პადი 10 ინჩი;11;pending;A
EC-330;Grape Thin body Classical guitar კლასიკური გიტარა;11;pending;A
UCT1215-GR;Byla Tongue drum Green 12inch 15 notes with case თონგ დრამი;10;pending;A
O12W-SG;Ocarina SG Tuning,12 Holes, Glossy კერამიკის ოკარინა;10;pending;A
02622;Behringer SM5002 PAIR - Studio Monitro Stands სტუდიური მონიტ;10;pending;A
DH06-BK;Mooer DH06 (Hornet 30 Black) 30W  გიტარის კომბი;10;pending;A
749699120216;Ernie Ball Paradigm 2021 Regular Slinky 10-46 Guitar Strings;10;pending;A
02747;Behringer PK115A Portable Speaker აქტიური დინამიკი;10;pending;A
042406186858;Shure SV200 Vocal Microphone ვოკალის მიკროფონი;10;pending;A
539901;Gator Frameworks Microphone Boom Stand მიკროფონის სადგამი;10;pending;A
656295000562;La Bella 820 Red Nylon Flamenco Strings კლასიკური გიტარის სი;10;pending;A
CA02-3/4;Hebikuo Violin Case 3/4 ვიოლინოს ჩანთა;10;pending;A
CA02-1/2;Hebikuo Violin Case 1/2 ვიოლინოს მყარი ჩანთა;10;pending;A
Z-80;Hebikuo Z-80 Double Piano Stand ორმაგი კლავიშებიანის სადგამი;10;pending;A
J-46;Hebikuo J-46 Guitar Pedal გიტარისტის ფეხის სადგამი;10;pending;A
02222;Bass Traps კუთხის აკუსტიკური პანელი 30x100 cm;10;pending;A
209314;La Mancha Granito 32  Classical Guitar კლასიკური გიტარა;10;pending;A
665895129566;Kirlin IP-181BEG /GA Microphone Cable ინსტრუმენტის კაბელი ჯე;10;pending;A
00591;Gravity GSP3332B - Adjustable Speaker Pole საბის ბოძი რეგული;10;pending;A
GKSX2RD;Gravity GKSX2RD - Set with keyboard stand X-Form double and ;10;pending;A
4049521401404;AdamHall Cable K3TMC0100 2XLR-M to 2RCA 1m აუდიო კაბელი;10;pending;A
749699101505;ERNIE BALL 2217  ZIPPY SLINKY 7-36 ELECTRIC GUITAR STRINGS ე;10;pending;A
761294222294;BOSS BIC-25A Instrument Cable   25FT /7.5m კაბელი;10;pending;A
03439;AdamHall Cable K3YWMM0300 2XLR-m to 3.5 jack 3m;10;pending;A
339115;Thomann Reed C- Melody Sax 2.5  ტროსტი;10;pending;A
320824;Millenium BS-2010 დინამიკის სადგამი;10;pending;A
388688;Höfner HSS-Set Standard კლასიკური გიტარის სიმები;10;pending;A
VHS2W;Vater STUDIO 2WOOD  დრამის ჯოხები;10;pending;A
VHSEW;Vater SESSION WOOD TIP დრამის ჯოხები;10;pending;A
VHSRW;Vater Sweet Ride wood VHSRW DrumSticks ჯოხები დასარტყამი;10;pending;A
VHELW;Vater EXCEL WOOD TIP დრამის ჯოხები;10;pending;A
VHP5AW;Vater POWER 5A WOOD TIP დრამის ჯოხები;10;pending;A
VCP;Vater cymbal polish დასარტყამი ინსტრუმენტის საწმენდი სითხე;10;pending;A
353066;Neutrik NC3FXX Female XLR & NC3MXX Male XLR Connectors კონექ;10;pending;A
19954295813;D'Addario EXL120+-3D ელექტრო გიტარის სიმები 9.5-44;10;pending;A
749699105848;Ernie Ball 2005 Earthwood 80/20 Custom Medium აკუსტიკური გიტ;10;pending;A
190165;GEWA Y-Cable Basic Line 3M 3,5 JACK ST/ 2X RCA აუდიო კაბელი ;10;pending;A
PF-C22;Upright Double Guitar Stand გიტარის სადგამი;10;pending;A
PP-FA-60S;Guitar Sponge Leg Ballance Support გიტარის ფეხის სადგამი,საყ;10;pending;A
313198;Hughes & Kettner Redbox 5, DI box დიაი ბოქსი;10;pending;A
665895126688;Kirlin WH CS CT-3 24AWG IP-241CYC 3M ინსტრუმენტის კაბელი;10;pending;A
665895728714;Kirlin BK CS-6 CT-3 26AWG DMX-633 1M აუდიო კაბელი;10;pending;A
665895007734;Kirlin 3.5MM MONO F-2600 კონექტორი/ადაფტერი;10;pending;A
backpack10inchDJ;"Djembe Backpack 10"" ჯემბეს ჩანთა";10;pending;A
195188;Savarez 520F კლასიკური გიტარის სიმები;10;pending;A
219246;Savarez 540CJ New Cristal Classic კლასიკური გიტარის სიმები;10;pending;A
406948;Savarez 510MJ Cantiga კლასიკური გიტარის სიმები;10;pending;A
656295000616;La Bella 1S Sweetone კლასიკური გიტარის სიმები;10;pending;A
575172;Dunlop Fingerboard Cleaner -118 ml საწმენდი სითხე;10;pending;A
8698546100043;Pitbull VEG Light ელექტრო გიტარის სიმები 10-46;10;pending;A
8698546100586;Pitbull VEG 7-String ელექტრო გიტარის სიმები 10-60;10;pending;A
8684325360197;Pitbull CAG Extra Light აკუსტიკური გიტარის სიმები 11-52;10;pending;A
8684325360005;Pitbull MEG Super LightMutant ელექტრო გიტარის სიმები 09-42;10;pending;A
8684325360111;Pitbull MAG Light Mutant Series აკუსტიკური გიტარის სიმები 12;10;pending;A
8684325360135-1;Pitbull CAR Hard Tension Carbon კლასიკური გიტარის სიმები;10;pending;A
TB04626;Megaphone მეგაფონი;10;pending;A
000990;AKG WMS40 Mini Voc-Set ISM1 უკაბელო მიკროფონის სისტემა;10;pending;A
CC546792171DE-1;Yamaha LP-1 WH Keyboard Pedal ციფრული კლავიშის პედალი;9;pending;A
UCT1215-RD;Byla Tongue drum Red 12inch 15 notes with case თონგ დრამი;9;pending;A
377296;Microphone Replacement Cartridge Fits for shure wired / Wire;9;pending;A
698502500595;Savarez 520J Super High Tension Classic  კლასიკური გიტარის ნ;9;pending;A
757242144633;"Remo Ambassador Coated Snare Drumhead 14"" დრამის პლასტიკი";9;pending;A
649687901318;Rogue P13 Bulk 013 Plain Steel Electric Guitar Strings ელექტ;9;pending;A
MB15CM-GOLD;Smartdjlite mirror Disco ball 15cm Gold დისკო ბურთი;9;pending;A
MB20CM-GOLD;Smartdjlite mirror Disco ball 20cm GOLD დისკო ბურთი;9;pending;A
449544;On-Stage KSA7100 კლავიშის,DJ აპარატურის დაფა;9;pending;A
6943206792277;Mooer GE200 Amp Modeling & Multi Effects - გიტარის პროცესორი;9;pending;A
MN125;MusicNomad MN125 F-ONE Unfinished Fretboard Kit (ნაკრები) გი;9;pending;A
CGM-10BK;Smiger CGM-10BK Classical GUITAR კლასიკური გიტარა;9;pending;A
LG07-EQ;Smiger LG-07-EQ (LG07) Electric Acoustic Guitar ელექტრო აკუს;9;pending;A
279609;Marching Drum Sticks Mallet მარშის დრამის ჯოხი;9;pending;A
NCL-M015;Smartdjlite bubble machine (NCL-M015) სასცენო ბუშტების აპარა;9;pending;A
MB15CM GOLD;Smartdjlite mirror Disco ball 15cm დისკო ბურთი;9;pending;A
MB20CM GOLD;Smartdjlite mirror Disco ball 20cm დისკო ბურთი;9;pending;A
885978496969;Fender Blues Deluxe Harmonica, Key of C ტუჩის გარმონი, ჰარმო;9;pending;A
GP-C40BK;Grape  GP-C40BK 39 classical guitar   კალასიკური გიტარა;9;pending;A
4049521401305;AdamHall Cable K3BWW0600 3.5 mm Stereo Jack to 3.5 mm Stereo;9;pending;A
4049521401299;AdamHall Cable K3BWW0300 3.5 mm Stereo Jack to 3.5 mm Stereo;9;pending;A
CA02-1/4;Hebikuo Violin Case 1/4 ვიოლინოს მყარი ჩანთა;9;pending;A
CA05-4/4;Hebikuo Violin Case 4/4 ვიოლინოს მყარი ჩანთა;9;pending;A
ZSJ-89;Hebikuo ZSJ-89 Stand for 9 Guitars გიტარის სადგამი 9 ადგილია;9;pending;A
PF-T3;Hebikuo T3 Pop filter პოპ ფილტრი;9;pending;A
GS-2538;Hebikuo Guitar strap გიტარის ქამარი;9;pending;A
133136;Millenium MS 2003 Microphone Stand მიკროფონის სადგამი;9;pending;A
4047371588801;The Sssnake XLR Male - XLR female microphone cable 10m SM10Y;9;pending;A
665895007543;kirlin XLR Adapter X-3124 კონექტორი/ადაფტერი;9;pending;A
042406071833;Shure Sm58SE microphone ON/OF Switch დინამიური მიკროფონი;9;pending;A
177183;Thomann Drum Tuning Key;9;pending;A
698502500083;Savarez 500CR String Set კლასიკური გიტარის ნეილონის სიმები;9;pending;A
698502503473;Savarez 540CRJ New Christal Classic კლასიკური გიტარის ნეილონ;9;pending;A
616022136100;Promark Rebound ActiveGrip  5A Wood Black დრამის ჯოხი;9;pending;A
750795053834;Vic Firth 5BTN American Classic 5B Terra Series Drum Sticks ;9;pending;A
DI100;Behringer DI100 DI Boxes სიგნალის გამაძლიერებელი;9;pending;A
GI100;Behringer GI100 DI Boxes სიგნალის გამაძლიერებელი;9;pending;A
EarT2;EVP Eart T2 Personal Monitor Wireless system ყურის უკაბელო მ;9;pending;A
174720;Harley Benton blues harmonica - C major, 10 holes and 20 ton;9;pending;A
MU-92;Aloha ukulele MU-92 უკულელე;9;pending;A
MU-30M;Aloha ukulele MU-30M უკულელე;9;pending;A
MU-65;Aloha Ukulele MU-65 უკულელე;9;pending;A
339114;Thomann Reed C- Melody Sax 2.0  ტროსტი;9;pending;A
477386;"Remo Encore 10"" Pinstripe  დრამის პლასტიკი";9;pending;A
GKL-50;Smiger Guitarlele GKL50 გიტალელე;9;pending;A
278161;Millenium MS 2007 Red მიკროფონის სადგამი;9;pending;A
474319;Savarez 510CRP New Cristal Cantiga Set კლასიკური გიტარის სიმ;9;pending;A
586485;La Bella Tony Iommi C# Tuning ელ.გიტარის სიმები;9;pending;A
4250442804001;Hannabach 815LT Green კლასიკური გიტარის სიმები;9;pending;A
893755;AKG P420 Project Studio კონდენსატორული მიკროფონი;9;pending;A
201781;Augustine Classic Red Regal კლასიკური გიტარის სიმები;9;pending;A
197581;La Bella 2001 Flamenco Hard კლასიკური გიტარის სიმები;9;pending;A
201788;Augustine Classic Black Imperial კლასიკური გიტარის სიმები;9;pending;A
462533;Knobloch Strings Actives Kinder 300AKI კლასიკური გიტარის სიმ;9;pending;A
VHFAW;Vater FUSION ACORN WOOD TIP  დრამის ჯოხები;9;pending;A
83577055936244;"JBL-EON718S-EK 18"" აქტიური დაბალი სიხშირის საბვუფერი";9;pending;A
251195;pro snake 17880 მიკროფონის კაბელი 10m;9;pending;A
148088;pro snake 17900 მიკროფონის კაბელი 15m;9;pending;A
561702;Rotosound Tru Bronze TB10 აკუსტიკური გიტარის სიმები 10-50;9;pending;A
128496;Thomann SK038 XLR male Angled კონექტორი;9;pending;A
128494;Thomann SK037 XLR Female Angled კონექტორი;9;pending;A
665895002807;"Kirlin 1/4"" MONO F-2606 კონექტორი/ადაფტერი";9;pending;A
CX32BAS;Xylophone 32 Keys CX32BAS ქსილოფონი;9;pending;A
632694;Savarez 510CRJP Cristal Cantiga Premium კლასიკური გიტარის სი;9;pending;A
E610;Fender Electric Guitar Bag ელ. გიტარის ჩანთა;9;pending;A
019954122133;D'Addario EJ12 80/20 აკუსტიკური გიტარის სიმები 13-56;9;pending;A
8698546100463;Pitbull SAG Extra Light აკუსტიკური გიტარის სიმები 11-52;9;pending;A
8698546100487;Pitbull SEG Light ელექტრო გიტარის სიმები 10-46;9;pending;A
8698546100210;Pitbull GEG MTHB ელექტრო გიტარის სიმები 11-52;9;pending;A
8698546100579;Pitbull VEG 7-String ელექტრო გიტარის სიმები 09-56;9;pending;A
8698546100852;Pitbull CCG Hard Tension კლასიკური გიტარის სიმები;9;pending;A
8698546100241;Pitbull GEB 4 Super Light ბას-გიტარის სიმები 40-95;9;pending;A
8698546100258;Pitbull GEB 4 Light ბას-გიტარის სიმები 45-100;9;pending;A
8684325360029;Pitbull MEG Mutant Series ელექტრო გიტარის სიმები 10-52;9;pending;A
8684325360104;Pitbull MAG Extra Light Mutant Series აკუსტიკური გიტარის სიმ;9;pending;A
8684325360081;Pitbull MCG HT Mutant Series კლასიკური გიტარის სიმები;9;pending;A
8698546100999;Pitbull String Winder  გიტარის სიმების მომჭერი;9;pending;A
8684325360371;Pitbull Strap Lock Blocks ქამრის ჩამკეტი;9;pending;A
O12B-SC;Ocarina SC tuning, 12 holes, matte კერამიკის ოკარინა O12B-SC;8;pending;A
CC548481279DE-2;Roadworx Keyboard Stand 3 SP კლავიშის სადგამი;8;pending;A
LCT1213-GR;Byla Tongue drum Light green 12inch 13 notes with case თონგ ;8;pending;A
KLB17-3k-173;Kalimba KLB17-3 კალიმბა;8;pending;A
O12W-AC;Ocarina AC tuning,12 holes,glossy， კერამიკის ოკარინა O12W-AC;8;pending;A
MB40;Smartdjlite Mirror Disco Ball 40cm დისკო ბურთი;8;pending;A
F310CS3142;Yamaha F310 CS აკუსტიკური გიტარა;8;pending;A
1ZA2552X0343033413-3;DR Strings 10-46 Medium TITE-FIT Nickel Plated Electric Guit;8;pending;A
NCL-S203;Smartdjlite Strobe RGB1000 NCL-S203 სტრობი, სასცენო განათება;8;pending;A
UCT1215-NB;Byla Tongue drum Durk blue 12inch 15 notes with case თონგ დრ;8;pending;A
180219;Millenium PD-222 Pro Series Duble Pedal პედალი;8;pending;A
DH07-WH;Mooer DH07 (Hornet 30 White) 30W Guitar Combo Amplifier გიტა;8;pending;A
DH02-WH;Mooer DH02 (Hornet White) 15 Watt Modeling Guitar Amplifier ;8;pending;A
6943206792499;Mooer MPS12 (Macro Power S12) 12 ports lsolated Power Supply;8;pending;A
MN124;MusicNomad MN124 FRINE Fret Polishing Kit (ნაკრები) გიტარის ;8;pending;A
GA-B30-4;GA-B30-4 Bass Guitar Strings ბას გიტარის სიმები;8;pending;A
TAD-Mini;Masterwork Turkish Aluminum Darbuka Mini პატარა ზომის დარბუკ;8;pending;A
MB15CM;Smartdjlite mirror ball 15cm დისკო ბურთი;8;pending;A
gobo;Smartdjlite Gobo Black 100w Led Beam სასცენო განათება;8;pending;A
PD-12;Hebikuo Lamp for Music Stand PD-12 ნოტების სადგამზე, პიუპიტრ;8;pending;A
00425;Cameo DJ Fog Fluid 10L (CLFDJ10L) ბოლის აპარატის სითხე;8;pending;A
SC-200;Mooer SC-200 Soft Carry Case for GE200 პროცესორის ჩანთა;8;pending;A
522457;Tongue drum 12 inch,green თონგ დრამი;8;pending;A
NCL-A095;Smartdjlite Bee Eye Moving Head Light Wash NCL-A095 სასცენო ;8;pending;A
733132190027;Elixir 19002 Optiweb Coated Electric Guitar Strings Super Li;8;pending;A
CA05-1/2;Hebikuo Violin Case 1/2 ვიოლინოს მყარი ჩანთა;8;pending;A
CA05-1/4;Hebikuo Violin Case 1/4 ვიოლინოს მყარი ჩანთა;8;pending;A
4047371588962;The Sssnake XLR Male - XLR female microphone cable 6m   SM6B;8;pending;A
4047371588986;The Sssnake XLR Male - XLR female microphone cable 10m SM10R;8;pending;A
500465;Caballero CA-PM  Classical Guitar, კლასიკური გიტარა;8;pending;A
8697755750506;"Istanbul agop IMSXS 14""16""20"" დრამის თეფში (ნაკრები)";8;pending;A
7350059690046;Wincent 5A Hickory Drum Sticks დრამის ჯოხები;8;pending;A
4018097341018;Pyramid E 1 Nylon Classical Guitar Strings კლასიკური გიტარის;8;pending;A
EC3940;Stagg EC3940 classic guitar კლასიკური გიტარა;8;pending;A
590168;Ibanez GRG121DX WNF ელ.გიტარა;8;pending;A
207599;Shelter acoustic guitar აკუსტიკური გიტარა;8;pending;A
330477;Harley Benton Parts Feedback Buster Fire-Wh;8;pending;A
CKMOC;Kalimba  CKMOC კალიმბა;8;pending;A
186943;Audio-Technica AT2020 კონდენსატორული მიკროფონი;8;pending;A
477352;"Remo Encore 10"" Ambassador Coated  დრამის პლასტიკი";8;pending;A
351447;Millenium Speaker Tilt Adapter STA1 დინამიკის სადგამის ადაპტ;8;pending;A
249229;Savarez 510CJ New Cristal Cantiga Set კლასიკური გიტარის სიმე;8;pending;A
VH8AW;Vater 8A WOOD  დრამის ჯოხები;8;pending;A
VHPTRW;Vater PHAT RIDE WOOD TIP  დრამის ჯოხები;8;pending;A
4030;YAMAHA F370 აკუსტიკური გიტარა;8;pending;A
427395;Elixir Polyweb 12100 Medium ელექტრო გიტარის სიმები 11-49;8;pending;A
934910;Behringer SD251-CL ყურის მონიტორი;8;pending;A
934911;Behringer SD251-CL PRO ყურის მონიტორი;8;pending;A
FL-ST;Flute stand ფლეიტის სადგამი;8;pending;A
LX10-B4;Luxars LX10-B4 ბას-გიტარის სიმები 45-105;8;pending;A
665895909021;Kirlin MTB-1601 BK-16 Channel Multi-track 30M მულტიქორი;8;pending;A
665895007345;"Kirlin 3.5MM MONO M-2 1/4"" MONO F 2648 კონექტორი/ადაფტერი";8;pending;A
809870062022;Cordoba Hard Tension Blue კლასიკური გიტარის სიმები;8;pending;A
698502501394;Savarez 540R Alliance კლასიკური გიტარის სიმები;8;pending;A
749699127291;Ernie Ball 2729 Cobalt 7 String ელექტრო გიტარის სიმები 11-58;8;pending;A
019954952167;D'Addario EJ40 Silk & Steel აკუსტიკური გიტარის სიმები 11-47;8;pending;A
8698546100173;Pitbull GAG Light აკუსტიკური გიტარის სიმები 12-53;8;pending;A
8698546100234;Pitbull GCG Hard Tension კლასიკური გიტარის სიმები;8;pending;A
8698546100012;Pitbull VAG Extra Light აკუსტიკური გიტარის სიმები 11-52;8;pending;A
8684325360173;Pitbull CEG MTHB ელექტრო გიტარის სიმები 11-52;8;pending;A
8684325360203;Pitbull CAG Light აკუსტიკური გიტარის სიმები 12-53;8;pending;A
8684325360012;Pitbull MEG Light Mutant Series  ელექტრო გიტარის სიმები 10-4;8;pending;A
8684325360036;Pitbull MEG Mutant Series ელექტრო გიტარის სიმები 11-52;8;pending;A
8684325360098;Pitbull MAG Super Light Mutant Series აკუსტიკური გიტარის სიმ;8;pending;A
8684325360388;Pitbull Fretwrap - Small სიმების დამხშობი;8;pending;A
6943206790822;Mooer MNR1 (Noise Killer) გიტარის ეფექტ/პედალი;7;pending;A
O12B-SG;Ocarina SG tuning,12 holes, matte კერამიკის ოკარინა;7;pending;A
O12Y;Ocarina C tuning, 12 holes yellow კერამიკის ოკარინა;7;pending;A
CELL750-4/4;Hebikuo HC515 Cello 4/4 ჩელო;7;pending;A
749699126232;Ernie Ball 2623 7-String Electric Guitar Strings 9-52 ელექტრ;7;pending;A
CC547926113DE;Thomann KB-15WHP პიანისტის სკამი;7;pending;A
409939;Thomann NT 0910 AC/PSA კვების ბლოკი;7;pending;A
MG15GFX;Marshall MG15GFX Electric Guitar Combo Amplifier გიტარის კომ;7;pending;A
O12W-SF;Ocarina SF tuning,12 holes, glossy კერამიკის ოკარინა;7;pending;A
SAX-TE;Tenor Saxophone ტენორ საქსაფონი;7;pending;A
CC547926201DE-7;Millenium Double Shaker Coarse ორმაგი შეიქერი;7;pending;A
6943206790846;Mooer MTU1 (Baby Tuner) ეფექტ-პედალი;7;pending;A
MN106;MusicNomad TUNE-IT USA გიტარის საწმენდი სითხე;7;pending;A
665895112711;Kirlin IWB-202BFGL Instrument Cable Jack WBW 3M ინსტრუმენტის;7;pending;A
LG09-EQ;Smiger LG-09-EQ ელ. აკუსტიკური გიტარა;7;pending;A
JDF-;Smiger Digital Guitar Pedal JDF გიტარის ეფექტ პედალი;7;pending;A
ST-3x1.4;Stand for lightings 3m x 1.5m სასცენო განათების სადგამი;7;pending;A
03093;Behringer XM8500 Ultravoice Dynamic Microphone ვოკალური, დინ;7;pending;A
4049521126871;Adam Hall Cables K3TPP0100 - Audio Cable 2 x 6.3 mm Jack mon;7;pending;A
656295000272;La Bella 2001 Flamenco Light კლასიკური გიტარის სიმები;7;pending;A
573167;Harley Benton YSYG Strap Orange გიტარის ქამარი;7;pending;A
CEH01;Cello stoper ჩელოს დამჭერი, სადგამი;7;pending;A
733132191024;Elixir Electric Guitar Strings with Optiweb Coating, Medium ;7;pending;A
GS-2525;Hebikuo Guitar strap გიტარის ქამარი;7;pending;A
672485343387;Pig Hog PHM25 25' ft XLR 8mm Tour Grade Mic Cable მიკროფონის;7;pending;A
580635;RCF Art 735-A MK V აქტიური მაღალი სიხშირის დინამიკი;7;pending;A
CELL750-3/4;Hebikuo HC515 Cello 3/4 ჩელო;7;pending;A
698502501790;Savarez 570CR Cristal Soliste guitar String Set კლასიკური გი;7;pending;A
698502503565;Savarez 510CR New Cristal Cantiga კლასიკური გიტარის ნეილონის;7;pending;A
X12NA;Mccartney X-12-NA-EQ 12 String ელ.აკუსტიკური გიტარა;7;pending;A
NA-10VT;Naneki Ukulele NA-10-VT უკულელე;7;pending;A
CKR-00;Kalimba  CKR-00 კალიმბა;7;pending;A
U-CKO00;CG Kalimba  U-CKO00 კალიმბა;7;pending;A
21BKS-C;Kalimba  21BKS-C კალიმბა;7;pending;A
S17C;Kalimba  S17C კალიმბა;7;pending;A
507903;RockPower Power Supply Adapter NT 5 EU  კვების ბლოკი;7;pending;A
934822;M-Audio MTRACKDUOHD PACK - სტუდიის ნაკრები;7;pending;A
500943;Savarez 510CJP Cristal Cantiga Premium კლასიკური გიტარის სიმ;7;pending;A
418683;Knobloch Strings Double Silver Special Nylon300 კლასიკური გი;7;pending;A
CC547925965DE;KRK Rokit RP8 G4 studio monitors სტუდიური მონიტორი;7;pending;A
VHSJW;Vater  SUPER JAZZ  WOOD TIP  დრამის ჯოხები;7;pending;A
656295000302;La Bella 10PH Professional Silver HT კლასიკური გიტარის სიმებ;7;pending;A
757242491041;"Remo Vintage Emperor Drum Head 10"" დრამის პლასტიკი";7;pending;A
02235;AdamHall Cable K3BWW0150 3.5 mm Stereo Jack to 3.5 mm Stereo;7;pending;A
934959;AdamHall Cable K4BVV0300 6.3 Stereo Jack to 6.3 Stereo Jack ;7;pending;A
3169H00020;AKG K72 სტუდიური ყურსასმენი;7;pending;A
3169H00030;AKG K92 სტუდიური ყუსასმენი;7;pending;A
3100H00120;AKG Perception P5S დინამიური მიკროფონი;7;pending;A
TBA326262199857;"Lukmaa Tambourine Wooden with Metal Jingles 8"" ტამბურინი";7;pending;A
8698546100029;Pitbull VAG Light აკუსტიკური გიტარის სიმები 12-53;7;pending;A
8684325360166;Pitbull CEG LTHB ელექტრო გიტარის სიმები 10-52;7;pending;A
8684325360340;Pitbull GEB 4 Custom Light ბას-გიტარის სიმები 45-105;7;pending;A
8684325360135;Pitbull FCG HT Flamenco კლასიკური გიტარის სიმები;7;pending;A
8684325360128-1;Pitbull CAR Normal Tension კლასიკური გიტარის სიმები;7;pending;A
O12W-SC;Ocarina SC tuning, 12 holes, glossy კერამიკის ოკარინა პატარა;6;pending;A
O12B-SF;Ocarina SF tuning,12 holes, matte კერამიკის ოკარინა;6;pending;A
O12NB;Ocarina C tuning, 12 holes navy blue კერამიკის ოკარინა;6;pending;A
CC548481543DE-2;Fun Generation Universal Stand უნივერსალური მაგიდა,სტენდი;6;pending;A
CC547809324DE-3;Millenium Double Shaker Fine ორმაგი შეიქერი;6;pending;A
CM15-BK;Cort CM15R Black Guitar Combo Amplifier გიტარის კომბი, გამაძ;6;pending;A
GP-C40BL;Grape  GP-C40BL classical guitar Blue 39''  კალასიკური გიტარ;6;pending;A
339783;Elixir Polyweb Super Light 9-42 Electric Guitar Strings ელექ;6;pending;A
BKF00-C;Kalimba BKF00-C 17keys with case კალლიმბა;6;pending;A
GA-H11BLS;Smiger Acoustic Guitar (GA-H11BLS) აკუსტიკური გიტარა;6;pending;A
FDF3000EQ;Fender Electric Acoustic Guitar ელ. აკუსტიკური გიტარა;6;pending;A
470999;showtec Mirror Disco ball 10cm დისკო ბურთი 10სმ;6;pending;A
180217;Millenium PD-111 Pro Bass Drum Pedal დრამის პედალი;6;pending;A
6943206791577;Mooer MPS8 (Macro Power S8) 8 Ports Isolated Power Supply კვ;6;pending;A
PE-A63;Guitar Strap PE-A63 Stringed Instruments Strap გიტარის ქამარ;6;pending;A
665895369535;Kirliin BLM-220BEG XLR Microphone Cable 3M მიკროფონი კაბელი ;6;pending;A
885978496976;Fender Blues Deluxe Harmonica G ჰარმონიკა, ტუჩის გარმონი, ჰა;6;pending;A
NCL-B091;Smartdjlite B091 APP Laser Show System ლაზერი;6;pending;A
01350;Behringer U-Phoria UM2 Audio Interface აუდიო ინტერფეისი;6;pending;A
02816;"Behringer DR18SUB-EU 2400W 18"" Active Subwoofer აქტიური დაბა";6;pending;A
QSC WK12;Qsc Active Speaker WK12 მაღალი სიხშირის აქტიური დინამიკი;6;pending;A
01590;"Behringer DR112DSP-EU 1400W 12"" Active Speaker აქტიური მაღალ";6;pending;A
J6374;JET Telecaster JJ-350 BK, HH Electric Guitar ელექტრო გიტარა;6;pending;A
JBL-EON712;"JBL EON 712 1300W 12"" Active Speaker with Bluetooth აქტიური ";6;pending;A
CA02-4/4;Hebikuo Violin Case 4/4 ვიოლინოს მყარი ჩანთა;6;pending;A
CA05-3/4;Hebikuo Violin Case 3/4 ვიოლინოს მყარი ჩანთა;6;pending;A
QG06-4/4;Hebikuo Violin bow  4/4 ვიოლინოს ხემი;6;pending;A
440858;Marshall MG15GR electric guitar combo გიტარის კომბი;6;pending;A
4047371588955;The Sssnake XLR Male - XLR female microphone cable 6m  SM6RD;6;pending;A
239397;Superlux MS-108E microphone stand მიკროფონის სადგამი;6;pending;A
753283100614;Ahead Switch Brush Wired Retractable Brush with Tip (Pair) S;6;pending;A
559432;Jackson El. Guitar ელ. გიტარა;6;pending;A
750795015658;Vic Firth 5BB Black American Classic დრამის ჯოხები 5B;6;pending;A
GP-C40CWA;Grape GP-C40C-WA classical guitar  39''  კალასიკური გიტარა;6;pending;A
GP-C70YN;Smiger GP-C70-YN კლასიკური გიტარა;6;pending;A
NA-10BK;Naneki ukulele NA-10-BK უკულელე;6;pending;A
NA-10RD;Naneki ukulele NA-10-RD უკულელე;6;pending;A
NA-10N;Naneki ukulele NA-10-N (Natural);6;pending;A
511507;Yamaha DGX-670 BK 88-Keys ციფრული პიანინო;6;pending;A
CKM-BR;Kenaz Kalimba  CKM-BR კალიმბა;6;pending;A
1ZA2552X0317232131.38;Promark Rebound Activegrip  5B Wood დრამის ჯოხები;6;pending;A
838252;Warm Audio Microphone Boom Arm მიკროფონის სადგამი;6;pending;A
4033685003642;Warwick Acoustic Bass Strings 4 45-105 ბას-გიტარის სიმები;6;pending;A
249236;Savarez 510AR Alliance Cantiga Strings კლასიკური გიტარის სიმ;6;pending;A
485552;Ortega ATB44NM Guitar Strings კლასიკური გიტარის სიმები;6;pending;A
VH5BW;Vater 5B WOOD TIP  დრამის ჯოხები;6;pending;A
VHUW;Vater UNIVERSAL WOOD TIP დრამის ჯოხები;6;pending;A
VHPHW;Vater POWER HOUSE WOOD TIP დრამის ჯოხები;6;pending;A
VHSHW;Vater SHEDDER WOOD TIP დრამის ჯოხები;6;pending;A
VH1AW;Vater 1AWOOD TIP დრამის ჯოხები;6;pending;A
VHRW;Vater ROCK WOOD TIP დრამის ჯოხები;6;pending;A
VHSWINGW;Vater SWING WOOD TIP  დრამის ჯოხები;6;pending;A
VHT7AW;Vater TRADITIONAL 7A WOOD TIP დრამის ჯოხები;6;pending;A
VHDSK;Vater DSK დრამის ჯოხები;6;pending;A
VHWS;Vater WEST SIDE MODEL დრამის ჯოხები;6;pending;A
VH7AS;Vater 7A STRETCH  დრამის ჯოხები;6;pending;A
VHK5BW;Vater KEG 5B WOOD TIP დრამის ჯოხები;6;pending;A
VHHBW;Vater HEARTBEATER დრამის ჯოხები;6;pending;A
VHAW;Vater ASSAULT დრამის ჯოხები;6;pending;A
VH3ALW;Vater 3A LITE WOOD TIP დრამის ჯოხები;6;pending;A
VSM5AW;Vater SUGAR MAPLE LOS ANGELES 5A WOOD დრამის ჯოხები;6;pending;A
VSMRECW;Vater SUGAR MAPLE RECORDING WOOD დრამის ჯოხები;6;pending;A
VSMSRW;Vater SUGAR MAPLE SWEET RIDE WOOD დრამის ჯოხები;6;pending;A
VSMCW;Vater  SD1 CONCERT GENERAL WOOD TIP დრამის ჯოხები;6;pending;A
VSMSJW;Vater SUGAR MAPLE SUPER JAZZ დრამის ჯოხები;6;pending;A
VSMSD9W;Vater SUGAR MAPLE SD9 WOOD დრამის ჯოხები;6;pending;A
VSMP5BW;Vater SUGAR MAPLE POWER 5B WOOD დრამის ჯოხები;6;pending;A
VSMPTRW;Vater SUGAR MAPLE PHAT RIDE WOOD TIP დრამის ჯოხები;6;pending;A
VSMPIANW;Vater SUGAR MAPLE PIANISSIMO დრამის ჯოხები;6;pending;A
VMCOW;Vater CYMBAL OVAL WOOD TIP დრამის ჯოხები;6;pending;A
VMCBW;Vater CYMBAL BALL WT დრამის ჯოხები;6;pending;A
VHVCW;Vater VINNIE COLAIUTA  SIGNATURE დრამის ჯოხები;6;pending;A
VHPALMER50W;Vater CARL PALMER 50TH ANN MODEL დრამის ჯოხები;6;pending;A
VHCBSW;Vater CINDY BLACKMAN MAGIC WAND დრამის ჯოხები;6;pending;A
VHABECW;Vater  ABE CUNNINGHAM'S COOL BREEZE დრამის ჯოხები;6;pending;A
VHMMWP;Vater MIKE MANGINI WICKED PISTON დრამის ჯოხები;6;pending;A
VMTAW;Vater  TIM ALEXANDER MODEL დრამის ჯოხები;6;pending;A
VHBFMW;Vater BRIAN FRASIER-MOORE  MODEL დრამის ჯოხები;6;pending;A
VHDRW;Vater derek roddy model დრამის ჯოხები;6;pending;A
VHJCW;Vater JIMMY COBB WOOD დრამის ჯოხები;6;pending;A
VHMRAF;Vater morgan rose alien freak დრამის ჯოხები;6;pending;A
VHSCSTD;Vater the stewart copeland standard დრამის ჯოხები;6;pending;A
VHGAJEW;Vater  gajate's sazon დრამის ჯოხები;6;pending;A
VHSMTYW;Vater smitty smith's power fusion დრამის ჯოხები;6;pending;A
VHTDG;Vater tito de gracia model დრამის ჯოხები;6;pending;A
VMCZW;Vater cesar z. blaster maple დრამის ჯოხები;6;pending;A
VMHOLYW;Vater hideo yamaki's holy yearning wood დრამის ჯოხები;6;pending;A
VHT3/8;Vater timbale 3/8 hickory დრამის ჯოხები;6;pending;A
VHT?/16;Vater timbale 7/16 hickory დრამის ჯოხები;6;pending;A
VHC7AW;Vater classics 7A wood tip დრამის ჯოხები;6;pending;A
VHCBBW;Vater classics big band wood tip დრამის ჯოხები;6;pending;A
VSMCBBW;Vater sugar maple classics big band wood დრამის ჯოხები;6;pending;A
VSMC8DJW;Vater sugar maple classics 8D jazz wood დრამის ჯოხები;6;pending;A
VEP5AW;Vater extended play 5A wood დრამის ჯოხები;6;pending;A
VEP5BW;Vater extended play 5B wood დრამის ჯოხები;6;pending;A
VEPP5AW;Vater extended play power 5A დრამის ჯოხები;6;pending;A
VXD5BW;Vater xtreme design 5B wood დრამის ჯოხები;6;pending;A
VHBB500;Vater bebop 500 wood tip დრამის ჯოხები;6;pending;A
VSMBB500;Vater  sugar maple bebop 500 wood დრამის ჯოხები;6;pending;A
VSMBB525;Vater sugar maple bebop 525 wood tip დრამის  ჯოხები;6;pending;A
VSMBB550;Vater sugar maple bebop 550 wood tip დრამის ჯოხები;6;pending;A
VGS5AW;Vater gospel 5A wood დრამის ჯოხები;6;pending;A
VGSFW;Vater  gospel fusion wood დრამის ჯოხები;6;pending;A
VHN1AW;Vater nude series 1A wood tip დრამის ჯოხები;6;pending;A
VHN5AW;Vater nude series los angeles 5A wood tip დრამის ჯოხები;6;pending;A
VHN5BW;Vater nude series 5B wood tip დრამის ჯოხები;6;pending;A
VHNP5BW;Vater nude series power 5B wood tip დრამის ჯოხები;6;pending;A
VHNFW;Vater nude series fusion wood tip დრამის ჯოხები;6;pending;A
VHNUW;Vater nude universal wood დრამის ჯოხები;6;pending;A
VHN7AW;Vater nude series 7A დრამის ჯოხები;6;pending;A
123218;Behringer ECM8000 measurement mic - კონდენსატორული მიკროფონი;6;pending;A
00709;AdamHall Cable K3MFP0600 XLR-F to 6.3 mono Jack 6 m მიკროფონ;6;pending;A
934954;AdamHall Cable K3TMC0600 2XLR-M to 2RCA 6m კაბელი;6;pending;A
4047371531357;the sssnake SPP2015 Stereo jack cable 1.5M სტერეო კაბელი;6;pending;A
749699105862;Ernie Ball 2143 Earthwood Custom Medium აკუსტიკური გიტარის ს;6;pending;A
190060;Gewa Microphonecable Basic 3m Xlr(F) / 6,3 Jack მიკროფონის კ;6;pending;A
ZSJ-87;Hebikuo Stand ZSJ-87 გიტარის სადგამი - 7 ადგილიანი;6;pending;A
10-1661;Yamaha F370 TBS აკუსტიკური გიტარა;6;pending;A
144011;Millenium 5A Maple Drum Sticks დრამის ჯოხი;6;pending;A
8698546100203;Pitbull GEG LTHB ელექტრო გიტარის სიმები 10-52;6;pending;A
8698546100548;Pitbull LEG LTHB Long Life ელექტრო გიტარის სიმები 10-52;6;pending;A
8684325360364;Pitbull Guitar Capo კაპო;6;pending;A
522472;D'Addario Equinox Black გიტარის ტუნერი;6;pending;A
403304;Millenium Quick Table Black უნივერსალური სადგამი, გასაშლელი ;6;pending;A
6943206791737;Mooer DWV1 (Free Step) გიტარის ეფექტ/პედალი;5;pending;A
O12B-AC;Ocarina AC tuning,12 holes, matte კერამიკის ოკარინა;5;pending;A
00924;"Behringer B115D 1000W 15"" Active Speaker აქტიური მაღალი სიხშ";5;pending;A
JBLPRX918XLF;"JBL PRX918XLF 2000W 18"" აქტიური დაბალი სიხშირის დინამიკი";5;pending;A
TA-CM104-GR;Masterwork Turkish Aluminum Darbuka Marble (TA-CM104-GR) დარ;5;pending;A
12494;Focusrite Vocaster One Studio Bundle - პოდკასტის კომპლექტი;5;pending;A
CC541933252DE-1;AKAI Professional Midimix USB MIDI Controller კონტროლერი;5;pending;A
885978522941;Fender Blues Deluxe Harmonica F ჰარმონიკა, ტუჩის გარმონი, ჰა;5;pending;A
209794;Superlux Eco 88 microphone მიკროფონი;5;pending;A
UCT1215PP;Byla Tongue drum Purple 12inch 15 notes with case თონგ დრამი;5;pending;A
0616022105311;Promark Classic Forward Hickory Drum Sticks 5B დრამის ჯოხები;5;pending;A
00972;"Behringer B215D 550W 15"" Active Speaker აქტიური მაღალი სიხში";5;pending;A
GCA5WH;Mooer GCA5 (Cable Amplifier White) გიტარის კომბი;5;pending;A
EC-309N;Grape  EC-309-N Classical Guitar კალასიკური გიტარა;5;pending;A
749699126218;Ernie Ball 2621 7-String Electric Guitar Strings 10/56 ელექტ;5;pending;A
885978496990;Fender Blues Deluxe Harmonica A ჰარმონიკა, ტუჩის გარმონი, ჰა;5;pending;A
737681000943;GHS GBL-10-46 Boomers Light Roundwound Electric Guitar Strin;5;pending;A
CC547925342DE;Thomann KB-15MPM piano bench პიანისტის სკამი;5;pending;A
KK201;Kenaz Kalimba KK201 17keys with case კალიმბა;5;pending;A
CC545921997DE-5;Gewa Basix Keyboard Stand Extension (For EQS-10B Stand) სადგ;5;pending;A
235247-299120087;Ernie Ball 2008 Earthwood 80/20 Bronze Rock and Blues Acoust;5;pending;A
MX400;Behringer MX400-EU 4-channel Analog Mixer ანალოგური მიქსერი;5;pending;A
MG15G;Marshall MG15G Electric Guitar Combo Amplifier გიტარის კომბი;5;pending;A
GE25000000001;Mooer GE250 გიტარის პროცესორი;5;pending;A
LG05;Smiger LG-05 (LG05) Acoustic Guitar აკუსტიკური გიტარა;5;pending;A
GE-MBS-50;Smiger G-MBS-50 Acoustic Bass Guitar აკუსტიკური ბას გიტარა;5;pending;A
310725;Thomann KB-15WHM Piano Bench პიანისტის სკამი;5;pending;A
735227;Rode Wireless ME Clip-on Wireless Microphone System უკაბელო ;5;pending;A
02597;Alesis V61 MKII Midi Keyboard Controller მიდი კონტროლერი;5;pending;A
02462;Alesis Harmony 32 synthesizer სინთეზატორი;5;pending;A
NCL-D700;Smartdjlite Disci Haze 900w Machine (NCL-D700) ბოლის აპარატი;5;pending;A
NCL-A052;Smartdjlite Mini Wash 7pcs 10w 4in1 Led Moving Head (NCL-A05;5;pending;A
01054;AdamHall Stand SLT003 Laptop ლეპტოპის სადგამი;5;pending;A
SU024TC;Aiersi Ukulele SU024TC უკულელე;5;pending;A
ULM300;Behringer ULM300MIC Ultralink Wireless system Microphone უკა;5;pending;A
95774447935308;"Tongue Drum 6"" (ლურჯი & წითელი) - თონგ დრამი";5;pending;A
03290;ALESIS NITROMAX KIT 8-PC ელექტრო დრამი;5;pending;A
J6410;JET JJ-350 GR R, HH Electric Guitar ელექტრო გიტარა;5;pending;A
656295000500;La Bella 900 Elite Gold Nylon Classic Strings კლასიკური გიტა;5;pending;A
00426;Cameo DJ Fog Fluid 5L (CLFDJ5L) ბოლის აპარატის სითხე;5;pending;A
157096;Thomann V-Style Gigbag გიტარის ჩანთა;5;pending;A
SC01SLBL;Aiersi SC01SLBL 39 inch classical guitar კლასიკური გიტარა;5;pending;A
151425;Baton Rouge X11S/P-CHB Parlor აკუსტიკური გიტარა;5;pending;A
757242498859;Remo Emperor Coated Pack დრამის მემბრანა;5;pending;A
779643;Audio-Technica AT2020PK Wired Podcasting Kit - Mic, Headphon;5;pending;A
163742;Pyramid 023 single string Acoustic Phosphor Bronze, wound გი;5;pending;A
449491;Harley Benton ST-20HSS SBK Standard Series ელექტრო გიტარა;5;pending;A
DBX-234;DBX crossover DBX 234/234XL ქროსოვერი;5;pending;A
505365;Wincent 5B Hickory დრამის ჯოხები;5;pending;A
NCL-M052;Smartdjlite confettiemachine სასცენო კონფეტის, ფერადი ფურცლე;5;pending;A
802834;Behringer SL84C დინამიური მიკროფონი;5;pending;A
03217;AdamHall Cable K3MIDI0075BLU Midi-კაბელი 0.75 m;5;pending;A
CGM-10DBK;Classical Guitar CGM-10-DBK კლასიკური გიტარა;5;pending;A
153137;the sssnake SPP2050 Stereo cable 5M სტერეო ჯეკი;5;pending;A
494098;Harley Benton NeckWrap Small String Stopper/Dampers;5;pending;A
BCL00-C;Kenaz Cats Kalimba  BCL00-C კალიმბა;5;pending;A
BBT00-C;Kalimba  Butterfly BBT00-C კალიმბა;5;pending;A
NCL-M768;Smartdjlite 2head bubble fog machine საპნის ბუშტის აპარატი;5;pending;A
418727;pro snake TPM 10,0 CC მიკროფონის კაბელი;5;pending;A
147856;Vandoren Classic Blue Reed For Alto Sax 2.0  ტროსტი;5;pending;A
147864;Vandoren Classic Blue Reed For Tenor Sax 3.0  ტროსტი;5;pending;A
802929;Bugera BXD15 - 1,000-Watt ბას გიტარის გამაძლირებელი;5;pending;A
019954911676;D'Addario NYXL1149 Medium ელ.გიტარის სიმები;5;pending;A
C21967.82;Telecaster guitar ელ.გიტარა;5;pending;A
GKL-30;Smiger Guitalele GKL30 გიტალელე;5;pending;A
VRS-400;Valencia VRS-400 Rosin, Round კანიფოლი;5;pending;A
00705;AdamHall Stand SLT001E ლეპტოპის სტენდი;5;pending;A
4049521401145;AdamHall Cable K3TCC0300M 2 RCA to 2 RCA - 3m აუდიო კაბელი;5;pending;A
R008523;Boss DS-1 Distortion გიტარის ეფექტ-პედალი;5;pending;A
263140;Warwick 46230 Red Strings Nickel ბას-გიტარის სიმები;5;pending;A
247238;Gator GKC 88 Keyboard Cover კლავიშის გადასაფარებელი;5;pending;A
VH3AW;Vater FATBACK 3A WOOD TIP დრამის ჯოხები;5;pending;A
VH3SW;Vater 52nd ST JAZZ დრამის ჯოხები;5;pending;A
VHHITW;Vater HITMAKER დრამის ჯოხები;5;pending;A
VH55AA;Vater 55AA WOOD TIP დრამის ჯოხები;5;pending;A
VHK5AW;Vater KEG 5A WOOD TIP დრამის ჯოხები;5;pending;A
VH5AAW;Vater 5A ACORN დრამის ჯოხები;5;pending;A
VSM8AW;Vater SUGAR MAPLE 8A WOOD დრამის ჯოხები;5;pending;A
VSMFW;Vater SUGAR MAPLE FUSION WOOD დრამის ჯოხები;5;pending;A
VSM9AW;Vater SUGAR MAPLE 9A WOOD TIP დრამის ჯოხები;5;pending;A
VMCAW;Vater CYMBAL ACORN WT დრამის ჯოხები;5;pending;A
VHPQW;Vater POCKET QUEEN MODEL დრამის ჯოხები;5;pending;A
VHETW;Vater ELISE TROUW MODEL დრამის ჯოხები;5;pending;A
VHJW908;Vater JAY WEINBERG 908 დრამის ჯოხები;5;pending;A
VHJOSHW;Vater josh freese's H-220 დრამის ჯოხები;5;pending;A
VHKARLW;Vater karl perazzo's drumbale დრამის ჯოხები;5;pending;A
VHCCDW;Vater cora coleman-dunham model დრამის ჯოხები;5;pending;A
VHAM595W;Vater anthony michelli 595 დრამის ჯოხები;5;pending;A
VHC8DJW;Vater classics 8D jazz wood tip დრამის ჯოხები;5;pending;A
VSMC5AW;Vater sugar maple classics 5AW  დრამის ჯოხები;5;pending;A
VXD5AW;Vater xtreme design 5A wood დრამის ჯოხები;5;pending;A
VHEB5AW;Vater eternal black los angeles 5A wood დრამის ჯოხები;5;pending;A
VHBB525;Vater bebop 525 wood tip დრამის ჯოხები;5;pending;A
VSMT;Vater Stickmate Tambourine ტამბურინი;5;pending;A
VSMS;Vater  Stickmate Shaker შეიქერი;5;pending;A
GWRW;Vater goodwood rock wood დრამის ჯოხები;5;pending;A
344588;La Bella 2001 Classical Light კლასიკური გიტარის სიმები;5;pending;A
757242491065;"Remo Vintage Emperor Drum Head 13"" დრამის პლასტიკი";5;pending;A
M-4160-EQ;Aiersi Ovation ელ.აკუსტიკური გიტარა;5;pending;A
3063182;Tama  5B-SG Oak Stick Suede-Grip დრამის ჯოხები;5;pending;A
CGM-20DN;Smiger Classical guitar CGM-20DN კლასიკური გიტარა;5;pending;A
VDT-10;Smiger VDT-10 ელექტრო ვიოლინო;5;pending;A
665895106734;Kirlin GRF BX NA 20AWG IMK-202PFGL 10M ინსტრუმენტის კაბელი;5;pending;A
665895367234;Kirlin BK CS-6 CT-3 24AWG MP-482PR 2M;5;pending;A
665895002890;"Kirlin 1/4"" MONO F 2605 კონექტორი/ადაფტერი";5;pending;A
1ZA2552X0329493042 -8;Promark American Hickory Drumsticks Wood TXT747W დრამის ჯოხე;5;pending;A
CSS18-4mix;Seed Shells Hanging bell 18pcs CSS18-4mix შხარუნები,შეიქერი;5;pending;A
CSS17-B;Seed Shells Hanging bell 17pcs CSS17-B შხარუნები,შეიქერი;5;pending;A
CSS14-4mix;Seed Shells hanging bell CSS14-4mix შხარუნები,შეიქერი;5;pending;A
CSS16-W;Seed Shells Hanging Bell 16pcs CSS16-W შხარუნები,შეიქერი;5;pending;A
CSS18-R;Seed Shells Hanging Bell 18pcs CSS18-R შხარუნები,შეიქერი;5;pending;A
CSS5-3mix;Seed Shells Hanging Bell 5pcs CSS5-3mix შხარუნები,შეიქერი;5;pending;A
CSS21-5mix;Seed Shells Hanging Bell 21pcs CSS21-5mix შხარუნები,შეიქერი;5;pending;A
FDF3000EQ-SB;Fender Electric Acoustic Guitar ელ. აკუსტიკური გიტარა;5;pending;A
ZBT-R;Zildjian ZBT Ride დრამის თეფში;5;pending;A
11803;Orange Crush Mini გიტარის გამაძლიერებელი;5;pending;A
13016;Orange Crush 20RT Orianthi გიტარის გამაძლიერებელი;5;pending;A
019954121228;D'Addario EFT15 Phosphor Bronze Extra Light აკუსტიკური გიტარ;5;pending;A
8698546100180;Pitbull GEG Super Light ელექტრო გიტარის სიმები 09-42;5;pending;A
8684325360586;Pitbull Fretwrap - Large სიმების დამხშობი;5;pending;A
555113-1;OriGlam Harmonica Holder ჰარმონიკას დამჭერი;5;pending;A
600781010047;DR Strings Dragon Skin+ ელექტრო გიტარის სიმები 11-50;5;pending;A
GE150PlusLi;Mooer GE150 Plus Li გიტარის პროცესორი;5;pending;A
GE200Plus;Mooer GE200 PLUS გიტარის პროცესორი;5;pending;A
527714;Pro Mark 5A Rebound Hickory Drumstick დრამის ჯოხები;5;pending;A
437799;DAngelico Electrozinc Jazz Light ელექტრო გიტარის სიმები 12-5;5;pending;A
019954962531;D'Addario EXL117 ელ.გიტარის სიმები 11-56;5;pending;A
019954122409;D'Addario EXL130+ Nickel XL ელ.გიტარის სიმები 8.5-39;5;pending;A
019954141318;D'Addario EXL130 Nickel Extra Super Light ელ.გიტარის სიმები ;5;pending;A
019954962548;D'Addario EXL148 Nickel-Wound ელ.გიტარის სიმები 12-60;5;pending;A
019954141325;D'Addario EJ21 XL Nickel Jazz Light ელ.გიტარის სიმები 12-52;5;pending;A
GFDSEAT1;Gravity GFDSEAT1 - Round Musicians Stool;5;pending;A
01362;"ADAM-Audio T7V Nearfield Monitor, 2-way, 7"" woofer სტუდიური ";4;pending;A
6971889221814;Mooer DH30i (Hornet 30i Black) გიტარის კომბი შავი;4;pending;A
JBLPRX915;"JBL PRX 915 2000W 15"" აქტიური მაღალი სიხშირის დინამიკი";4;pending;A
214489;Millenium Laptopstand Tripod Stand ლეპტოპის სადგამი;4;pending;A
524359;DrumCraft Series 4 Single Pedal დრამის პედალი;4;pending;A
CC548212833DE-6;Thomann 12H Ocarina C1 red ოკარინა წითელი;4;pending;A
CC548212833DE-4;Thomann 12H Ocarina C1 purple ოკარინა იასამნისფერი;4;pending;A
749699120230;Ernie Ball Paradigm 2023 Super Slinky Electric Guitar String;4;pending;A
577721;Rode NT1 Signature Black Microphone Set მიკროფონის სეტი;4;pending;A
CKA00-C;Kalimba CKA00-C 17keys with case კალიმბა;4;pending;A
885978522958;Fender Blues Deluxe Harmonica E ჰარმონიკა, ტუჩის გარმონი, ჰა;4;pending;A
CC547424575DE-5;Thomann Sticky Practice Pad სავარჯიშო პადი;4;pending;A
GN-20J;Smiger GN-20J  აკუსტიკური გიტარა;4;pending;A
125400;Audio-Technica ATH-M20x Headphones სტუდიური ყურსასმენი, მონი;4;pending;A
218865;Superlux HD-681 Studio Headphones სტუდიური ყურსასმენი;4;pending;A
410786;Handpan Silver Drum Instrument 22 Inches D Minor 10Notes Ste;4;pending;A
CDAS10N-YN;"Djembe 10"" Mix Color დჯემბე";4;pending;A
750795053841;Vic Firth American Classic Terra Series 7AWood დრამის ჯოხი;4;pending;A
4049521127229;AdamHall Cable K3BMV1000 XLR-M to 6.3 Stereo Jack 10m აუდიო ;4;pending;A
SC01MMCE;Aiersi SC01MMCE Electric-Classical Guitar / ელექტრო-კლასიკურ;4;pending;A
431793;Startone Melody 32 Melodica Red მელოდიკა;4;pending;A
9487;Alhambra Machine Heads No. 2 სიმების მომჭერი;4;pending;A
8000;ALHAMBRA V Z-NATURE CW EZ ელ კლასიკური;4;pending;A
4033685003703;Warwick 46220 EL 4 030/090 EL ბას გიტარის სიმები;4;pending;A
815301001478;Focusrite Scarlett Solo 4th Gen Interface აუდიო ინტერფეისი;4;pending;A
275219;Millenium MD-90 Mobile Drum ციფრული დრამი;4;pending;A
355990;Stairville M-Fog 1500 DMX Fog Machine ბოლის აპარატი;4;pending;A
749699120049;Ernie Ball 2004 Earthwood 80/20 Bronze Light Acoustic Guitar;4;pending;A
749699120025;Ernie Ball 2002 Earthwood 80/20 Bronze Medium Acoustic Guita;4;pending;A
Ibanez Jem white;Jem series el. guitar ელ. გიტარა;4;pending;A
147225;Millenium T51 Drum Brushes დასარტყამი ინსტრუმენტის დრამის ფუ;4;pending;A
MN146;MusicNomad MN146 Premium String Changing Kit (ნაკრები) გიტარ;4;pending;A
SM-411;Smiger SM-411-N Acoustic Guitar აკუსტიკური გიტარა;4;pending;A
R415591;Roland Cube-10gx 10 Watt გიტარის კომბი;4;pending;A
121237;Bass Drum Port Hole Protector Pads Bass Drum Improve Sound Q;4;pending;A
501180;Manuel Rodriguez   AC40-C classic guitar, კლასიკური გიტარა;4;pending;A
437674;"Thomann 22""x3"" Ocean Drum პერკუსია, ტალღების ხმის იმიტაცია";4;pending;A
NCL-B92;Smartdjlite 3W APP Laser RGB (NCL-B92) ლაზერი;4;pending;A
NCL-B002;Smartdjlite 5W APP Laser (NCL-B002) ლაზერი;4;pending;A
1ZG1A0930328137792;"Rockville HP5S-8 5.25"" ფონური დინამიკი, შიდა და გარე გახმოვა";4;pending;A
280718;Drum Mallet GTA40 მარშის დრამის ჯოხები;4;pending;A
03144;Behringer 1202SFX 12-Channel აუდიო მიქსერი;4;pending;A
00927;"Behringer B110D-EU 300W 10"" Active 2-Way Speaker აქტიური მაღ";4;pending;A
02158-3;"M-Audio BX8 D3 8"" Active Studio Monitor აქტიური სტუდიური მონ";4;pending;A
4047371285120;The Sssnake SM6BK XLR Male - XLR female microphone cable 6m ;4;pending;A
02740;"Behringer PK112A-EU 600W 12"" Active Speaker აქტიური მაღალი ს";4;pending;A
SG01MMC;Aiersi SG01MMC 40 inch mahogany acosutic guitar აკუსტიკური გ;4;pending;A
SC-300;Mooer SC-300 Soft Case for GE300 პროცესორის ჩანთა;4;pending;A
554868;Rode NT-USB+ კონდენსატორული მიკროფონი;4;pending;A
042406071826;Shure SM58-LC MICROPHONE დინამიური მიკროფონი;4;pending;A
042406054720;Shure Beta 58A - დინამიური მიკროფონი;4;pending;A
Beta-87;Beta 87 Microphone copy მიკროფონი;4;pending;A
NCL-M023;Smartdjlite Hazer 1200W NCL-M023 ჰეიზერი, ბოლის აპარატი;4;pending;A
GE300000001;Mooer GE300 გიტარის პროცესორი;4;pending;A
J6199;JET Telecaster JT-300 LH SB, SS Electric Guitar ელექტრო გიტა;4;pending;A
J6200;JET Telecaster JT-300 LH BTS, SS Electric Guitar ელექტრო გიტ;4;pending;A
383870;Millenium DT-900 Drum Throne Round დრამერის სკამი;4;pending;A
JBL-EON710;"JBL EON 710 1300W 10"" Active Speaker with Bluetooth აქტიური ";4;pending;A
672485343363;Pig Hog 8mm Mic Cable 10', Straight Audio, XLR 3-Pin 10f მიკ;4;pending;A
1ZA2552X0349270076;iRig Stream Solo Audio Interface for iOS Mac and Android Dev;4;pending;A
QG07-2/4;Hebikuo Cello Bow  2/4 ჩელოს ხემი;4;pending;A
QA60;Hebikuo QA60 Height adding Keyboard Stand კლავიშის ორმაგი სა;4;pending;A
GS-2548;Hebikuo Guitar strap გიტარის ქამარი;4;pending;A
DB-22;Hebikuo ElectricGuitar Bag გიტარის ჩანთა / შალითა;4;pending;A
TB301;Hebikuo TB301 Metronome მეტრონომი;4;pending;A
190366;Thomann Xtreme Style Guitar Gigbag გიტარის ჩანთა;4;pending;A
223639;the t.bone DC 1200 დრამის კომპლექტის გასახმოვანებელი მიკროფო;4;pending;A
504255;Startone Mat Drum ელექტრო დასარტყამი;4;pending;A
000661;"Electro-voice EKX-15P Powered 1500W 15"" Active Speaker აქტიუ";4;pending;A
00909;Behringer XR16-EU 16-channel Digital Mixer ციფრული მიქსერი;4;pending;A
042406071819;Shure SM57 Dynamic Instrument Microphone  მიკროფონი;4;pending;A
665895002081;kirlin Adapter CH-2025PRL კონექტორი/ადაფტერი;4;pending;A
804421;Handpan Drum 22-Inch 10-Notes D minor ჰენდ დრამი;4;pending;A
163745;Pyramid 030 single string Acoustic Phosphor Bronze, wound გი;4;pending;A
485080;Roadworx Multi Pole, distance pole with 35mm  დინამიკის სადგ;4;pending;A
225429;Millenium DTRAB-1118 Drum Stool  დრამის სკამი;4;pending;A
815301001553;Focusrite Scarlett 2i2 Studio 4th Gen Recording Bundle სტუდი;4;pending;A
749699127277;Ernie Ball 2727 Cobalt Beefy Slinky Electric Guitar Strings ;4;pending;A
468626;Harley Benton Rockplug Metal Pocket Headphone Guitar Amplifi;4;pending;A
421680;Harley Benton Rockplug Classic Rock;4;pending;A
142768;Millenium Classic Drum Bag Set Studio DBS-02  დრამის კომპლექ;4;pending;A
03404;Sennheiser e 835-S - DYNAMIC MICROPHONE;4;pending;A
11993;DB Technology Stage Monitor FMX 15 სასცენო მონიტორი;4;pending;A
004351;Pioneer DDJ-FLX2/YXJ DJ Controller დიჯეი კონტროლერი;4;pending;A
BM828;M828 USB Condenser Microphone მიკროფონი;4;pending;A
GP-C70BK;Smiger GP-C70-BK კლასიკური გიტარა;4;pending;A
GP-C40CBLS;Grape GP-C40C-BLS 39'' კალასიკური გიტარა;4;pending;A
NA-10LR;Naneki Ukulele NA-10-LR (Pink) უკულელე;4;pending;A
NA-10YL;Naneki ukulele NA-10-YL უკულელე;4;pending;A
CKM-WT;Kenaz Kalimba  CKM-WT კალიმბა;4;pending;A
LG02;Kenaz Kalimba Bird LG02 კალიმბა;4;pending;A
QB00-C;Kalimba Cubidon QB00-C კალიმბა;4;pending;A
BFM00-C;Byla Kalimba  BFM00-C კალიმბა;4;pending;A
BOC010;Ocarina BOC010 ოკარინა;4;pending;A
BOC012;Ocarina BOC012 ოკარინა;4;pending;A
BOC035;Ocarina BOC035 ოკარინა;4;pending;A
MV7X;Shure MV7X Podcast Mic დინამიური მიკროფონი;4;pending;A
599161;Hannabach 815SLT Silver Special კლასიკური გიტარის სიმები;4;pending;A
378167;Behringer SD251-BT ყურის მონიტორი;4;pending;A
201784;Augustine Classic Red Imperial კლასიკური გიტარის სიმები;4;pending;A
369348;Ibanez P20 Promethean ბას-გიტარის გამაძლიერებელი;4;pending;A
469580;Vic Firth 2B American Classic Hickory დრამის ჯოხი;4;pending;A
611602;Zultan 5B Hickory Sticks დრამის ჯოხები;4;pending;A
J6484;JET JPB-300 SG R ბას-გიტარა;4;pending;A
IG-10D;IG-10D mini combo გიტარის კომბი გამაძლიერებელი;4;pending;A
DW-TGRA7;DW-TG RA-7 Drum mic დრამის მიკროფონი;4;pending;A
VHMTRXW;Vater MATRIX WOOD TIP დრამის ჯოხები;4;pending;A
VHP5BAW;Vater POWER 5B ACORN დრამის ჯოხები;4;pending;A
VSM5BW;Vater  SUGAR MAPLE 5B WOOD დრამის ჯოხები;4;pending;A
VEPP5BW;Vater extended play power 5B wood დრამის ჯოხები;4;pending;A
VBUZZ;Vater Buzz Kill Mute Pack;4;pending;A
10-884;Yamaha CG102 NT კლასიკური გიტარა;4;pending;A
802839;AdamHall Cable K3YVPP0100 6.3 Jack stereo to 2x6.3 jack 1m ა;4;pending;A
717669871840;Super 250's Nickel-Plated Steel ელექტრო გიტარის სიმები 08-38;4;pending;A
1ZA2552X0365590413-19;Dunlop Heavy Core ელექტრო გიტარის სიმები 11-50;4;pending;A
418731;pro snake TPM 25m მიკროფონის კაბელი;4;pending;A
PS510197;Gewa pure E-Acoustic classical Basic ელ.კლასიკური გიტარა;4;pending;A
527280;THUMB RING PICK BOY LUMINOUS თითის მედიატორი;4;pending;A
PS510150;GEWA Basic 4/4 walnut-colored კლასიკური გიტარა;4;pending;A
TBA325971720357;Brasso Multi-Purpose Metal Polish  დრამის თეფშების საწმენდი ;4;pending;A
248890;Sennheiser Headphone Replacement Audio Cable აუდიო კაბელი;4;pending;A
2370199;Tama QC8-B4BY SET დრამის თეფშის დამჭერი;4;pending;A
934906;Behringer SM5001 სტუდიური მონიტორის სადგამი;4;pending;A
ZSJ-85;Hebikuo Stand ZSJ-85 გიტარის სადგამი - 5 ადგილიანი;4;pending;A
VDT-12;Electric Violin VDT-12 ვიოლინო;4;pending;A
665895129511;Kirlin GA BOX CT-3 18AWG IP-182BEGL 3M ინსტრუმენტის კაბელი;4;pending;A
CSS15-XS;Seed Shells Hanging Bell 15pcs CSS15-XS შხარუნები,შეიქერი;4;pending;A
CX30BA;Xylophone 30 Keys CX30BA ქსილოფონი;4;pending;A
10-1663;Yamaha FX310AII ელ.აკუსტიკური გიტარა;4;pending;A
251892;Savarez 520 P3 კლასიკური გიტარის სიმები;4;pending;A
530801;Gewa Guitar Strap გიტარის ქამარი;4;pending;A
NXN6;Shure Nexadyne 6 ტომების,სნეარის მიკროფონი;4;pending;A
V4S4-EU;"KRK 4"" 220V სტუდიური მონიტორი";4;pending;A
ZBT-H;Zildjian ZBT Hi-Hat დრამის თეფში;4;pending;A
ED15-BLS;Shelter Acoustic Guitar აკუსტიკური გიტარა;4;pending;A
TB04479;GMCELL C28 Wireless უკაბელო მიმღები;4;pending;A
551336;Fun Generation AirZone 5.8Ghz გიტარის უსადენო სისტემა;4;pending;A
019954122157;D'Addario EJ18 აკუსტიკური გიტარის სიმები 14-59;4;pending;A
8698546100159;Pitbull GAG Super Light აკუსტიკური გიტარის სიმები 10-47;4;pending;A
8698546100197;Pitbull GEG Light ელექტრო გიტარის სიმები 10-46;4;pending;A
8698546100036;Pitbull VEG Super Light ელექტრო გიტარის სიმები 09-42;4;pending;A
8684325360142;Pitbull CEG Super Light ელექტრო გიტარის სიმები 09-42;4;pending;A
8684325360180;Pitbull CAG Super Light  აკუსტიკური გიტარის სიმები 10-47;4;pending;A
GE150Plus;Mooer GE150 Plus გიტარის პროცესორი;4;pending;A
GE150ProLi-BK;Mooer GE150 Pro Li გიტარის პროცესორი;4;pending;A
GE150ProLi-PLUM;Mooer   GE150 Pro Li Plum გიტარის პროცესორი;4;pending;A
TDL4;Mooer Ocean Machine II გიტარის პროცესორი;4;pending;A
GE200Pro;Mooer GE200 PRO გიტარის პროცესორი;4;pending;A
101871;K&M 164/1 Harmonica Holder ჰარმონიკის სამაგრი;4;pending;A
019954122201;D'Addario EXL110+ XL 010 ელ.გიტარის სიმები 10.5-48;4;pending;A
019954944520;D'Addario EXL145 ელ.გიტარის სიმები 12-54;4;pending;A
001078;AKG WMS40MINI Dual Voc-Set ISM უკაბელო მიკროფონის სისტემა;4;pending;A
CC544673684DE-1;"Hands on Drums 6"" Cajudoo Basic Udu Drum უდუ დრამი, პერკუსია";3;pending;A
TBA312775346636;Dual Electronics LU53PW Loudspeakers 60W გარე გახმოვანების ფ;3;pending;A
CC548480905DE-1;Gewa EQS-10B Keyboard Stand კლავიშის სადგამი,მაგიდა;3;pending;A
CKG00;Kalimba CKG00 17keys with case კალიმბა;3;pending;A
CC548211308DE-3;Thomann 12H Ocarina C1 light green ოკარინა ღია მწვანე;3;pending;A
749699127239;Ernie Ball 2723 Cobalt Super Slinky Electric Guitar Strings ;3;pending;A
318065;AKG K52 Studio Headphones სტუდიური ყურსასმენი;3;pending;A
LG00-C;Kalimba LG00-C 17keys with case კალიმბა;3;pending;A
CC547808831DE-3;Millenium CB-801 Pro Series Boom Stand დრამის თეფშის სადგამი;3;pending;A
442219;Rico Tenor Saxophone Reed 2.5 ტენოს საქსაფონის ტროსტი;3;pending;A
CDAS10N-MG;"Djembe 10"" Mix Color დჯემბე";3;pending;A
ZKM00-C;Kalimba ZKM00-C 21keys with case კალიმბა;3;pending;A
220848;Mooer GWU4 (Wireless Plug 915 Green) უსადენო ხმის გადამცემი ;3;pending;A
CC547925841DE-5;Thomann KB-15MM piano bench პიანინოს სკამი;3;pending;A
3160242;Gretsch Jim Dandy™ Dreadnought აკუსტიკური გიტარა;3;pending;A
O12B;Ocarina C Tuning, 12 Holes, Ceramic Blue კერამიკის ოკარინა;3;pending;A
749699126201;Ernie Ball 2620 7-String Power Slinky Electric Guitar String;3;pending;A
CC548213136DE;Thomann KB-15RM პიანისტის სკამი;3;pending;A
225518;Millenium DSS-818F Stage Snare Stand მუშა დოლის სადგამი;3;pending;A
CC548211308DE-2;Thomann 12H Ocarina C1 orange ოკარინა ნარინჯისფერი;3;pending;A
BKW00-C;Kalimba BKW00-C 17keys with case კალიმბა;3;pending;A
CL-1;Yamaha YCL-255 Clarinet კლარნეტი;3;pending;A
733132120505;Elixir 12050 Polyweb Light Electric Guitar Strings ელექტრო გ;3;pending;A
00803;ALHAMBRA V GUITAR 2 C გიტარა;3;pending;A
GP-C40N;Grape  GP-C40N classical guitar Natural  39''  კალასიკური გი;3;pending;A
02878;AKAI APCKEY25 MK2 - USB CONTROLLER 25 KEY FOR ABLETON LIVE კ;3;pending;A
S800GR;S800 GTRS (Standard 800 Green) ჭკვიანი ელ.გიტარა;3;pending;A
60098;Valencia VC354AB classical Guitar, Aqua Blue კლასიკური გიტარ;3;pending;A
422017;Marshall MG10G  გიტარის გამაძლიერებელი;3;pending;A
442429;Roadworx Keyboard Stand 2 კლავიშებიანი ინსტრუმენტის სადგამი;3;pending;A
264960;Harley Benton HBZ-2005 Deluxe Series ბას-გიტარა;3;pending;A
475720;Eurolite Mirror Disco Ball 15 cm gold დისკო ბურთი ოქროსფერი ;3;pending;A
471001;Showtec Mirror Disco ball 20cm დისკო ბურთი 20სმ;3;pending;A
471000;Showtec Mirror Disco ball 15cm დისკო ბურთი 15სმ;3;pending;A
105330;Varytec Mirror Disco Ball 20cm დისკო ბურთი 20სმ;3;pending;A
CC546423154DE-11;Millenium TC54 Nylon Drum Brushes დასარტყამი ინსტრუმენტის ჯო;3;pending;A
MN105;MusicNomad MN105 Fretboard F-ONE USA 60ml გიტარის ფრეტბორდის;3;pending;A
TG-10;Smiger TG-10 W Electric Guitar Amplifier გამაძლიერებელი/კომბ;3;pending;A
R420071;Roland RP30 88-Key ციფრული პიანინო;3;pending;A
665895125186;Kirlin Instrument Cable 10M Jack IP-242BC BK ინსტრუმენტის კა;3;pending;A
GA-H11-3TS;Smiger GA-H11-3TS აკუსტიკური გიტარა;3;pending;A
8697755750407;"ISTANBUL AGOP XIST CYMBAL SET + DELUXE BAG (14""/16""/20""+18"")";3;pending;A
CGM-10N;Grape CGM-10 N Classical Guitar კლასიკური გიტარა;3;pending;A
LG01;Smiger LG-01 (LG01) Acoustic Guitar აკუსტიკური გიტარა;3;pending;A
GP-C70N;GP-C70N Classical GUITAR კლასიკლური გიტარა;3;pending;A
IP-181BEG;Kirlin Stage IP-181BEG /GA Instrument Cable 6m ინსტრუმენტის ;3;pending;A
500353;Caballero by MR CA-CM 1/2 ზომა, Classical Guitar, კლასიკური ;3;pending;A
501190;Manuel Rodriguez AC60-C classical guitar, კლასიკური გიტარა;3;pending;A
501065;Manuel Rodriguez 3/4 Ecologia E-57 Spruce/Walnut Classical G;3;pending;A
501192;Manuel Rodriguez   AC60-S classical guitar, კლასიკური გიტარა;3;pending;A
501182;Manuel Rodriguez AC40-S classical guitar, კლასიკური გიტარა;3;pending;A
501095;Manuel Rodriguez Tradicion T-65 classical guitar, კლასიკური ;3;pending;A
501085;Manuel Rodriguez Tradicion T-57 3/4 ზომა, classical guitar, ;3;pending;A
01363;"Adam Audio T10S 130W 10"" Active Low Frequency Subwoofer აქტი";3;pending;A
TB-40W;Smiger TB-40W bass amplifier ბას გიტარის ხმის გამაძლიერებელი;3;pending;A
168080;Afroton Rainmaker 75cm პერკუსია, საჩხრიალო, წვიმის ხმის იმიტ;3;pending;A
01159;Behringer U-PHORIA UMC202HD ხმის ბარათი აუდიო ინტერფეისი;3;pending;A
003491;Pioneer DJ DDJ-FLX10 4-deck DJ Controller დიჯეი კონტროლერი;3;pending;A
ED4;EVP ED4 Powered mixer ხმის მართვის პულტი, გამანაწილებელი მიქ;3;pending;A
03143;"Turbosound iX15 1000W 15"" Active Speaker აქტიური მაღალი სიხშ";3;pending;A
02421;M-Audio M-Track Duo USB აუდიო ინტერფეისი / ხმის ბარათი;3;pending;A
147219;Millenium PD-669 Stage Double Bass Pedal დრამის პედალი;3;pending;A
4049521128646;AdamHall Cable K3YVPP0300 6.3 Jack stereo to 2x6.3 jack 3m ა;3;pending;A
STCY;Cymbal Stand თეფშების სადგამი;3;pending;A
SS14;Smiger SS14-BL Ukulele უკულელე;3;pending;A
SU704;Aiersi SU-704 Concert Ukulele უკულელე;3;pending;A
SKT-10;UKULELE 26'' SKT-10 უკულელე;3;pending;A
042406088879;Shure SM7B Dynamic Studio Vocal Microphone სტუდიური მიკროფონ;3;pending;A
312567;The T.Bone TWS One A Headset უკაბელო მიკროფონი;3;pending;A
174724;Harley Benton Blues harmonica - E major ჰარმონიკა;3;pending;A
QSC WK15;Qsc WK15 Active Speaker (copy) მაღალი სიხშირის აქტიური დინამ;3;pending;A
02224;"Behringer DR115DSP-EU 1400W 15"" Active Speaker აქტიური მაღალ";3;pending;A
00925;"Behringer B112D-EU 1000W 12"" Active Speaker აქტიური მაღალი ს";3;pending;A
410033;Harley Benton WB-20BK Rock Series ბას-გიტარა;3;pending;A
J6195;JET Stratocaster JS-300 BL, SSS Electric Guitar ელექტრო გიტა;3;pending;A
J6125;JET Telecaster JT-300 SB, SS Electric Guitar ელექტრო გიტარა;3;pending;A
12891;KRK Rokit 5 G5 Black სტუდიური მონიტორი;3;pending;A
85056;Dual Electronics LU43PW White 4 inch 3-way High Performance ;3;pending;A
378114;Dual Electronics LU63PB Black 6.5 inch 3-way High Performanc;3;pending;A
733132190522;Elixir 19052 Optiweb Coated Light 10/46 ელექტრო გიტარის სიმე;3;pending;A
QG07-1/4;Hebikuo Cello Bow  1/4 ჩელოს ხემი;3;pending;A
042406557580;Shure SLXD24E/SM58 უკაბელო მიკროფონის სისტემა;3;pending;A
G610;Hebikuo G610 Drum Pedal დრამის პედალი;3;pending;A
672485343318;Pig Hog PHM20 High Performance 8mm XLR Microphone Cable, 20';3;pending;A
542136;Harley Benton Victory Active SBK ელ.გიტარა;3;pending;A
424105;Beyerdynamic DT-880 Pro 250 ohms Black Edition high end stud;3;pending;A
155255;Harley Benton RX-10 BK Rock Series electric guitar ელექტრო გ;3;pending;A
TB301-PP;Hebikuo Metronome Purple მეტრონომი;3;pending;A
TB301-BL;Hebikuo Metronome Blue მეტრონომი;3;pending;A
042406397148;Shure PGA58-XLR-E Handheld Microphone W/15FT XLR Cable მიკრო;3;pending;A
676744060015;Dava Grip Tips Delrin Medium Assorted Colors Pick მედიატორი;3;pending;A
391744;Thomann Bass Drum Mallet GTA60 დრამის ჯოხები;3;pending;A
665895415751;Kirlin MSQ-220BEG  3M WH Microphone Cable მიკროფონის კაბელი;3;pending;A
SU024TB;Aiersi SU024TB solid top mahogany ukulele უკულელე;3;pending;A
394740;Electro Harmonix Battalion Bass Preamp DI Direct Box EHX Gui;3;pending;A
8697755750568;"Istanbul IMSXS4 MSX PACK 14""16""20""+18"" დრამის თეფშების ნაკრე";3;pending;A
400099;Sennheiser HD 280 Pro Closed-Back Headphones Black ყურსასმენ;3;pending;A
163743;Pyramid 024 single string Acoustic Phosphor Bronze, wound გი;3;pending;A
042406721196;Shure GLXD24+E/SM58-Z3 VOCAL SYSTEM W/SM58 რადიო მიკროფონი;3;pending;A
204831;Millenium DA-55 Bass Drum Beater დრამის ბითერი;3;pending;A
409655;Gator GKBE-88 Economy Gig Bag კლავიშის ჩანთა;3;pending;A
NCL-M250S;Smartdjlite 2000w  სასცენო მძიმე ნისლის/ბოლის აპარატი;3;pending;A
chargebox;Smartdjlite Mini batterypar12pcs charge box სასცენო განათება;3;pending;A
CC548481398DE-1;Yuer Portable Bass Amp Bluetooth ბასის კომბი,გამაძლიერებელი;3;pending;A
IJEMBK;JEM Series Electric Guitar Black;3;pending;A
107381;Thomann Wender 48 Harp, key C-G ჰარმონიკა;3;pending;A
107619;Thomann 48 - C major harmonica, tremolo tuning ჰარმონიკა;3;pending;A
180210;Millenium CS-901 Pro Series;3;pending;A
FD-M5;Fender M5 Plus Mini Guitar Combo Amplifier გიტარის კომბი გამ;3;pending;A
749699103141;Ernie Ball 2213 Mega Slinky Nickel Wound Electric Guitar Str;3;pending;A
757242144503;"Remo Weather Ambassador Coated Head 8"" დრამის პლასტიკი";3;pending;A
6970220420206;Music Area Acoustic Guitar Bag აკუსტიკური გიტარის ჩანთა;3;pending;A
02149;Sennheiser E 825-S - DYNAMIC MICROPHONE დინამიური მიკროფონი;3;pending;A
750795020638;Vic Firth SSG2 Steve Gadd Signature Natural დრამის ჯოხები;3;pending;A
750795020591;Vic Firth SAT2 Ahmir Questlove Thompson Signature Natural დრ;3;pending;A
717669853150;Fender 3250R ელექტრო გიტარის სიმები 10-46;3;pending;A
354124;Thomann S 20HS Saxophone Harness საქსაფონის საკიდი;3;pending;A
579988;Startone Melody 32 Melodica Blue;3;pending;A
485861;Ortega OERP-FLAM1 Schutzfolie Electrostatic Protective Film;3;pending;A
174723;Harley Benton Blues Harmonica in D-Major ჰარმონიკა;3;pending;A
GP-C40CRDS;Grape GP-C40C-RDS classical guitar  39''  კალასიკური გიტარა;3;pending;A
438009;Used Boss ST-2 Power Stack გიტარის ეფექტ-პედალი;3;pending;A
8697755744604;"ISTANBUL AGOP 16""  XIST ION CHINA";3;pending;A
UBKZ00-C;Kalimba  UBKZ00-C კალიმბა;3;pending;A
BOC001;Ocarina BOC001 ოკარინა;3;pending;A
BOC013;Ocarina BOC013 ოკარინა;3;pending;A
BOC023;Ocarina BOC023 ოკარინა;3;pending;A
NCL-M055;Smartdjlite paper gun კონფეტის თოფი;3;pending;A
GA-H11-N;Smiger GA-H11-N აკუსტიკური გიტარა;3;pending;A
4033685003666;Warwick Acoustic Bass 5 Bronze 35301 აკუსტიკური ბას-გიტარის ;3;pending;A
1ZA2552X0361932748-21;Vandoren JUNO Alto Sax #2 2.5 ტროსტი;3;pending;A
468319;Ortega ATG44NM Classical Strings კლასიკური გიტარის სიმები;3;pending;A
394092;Fun Generation MIC 5 XLR მიკროფონის კაბელი;3;pending;A
490688;Marantz Pro Umpire Microphone კონდენსატორული მიკროფონი;3;pending;A
536058;Yuer TR-U1 Wireless System უსადენო ხმის გადამცემი;3;pending;A
J6470;JET JS-380 BK G, SSS ელ.გიტარა;3;pending;A
VHP5AAW;Vater POWER 5A ACORN დრამის ჯოხები;3;pending;A
VHMWN;Vater MIKE WENGREN MODEL დრამის ჯოხები;3;pending;A
VHCHADW;Vater chad smith's funk blaster დრამის ჯოხები;3;pending;A
GW2BW;Vater goodwood 2B wood დრამის ჯოხები;3;pending;A
01432;AdamHall Stands SPADECO1 - სტუდიური მონიტორის საიზოლაციო პად;3;pending;A
00929;"Behringer B615D-EU 15"" აქტიური მაღალი სიხშირის დინამიკი";3;pending;A
585467;Vox AmPlug 3 Boutique გიტარის ყურსასმენის გამძლიერებელი;3;pending;A
TB1005;LP cajon კახონი;3;pending;A
01082;AdamHall Cable K3MIDI0300BLK midi cable 3 m მიდი კაბელი;3;pending;A
757242491072;"Remo Vintage Emperor Drum Head 14"" დრამის პლასტიკი";3;pending;A
019954925505;D'Addario EXL170-6 ბას-გიტარის სიმები 32-130;3;pending;A
1ZA2552X0365590413-18;Dunlop Nickel Plated ელექტრო გიტარის სიმები 10-52;3;pending;A
493075;Harley Benton EX-84 Modern WH ელ.გიტარა;3;pending;A
02886;Audio-Technica ATH-M20XBT უკაბელო ყურსასმენი;3;pending;A
147061;Hohner Special 20 C ჰარმონიკა;3;pending;A
3100H00140;AKG Perception P3S დინამიური მიკროფონი;3;pending;A
00895;Gravity GSP5211B - Aluminium დინამიკის სადგამი;3;pending;A
042406351416;Shure SE112 Gray ყურის მონიტორი;3;pending;A
615104304680;Sennheiser XS 1 Wired Dynamic Mic დინამიური მიკროფონები;3;pending;A
1ZA2552X0366815213;Audix OM-2 Mic დინამიური მიკროფონები;3;pending;A
521048;Harley Benton SC-550 II Paradise Amber Flame ელ.გიტარა;3;pending;A
478040;Harley Benton DNAfx GiT გიტარის ეფექტ-პედალი;3;pending;A
665895909052;Kirlin MTB-2001 BK-20 Channel Multi-track 30M მულტიქორი;3;pending;A
CSS12-3mix;Seed Shells Hanging Bell 12pcs 3Mix შხარუნები,შეიქერი;3;pending;A
589345;Daddario PW-CT-17PR Eclipse Tuner გიტარის ტუნერი;3;pending;A
451376;Dunlop 65 Body Polish 118 ml გიტარის საწმენდი სითხე;3;pending;A
426201;BOSS Katana KTN-212 Gen-3 გიტარის გამაძლიერებელი;3;pending;A
408360;Roland Rh-5 სტუდიური ყურსასმენი;3;pending;A
530802;Gewa Guitar Strap გიტარის ქამარი;3;pending;A
K5-EU;"KRK Kreate 5"" სტუდიური მონიტორი";3;pending;A
ZBT16;Zildjian ZBT Crush დრამის თეფში;3;pending;A
ZBT18;Zildjian ZBT Crush დრამის თეფშები;3;pending;A
KD-DDR;Tama Kid Drum Set Dark Red დრამის კომპლექტი;3;pending;A
ED15-SB;Shelter Acoustic Guitar აკუსტიკური გიტარა;3;pending;A
934841;Alesis Nitro Pro XL Drum Kit ელექტრო დრამის კომპლექტი;3;pending;A
11020;Orange Crush-20RT გიტარის გამაძლიერებელი;3;pending;A
11021;Orange Crush 35RT გიტარის გამაძლიერებელი;3;pending;A
11040;Orange Crush Bass 25 ბას-გიტარის კომბი;3;pending;A
8698546100470;Pitbull SEG Super Light ელექტრო გიტარის სიმები 09-42;3;pending;A
8698546100555;Pitbull LEG MTHB Long Life ელექტრო გიტარის სიმები 11-52;3;pending;A
8698546100609;Pitbull VAG Super Light აკუსტიკური გიტარის სიმები 10-47;3;pending;A
8684325360074;Pitbull MCG NT Mutant Series კლასიკური გიტარის სიმები;3;pending;A
TB04538;Used Boss Mega Distortion MD-2 გიტარის ეფექტ-პედალი;3;pending;A
942701;Casio CT-S100C2 61-Key სინთეზატორი;3;pending;A
600781010009;DR Strings Dragon Skin+ ელექტრო გიტარის სიმები 9-42;3;pending;A
600781010016;DR Strings Dragon Skin+ ელექტრო გიტარის სიმები 9-46;3;pending;A
600781010023;DR Strings Dragon Skin+ ელექტრო გიტარის სიმები10-46;3;pending;A
600781010030;DR Strings Dragon Skin+ ელექტრო გიტარის სიმები 10-52;3;pending;A
749699127253;Ernie Ball Cobalt Extra Slinky ელექტრო გიტარის სიმები 8-38;3;pending;A
MSC18ProDA;Mooer MSC18 Pro Dark Aurora ელ.გიტარა;3;pending;A
MSC30Pro-RD;Mooer MSC30 Pro Sunset Red ელ.გიტარა;3;pending;A
MBJ420-RDB;Mooer MBJ420 Red Burst ბას-გიტარა;3;pending;A
Air-P05;Mooer Air P05 ინსტრუმენტის უკაბელო სისტემა;3;pending;A
GE150Pro;Mooer GE150 Pro გიტარის პროცესორი;3;pending;A
GE150Max;Mooer GE150 Max გიტარის პროცესორი;3;pending;A
0508-AAZ86-EU1;Behringer XTM1-35 Vocal Set უკაბელო მიკროფონის სისტემა;3;pending;A
0508-AAY86-EU1;Behringer XTM1-35 Dual Vocal Set 2 უკაბელო მიკროფონის სისტემ;3;pending;A
410023;Harley Benton BS-20BK Rock Series ელ.გიტარა;3;pending;A
TB04569;LIXADA Professional Wireless System Solution განათების პულტი;3;pending;A
388119;"Takt Plastic Black Dot (B) 13"" STD დირიჟორის ჯოხი";3;pending;A
454253;Millenium MPS-450 E-Drum Set ციფრული დრამი;3;pending;A
163456;Vic Firth AJ1 American Jazz Drumsticks დრამის ჯოხი;3;pending;A
486088;Rode NT-USB Mini კონდენსატორული მიკროფონი;3;pending;A
4047371531364;the sssnake SPP2030 Stereo cable 3M აუდიო კაბელი;3;pending;A
046464;Cordoba C5 Crossover Limited Natural კლასიკური გიტარა;3;pending;A
XIST16;"Istanbul Agop 16"" Xist დრამის თეფში";3;pending;A
6971889222064;Mooer MVP3 (Loopation) Guitar Efeect Pedal გიტარის ეფექტ პედ;2;pending;A
GE1000GR;Mooer GE1000 გიტარის პროცესორი, მულტი ეფექტი;2;pending;A
6943206791027;Mooer TDL1 (Reecho Pro) გიტარის ეფექტ-პედალი;2;pending;A
6943206792505;Mooer MHA1 (Audiofile) ეფექტ/პედალი - ყურსასმენის გამაძლიერე;2;pending;A
6943206791751;Mooer MDM1 (Micro Drummer) გიტარის ეფექტ/პედალი;2;pending;A
CPT2BK;Mooer CPT2 (Black Truck) Combined Effects Pedal კომბინირებულ;2;pending;A
6971889221821;Mooer DH30i (Hornet 30i White) გიტარის კომბი თეთრი;2;pending;A
6971889220541;Mooer M702 (E7 Synth) გიტარის ეფექტ/პედალი;2;pending;A
6971889222149;Mooer M730 (Tender Octaver X2) Guitar Effect Pedal გიტარის ე;2;pending;A
393754;Terre Thunder Carton პერკუსია;2;pending;A
CC546792171DE-2;Yamaha LP-1 BK Keyboard Pedal ციფრული კლავიშის პედალი;2;pending;A
364330;"Used Mackie SRM450 12"" აქტიური მაღალი სიხშირის დინამიკი";2;pending;A
CC544945189DE-1;Savarez Argentine 1510 Strings For Acoustic / Gypsy Guitars ;2;pending;A
CDW1002;"Djembe 10"" (Wooden) ჯემბე (ხის)";2;pending;A
394121;Zaphir Blue Moon - Winter Chimes;2;pending;A
240089;Thomann Megaphone M8 მეგაფონი;2;pending;A
60043;Valencia VC404HSB classical guitar, historic sunburst კლასიკ;2;pending;A
CC548211373DE -3;Thomann Lute Guitar De Luxe ლუთ გიტარა;2;pending;A
MB50;Smartdjlite Mirror Disco Ball 50cm დისკო ბურთი;2;pending;A
BJM-04RDS;Smiger  BJM-04-RDS Mandolin მანდოლინა წითელი;2;pending;A
KLB17-6-1;Kalimba KLB17-6 კალიმბა;2;pending;A
BJM-04GR;Smiger  BJM-04-GR Mandolin Green color მანდოლინა;2;pending;A
555307;Rode XDM-100 Dynamic Microphone დინამიური მიკროფონი;2;pending;A
AP-470 BK;Casio AP-470 BK Celviano Digital Piano ციფრული პიანინო;2;pending;A
AP-470 BN;Casio AP-470 BN Celviano Digital Piano ციფრული პიანინო;2;pending;A
710137030732;Dunlop 12-54 Phosphor Bronze Light Acoustic Guitar Strings ა;2;pending;A
019954933807;D'Addario EXL220  ბას-სიტარის სიმები 40-95;2;pending;A
394118;Zaphir Sunray - Summer Chimes;2;pending;A
4049172268487;Harley Benton Valuestrings Bass-5 45-130 ბას გიტარის სიმები;2;pending;A
CC547926161DE-11;TAP SB-A Stomp Box Single Trigger პერკუსია;2;pending;A
451578;Cort Earth 100 NS 2018 აკუსტიკური გიტარა;2;pending;A
377207;Millenium BlackBox Cajon კახონი;2;pending;A
441991;Millenium MC900 Multi Clamp  დრამის სამაგრი;2;pending;A
CC546792857DE-2;Musician's Gear 88-Key Keyboard Gig Bag ციფრული პიანინოს ჩან;2;pending;A
CC548211002DE-3;the t.bone MB 60 მიკროფონი;2;pending;A
235937;Rode NT1-A Complete Vocal Set მიკროფონის სეტი;2;pending;A
8697755707432;"Istanbul Agop 18"" Traditional Dark Crash Drum Cymbal დრამის ";2;pending;A
8697755744871;"Istanbul Agop 17"" XIST Power Crash Brilliant Drum Cymbal დრა";2;pending;A
8697755744864;"Istanbul Agop 16"" XIST Power Crash Brilliant Drum Cymbal დრა";2;pending;A
ZKM01-C;Kalimba ZKM01-C 17keys with case კალიმბა;2;pending;A
479829;Thomann Amp Stand კომბის სადგამი;2;pending;A
M800PBK;GTRS M800 (Modern 800 Pearl Black) ელ. გიტარა;2;pending;A
6943206790617;Mooer MEQ1 (Graphic G) გიტარის ეფექტ/პედალი;2;pending;A
6971889220268;Mooer M722 (D7 Delay X2) გიტარის ეფექტ/პედალი;2;pending;A
GWU4915Wh;Mooer GWU4 (Wireless Plug 915 White) უსადენო ხმის გადამცემი ;2;pending;A
02424;Alesis Harmony 54XEU Digital Piano სინთეზატორი;2;pending;A
394113;Zaphir Crystalide - Spring Chimes;2;pending;A
347195;Thomann DP-33 WH ციფრული პიანინო;2;pending;A
665895727885;Kirlin Y-370PBL Y-Cable Patch Cable 2M აუდიო კაბელი 2 მ;2;pending;A
500635;Harley Benton Kahuna-C Turtle Ukulele  უკულელე;2;pending;A
535642;Casio CDP-S110 BK Digital Piano ციფრული ფორტეპიანო;2;pending;A
CC547925719DE-1;Harley Benton Victory Plus BK Vintag el. Guitar ელექტრო გიტა;2;pending;A
042406112833;Shure BETA52A ქიქ-დრამის მიკროფონი;2;pending;A
7232;ALHAMBRA V GUITAR 1 C BLACK SATIN გიტარა;2;pending;A
03139;"Turbosound TFX122M-AN 1100W 12"" Active Speaker აქტიური დინამ";2;pending;A
CC545921135DE-2;Fun Generation Universal Stand Extension უნივერსალური DJ სად;2;pending;A
03130;Behringer Xenyx 802S ანალოგური მიქსერი;2;pending;A
1ZAY26220471513205;Yamaha Stagepas 400BT Mini-PA System Bluetooth მინი დინამიკე;2;pending;A
8697755707142;"Istanbul Agop 17"" Traditional Thin Crash Drum Cymbal დრამის ";2;pending;A
8697755700556;"Istanbul Agop 14"" Traditional Jazz Hi-Hat Drum Cymbal დრამის";2;pending;A
8697755744215;"Istanbul Agop 16"" XIST Crash Brilliant Drum Cymbal დრამის თე";2;pending;A
8697755743126;"Istanbul Agop 17"" XIST Crash Drum Cymbal დრამის თეფში ქრაში";2;pending;A
8697755705230;"Istanbul Agop 17"" XIST Dark ION Crash Drum Cymbal დრამის თეფ";2;pending;A
474025;Joyo MA-10B Portable Bass Amp გამაძლიერებელი/კომბი;2;pending;A
60036;Valencia VA434 Nylon String Guitar natural კლასიკური გიტარა;2;pending;A
CC546301133DE-3;Harley Benton R-446 Green Metallic ელექტრო გიტარა;2;pending;A
019954951276;Evans EMAD System 22” Drumhead;2;pending;A
CC539922891DE-2;Harley Benton TE-70 Black Paisley Telecaster Electric Guitar;2;pending;A
3063038;Fender Squier Sonic Stratocaster Ultraviolet ელ. გიტარა;2;pending;A
MB90;Smartdjlite Mirror Disco Ball 90cm დისკო ბურთი;2;pending;A
CG-100;Smiger CG-100 Classic Guitar კლასიკური გიტარა;2;pending;A
436640;Harley Benton Baritone CLG-414BCE NT ელექტრო-აკუსტიკური გიტა;2;pending;A
358603;Eurolite Mirror Disco Ball 20 cm gold დისკო ბურთი ოქროსფერი ;2;pending;A
CC545289250DE-3;Presonus Eris Sub 8BT subwoofer საბვუფერი;2;pending;A
S800RD;S800 GTRS (Standard 800 Red) ჭკვიანი ელექტრო გიტარა;2;pending;A
S900PBK;Mooer GTRS Guitars Standard 900 W PB ჭკვიანი ელ.გიტარა;2;pending;A
167389;Millenium Multi Cymbal Bag თეფშების ჩანთა;2;pending;A
6943206790532;Mooer MBD2 (Blues Mood) Blues Drive Effect Pedal ეფექტ პედალ;2;pending;A
6971889220237;Mooer M721 (Groove Loop X2) ეფექტ პედალი;2;pending;A
MRV3;Mooer MRV3 (WoodVerb) გიტარის ეფექტ/პედალი;2;pending;A
6943206792086;Mooer MFL3 (Jet Engine) Digital Flanger Effect Pedal ეფექტ პ;2;pending;A
6943206790815;Mooer MPW1 (Micro Power) 8 Ports Isolated Power Supplier - კ;2;pending;A
MN228;MusicNomad The Octopus Plus Bit Set 17 n 1 Tech Tool გიტარის;2;pending;A
810536;Mackie Thump 15A 1300W 15” Powered PA Speaker დინამიკი;2;pending;A
237706;FENDER Mustang™ LT25, 230V EU გამაძლიერებელი;2;pending;A
3160235;Fender Champion II 25, ელ. გიტარის კომბი;2;pending;A
PE-A60;High Grade Strap, Leather Head PE-A60 გიტარის ქამარი;2;pending;A
GA-B30-6;GA-B30-6 Bass Guitar Strings ბას გიტარის სიმები;2;pending;A
500453;Caballero by MR CA-CM 3/4 ზომა Classical Guitar, კლასიკური გ;2;pending;A
500359;Caballero by MR Principio Series CA-CM 3/4 ზომა, classical g;2;pending;A
501076;Manuel Rodriguez Ecologia E-65 classical guitar, კლასიკური გ;2;pending;A
536738;Fender Frontman 20G Guitar Combo Amplifier გიტარის კომბი, გა;2;pending;A
CM15-RD;Cort CM15-R Dark Red გიტარის კომბი;2;pending;A
TB-30W;Smiger  TB-30W bass amplifier ბას გიტარის ხმის გამაძლიერებელ;2;pending;A
02980;Arturia MiniFuse 1 White USB-C Audio Interface აუდიო ინტერფე;2;pending;A
002566;Sennheiser E 845-S Dynamic Microphone დინამიური მიკროფონი;2;pending;A
TA-CM104-PR;Turkish Aluminum Darbuka Marble (TA-CM104-PR) დარბუკა / ტამტ;2;pending;A
TA-CH104-GR;Masterwork Turkish Aluminum Darbuka Gnarled Green (TA-CH104-;2;pending;A
641652031013;Vater Whip Drum Brushes დრამის დასარტყამი ფუნჯი;2;pending;A
02854;M-Audio OXYGEN 61 MK5 MIDI-კლავიატურა;2;pending;A
02478-3;M-Audio OXYGEN 25 MK5 MIDI-კლავიატურა;2;pending;A
01589;Behringer BA85A Dynamic Microphone დინამიური მიკროფონი;2;pending;A
965042;Joyo JF-38 Roll Boost Guitar Effect Pedal გიტარის ეფექტ პედა;2;pending;A
641652119018;Vater Poly Flex Brush დრამის დასარტყამი ფუნჯი;2;pending;A
CC544753572DE;Yamaha HS 5I White Powered Studio Monitor სტუდიური მონიტორი;2;pending;A
02405;Behringer UMC1820-EU Audio Interface აუდიო ინტერფეისი;2;pending;A
01161;Behringer HPM1000 Studio Headphones სტუდიური ყურსასმენი;2;pending;A
271876;Akai MPK Mini MK3 Midi Controller Black კონტროლერი შავი;2;pending;A
02667;AKAI MPKMINI3G - MIDI კლავიატურა 25 Key;2;pending;A
02479;Behringer HLC660U - USB Studio Headphones სტუდიური ყურსასმენ;2;pending;A
01213;Behringer HPX2000 Studio Headphones სტუდიური ყურსასმენი;2;pending;A
01583;Behringer BDJ 1000 DJ Headphones დიჯეი ყურსასმენი;2;pending;A
00911;Behringer X1222USB-EU 12-channel Analog Mixer ანალოგური მიქს;2;pending;A
6971889221531;Mooer M728 (DRUMMER X2) DRUM MACHINE გიტარის ეფექტ პედალი;2;pending;A
01349;"Behringer Europort PPA500BT 500W 8""  Portable PA Speaker Sys";2;pending;A
02232;"Adam Audio T8V 90W 8"" Studio (Nearfield) Monitor სტუდიური მო";2;pending;A
02362;AKAI MPKMINI3W - MIDI კლავიატურა 25 Key;2;pending;A
02986;Behringer BH60 Studio Headphones სტუდიური ყურსასმენი;2;pending;A
00936;Behringer DI20 DI Box Boxes Signal Processors აქტიური დი აი ;2;pending;A
4049521128615;AdamHall Cable K3TPC0100 2RCA to 2 6.3 Jack mono 1m კაბელი;2;pending;A
02857;AKAI MPKMINIPLUS - 37 Mini Key MIDI-კლავიატურა;2;pending;A
1ZB6655B0331055306;Used Novation Bass Station II Keyboard Synthesizer სინთეზატო;2;pending;A
939765;MXL 3000 Studio Recording Bundle Microphone კონდენსატორული მ;2;pending;A
CC542259143DE;Thomann BD2014BL Marching Bass Drum;2;pending;A
000662;"Electro-Voice EKX-18SP Powered 18"" Subwoofer აქტიური დაბალი ";2;pending;A
403081;Fun Generation Mic Stand მიკროფონის სადგამი;2;pending;A
358087;Thomann Tibetan Singing Bowl No1, 500g ტიბეტური თასი;2;pending;A
536780;Yamaha YDP-165 B Arius Digital Piano ციფრული პიანინო;2;pending;A
ST-62 VW;Harley Benton ST-62 VW Vintage Series ელექტრო გიტარა;2;pending;A
476470;Roadworx Microphone Stand Tripod Boom მიკროფონის სადგამი;2;pending;A
6724-25;Harley Benton TE-80 NT Deluxe Series ელექტრო გიტარა;2;pending;A
1Z7754570398687409;Pioneer DJ DDJ-SB2 DJ Controller დიჯეი კონტროლერი;2;pending;A
NCL-D028;Smartdjlite battery led par 6pcs with case (NCL-D028) სასცენ;2;pending;A
749699102786;Ernie Ball Ultra Slinky 2227 Nickel Wound 10-48 Electric Gui;2;pending;A
1ZA2552X0332573664-1;Vandoren JUNO Tenor Sax Reeds size 2 ტენორ საქსაფონის სტორსტ;2;pending;A
228167;Thomann Acoustic-Steel Guitar Bag KB გიტარის ჩანთა;2;pending;A
710137023000;Dunlop 6551J Formula Ultimate Lemon Oil გრიფის ზეთი;2;pending;A
SM7DB;Shure SM7DB დინამიური მიკროფონი;2;pending;A
24603071507066;tongue drum 10 inch, green თონგ დრამი;2;pending;A
2013RGB;Smartdjlite Laser NCL-B079 2013RGB სასცენო ლაზერი;2;pending;A
03120;"Behringer B112W 1000W 12"" Wireless Active Speaker უკაბელო აქ";2;pending;A
J6400;JET Stratocaster JS-300 GD, SSS Electric Guitar ელექტრო გიტა;2;pending;A
J6371;JET Stratocaster JS-450 OBL, HSS Electric Guitar ელექტრო გიტ;2;pending;A
J6409;JET Stratocaster JS-700 CPR, HS Electric Guitar ელექტრი გიტა;2;pending;A
J6126;JET Telecaster JT-300 BTS, SS Electric Guitar ელექტრო გიტარა;2;pending;A
J6203;JET Telecaster JT-350 BSC, SS ელ.გიტარა;2;pending;A
639690000382;Augustine Imperial Gold MT Classical Guitar Strings, Full Se;2;pending;A
00918;Behringer UCA202 Audio Interface აუდიო ინტერფეისი;2;pending;A
133419-1;Coolmusic BP80 Orange Acoustic Guitar Amplifier, 100 Watt გი;2;pending;A
00976;Behringer UMC22 Audio Interface აუდიო ინტერფეისი;2;pending;A
445646;Pedal Board Hook & Loop Tape 1მ პედალ ბორდის ლენტი ფხრეწებით;2;pending;A
240091;Thomann M25 Megaphone  მეგაფონი;2;pending;A
106864;Beyerdynamic DT-770 Pro 250 Ohm, studio headphone ყურსასმენი;2;pending;A
564346;Beyerdynamic DT-990 Pro studio headphone 80 Ohms ყურსასმენი;2;pending;A
228168;Thomann E-Guitar Gigbag RD ელექტრო გიტარის ჩანთა;2;pending;A
245877;Thomann Heavy Bass Gigbag ბას-გიტარის ჩანთა;2;pending;A
392417;Flyht Pro Case Mobile DJ Desk დიჯეი აპარატურის ქეისი / მაგიდ;2;pending;A
308496;Warwick BC 10 Bass Combo Amplifier ბას გიტარის კომბი;2;pending;A
100292;Trombotine slide lubricant, trombone slide grease, 34g  საპო;2;pending;A
188171;Superslick Slide Cream for Trombone slides, 18,66g  საპოხი ს;2;pending;A
212647;Superlux ECM999, condenser measuring microphone  მიკროფონი;2;pending;A
590219;Cort CM30R Combo Pastell Green გიტარის კომბი;2;pending;A
134851;LP M199-AW Mini Bongos პატარა ბონგო;2;pending;A
152564;Millenium MXB699 Bongo Stand ბონგოს სადგამი;2;pending;A
265103;Millenium KS-3000 B Double Keyboard Stand კლავიშის ორმაგი სა;2;pending;A
TB301-PK;Hebikuo Metronome Purple მეტრონომი;2;pending;A
BJM-04SB;Smiger  BJM-04-BS Mandolin მანდოლინა;2;pending;A
262750;LA MANCHA Sapphire SM Classical Guitar კლასიკური გიტარა;2;pending;A
151436;Baton Rouge X11S/SD-BT Acoustic Guitar აკუსტიკური გიტარა;2;pending;A
750795011209;Vic Firth American Jazz Hickory Drum Sticks Wood AJ3 დრამის ;2;pending;A
4047371588993;the sssnake SM10BL microphone cable, მიკროფონის კაბელი;2;pending;A
256666;Pirastro Oliv/Evah Pirazzi Rosin საპოხი;2;pending;A
500459;Caballero CA-PM 3/4 ზომა Classical Guitar, კლასიკური გიტარა;2;pending;A
500462;Caballero CA-PM 7/8 ზომა Classical Guitar, კლასიკური გიტარა;2;pending;A
00746;Sennheiser HD 25 Plus - Closed-Back On-Ear Studio Headphones;2;pending;A
8697755750575;"Istanbul Agop 14"" and 18"" MS-X 2 Piece Cymbal Set Pack (IMSX";2;pending;A
494702;Dübreq Stylophone S-1 Analog სტილოფონი;2;pending;A
449796;ADJ Fog juice 2 medium - 5 Liter სასცენო ბოლის აპარატის სითხ;2;pending;A
420194;Harley Benton Custom Line Acoustic Preamp Effect Pedal გიტარ;2;pending;A
589726;RCF Art 745-A MK V აქტიური დინამიკი;2;pending;A
698502500571;Savarez 520B LT Classical Guitar Strings კლასიკური გიტარის ნ;2;pending;A
163740;Pyramid 021 single string Acoustic Phosphor Bronze, wound გი;2;pending;A
375238;"Millenium Timbales Sticks TS1, 5/16"" / 8mm, hickory დრამის ჯ";2;pending;A
375239;"Millenium Timbales Sticks TS2, 7/16"" / 12mm, hickory დრამის ";2;pending;A
NCL-M739;Smartdjlite 3000w სასცენო მძიმე ნისლის/ბოლის აპარატი;2;pending;A
8697755713136;"Istanbul Agop TC20 DRUM CYMBAL 20"" TURK CRASH დრამის თეფში";2;pending;A
SAM7;Samson Dynamic Drum MICROPHONE System 7Kit  SAM7 დრამის მიკრ;2;pending;A
600163;used Akai Professional APC40 MKII Ableton კონტროლერი;2;pending;A
02879;AKAI APCMINI MK2 - USB CONTROLLER FOR ABLETON LIVE  კონტროლე;2;pending;A
01361;"Adam-Audio T5V 70W  Studio (Nearfield) Monitor 2-way, 5"" სტუ";2;pending;A
698502500021;Savarez 500AR Concert  კლასიკური გიტარის ნეილონის სიმები;2;pending;A
228161;Thomann 3/4 Classic-Guitar Gigbag RD კლასიკური გიტარის ჩანთა;2;pending;A
228162;Thomann 3/4 Classic-Guitar Gigbag KB კლასიკური გიტარის ჩანთა;2;pending;A
4018097342206;Pyramid Classical Guitar Strings - black nylon კლასიკური გიტ;2;pending;A
534618;Ortega OFS-BLS, finger shaker შეიქერი;2;pending;A
534613;Ortega OFS-BKS, finger shaker შეიქერი;2;pending;A
500603;Harley Benton Ukulele UK-12 Stain Ash NT უკულელე;2;pending;A
749699132271;Ernie Ball 2227 Ultra Slinky Nickel Wound 10-48 Electric Gui;2;pending;A
749699112334;Ernie Ball 2212 Primo Slinky Nickel Wound Electric Guitar St;2;pending;A
749699127208;Ernie Ball 2720 Cobalt Power Slinky Electric Guitar Strings ;2;pending;A
FD-DA20;FD-DA20 COMBO გიტარის კომბი,გამაძლიერებელი;2;pending;A
522878;"Millenium 24"" Eminence Coated Drumhead დრამის მემბრანა";2;pending;A
EarT1;EVP Eart T1 Personal Monitor Wireless system ყურის უკაბელო მ;2;pending;A
757242147849;"Remo 8"" Vintage Emperor Coated Tom დრამის პლასტიკი";2;pending;A
60100;Valencia VC354GN classical Guitar, Green კლასიკური გიტარა;2;pending;A
PDecade-BL;Pearl Decade Drum Set აკუსტიკური დრამის კომპლექტი;2;pending;A
132944;Millenium Classic Drum Bag Set Standard დრამის კომპლექტის ჩა;2;pending;A
Congaset-NT;Conga set NT, with stand-პერკუსია, კონგა;2;pending;A
CGM-10DN;Classical Guitar CGM-10-DN კლასიკური გიტარა;2;pending;A
750795016938;Vic Firth SPE3 Pete Erskine Big Band Signature დრამის ჯოხები;2;pending;A
750795000500;Vic Firth SBR Buddy Rich Signature დრამის ჯოხები;2;pending;A
750795000401;Vic Firth SSG Steve Gadd Signature დრამის ჯოხები;2;pending;A
523526;Harley Benton JB-62CC SFG ბას-გიტარა;2;pending;A
565831;"Zultan 23""  დრამის თეფშის ქეისი";2;pending;A
802761;AdamHall Cable TRS MIDI Cable 3.5 mm Stereo jack to midi 0.6;2;pending;A
260325;Warwick BC 20 Bass Combo Amplifier 20W ბას გიტარის კომბი;2;pending;A
8697755744413;"Istanbul Agop 14"" Xist Hi-Hat Brilliant ჰაიჰეტი";2;pending;A
12689;Markbass Marcus Miller CMD 101 Micro 60 ბას გიტარის კომბი;2;pending;A
PS510153;Gewapure Gewa  კლასიკური გიტარა;2;pending;A
1ZAY26220431220516-11;Harley Benton TE-90QM Hollow Body ელ. გიტარა;2;pending;A
172084;Harley Benton PB-Shorty BK Standard Series ბას-გიტარა;2;pending;A
SU084;Ukulele Coban SU084;2;pending;A
4250442803042;Hannabach 8154HT Blue Nylon Single D4 კლასიკური გიტარის სიმე;2;pending;A
CC541028214DE-9;Harley Benton ST-20 CA Standard Series ელექტრო გიტარა;2;pending;A
107618;Thomann Chromatic 40 Harp ქრომატიული ჰარმონიკა;2;pending;A
174721;Harley Benton Blues Harmonica in A-Major ჰარმონიკა;2;pending;A
170216;Neotech Strap Saxophone Soft Sax Black;2;pending;A
174725;Harley Benton Blues Harmonica in F-Major ჰარმონიკა;2;pending;A
240808;Neotech Soft Harness CrossStrap Junior;2;pending;A
EC-309TS;Grape EC-309TS Classical Guitar Natural კლასიკური გიტარა;2;pending;A
268547;"USED Skytec SP1000A 10"" აქტიური მაღალი სიხშირის დინამიკი";2;pending;A
926656;Used Novation Launchkey 49 MK2 MKII Keyboard Controller მიდი;2;pending;A
225547;Used BOSS AC-2 Acoustic Simulator გიტარის ეფექტ-პედალი;2;pending;A
8697755705247;"ISTANBUL AGOP  19""XIST ION DARK CRASH";2;pending;A
CH00-C;Kalimba  CH00-C კალიმბა;2;pending;A
CKG01;Kalimba  CKG01 კალიმბა;2;pending;A
CKG01-C;Kalimba  CKG01-C კალიმბა;2;pending;A
BCL02-C;Cats Kalimba Blue  BCL02-C კალიმბა;2;pending;A
BCP01-C;Kalimba  BCP01-C კალიმბა;2;pending;A
MFO1-C;Cega Kalimba  MFO1-C კალიმბა;2;pending;A
QB01-C;Kalimba  Cubidon QB01-C კალიმბა;2;pending;A
BOC011;Ocarina BOC011 ოკარინა;2;pending;A
BOC027;Ocarina BOC027 ოკარინა;2;pending;A
BOC034;Ocarina BOC034 ოკარინა;2;pending;A
46067;Presonus AIR15 Loudspeaker EU დინამიკი;2;pending;A
873880;Used Dr. J Effects D56 Planes Walker Fuzz გიტარის ეფექტ-პედა;2;pending;A
03074;AKG WMS40MINI Dual VOC-SET ISM უკაბელო მიკროფონის სისტემა;2;pending;A
689481;Used Marshall ED-1 Compressor (Compressor / Sustainer) გიტარ;2;pending;A
498040;Richwood RM-70-NT Hot Club Jazz Guitar;2;pending;A
238240;Thomann GTA50 Bass Drum Mallet 50mm მარშის დრამის ჯოხი;2;pending;A
340945;Stairville AF-250 Fog Machine 1300W DMX  ბოლის აპარატი;2;pending;A
480653;Harley Benton EX-84 Modern BK   ელექტრო გიტარა;2;pending;A
585466;Vox AmPlug 3 US Silver გიტარის გამაძლირებელი;2;pending;A
147863;Vandoren Classic Blue  Reed for Tenor Sax 2.5  ტროსტი;2;pending;A
477330;"Remo Encore 10"" Ambassador clear  დრამის პლასტიკი";2;pending;A
157818;Harley Benton D-120BK აკუსტიკური გიტარა;2;pending;A
83040;AKG WMS40MINI ISM2 Wireless microphone system რადიო მიკროფონ;2;pending;A
00356;Yamaha CX40 ელ.აკუსტიკური გიტარა;2;pending;A
019954168278;D'Addario NYXL1046 Light ელ.გიტარის სიმები;2;pending;A
19954905576;D'Addario NYXL Super Light 09-42 ელ.გიტარის სიმები;2;pending;A
019954321864;D'Addario NYXL Medium Top/Heavy Bottom 11-52 ელ.გიტარის სიმე;2;pending;A
GA-DB30;Merano Double bass string კონტრაბასის სიმები;2;pending;A
VRS-200;Valencia VRS-200 Rosin, Round კანიფოლი;2;pending;A
VRS-220;Valencia VRS-220 Rosin, Rectangular კანიფოლი;2;pending;A
VRS-320;Valencia VRS-320 Rosin, Rectangular კანიფოლი;2;pending;A
802869;"Turbosound Milan M18B 2200W 18"" აქტიური დაბალი სიხშირის დინა";2;pending;A
10-556;Yamaha PSR-E273 სინთეზატორი;2;pending;A
10-566;YAMAHA DBR10 აქტიური მაღალი სიხშირის დინამიკი;2;pending;A
10-567;Yamaha HS 5 სტუდიური მონიტორი;2;pending;A
12182;Novation  Launchkey 25 MK-3  Midi კლავიატურა;2;pending;A
GA-H16N;Smiger GA-H16-N აკუსტიკური გიტარა;2;pending;A
577418;"Evans EMAD Clear Batter Bass Drum Head 18"" დრამის პლასტიკი";2;pending;A
R419421;Boss Katana Mini გიტარის კომბი;2;pending;A
60049;Valencia VC564CE Natural Cutaway ელ. კლასიკური გიტარა;2;pending;A
121549;Thomann E-Bass Gigbag BK ბას-გიტარის ჩანთა;2;pending;A
15856;Yamaha el. classical guitar ელ. კლასიკური გიტარა;2;pending;A
570233;Harley Benton SC-Custom III Gold Top ელ.გიტარა;2;pending;A
462983;Hofner Shorty Deluxe RD Electric Guitar ელ.გიტარა;2;pending;A
373280;Gravity SA Fixtilt 5 დინამიკის სადგამის ადაპტერი;2;pending;A
590087;Harley Benton SC-Custom III P90 Black ელ.გიტარა;2;pending;A
543446;Millenium DS150 მიკროფონის სამაგრი;2;pending;A
594339;Harley Benton SC-Custom III Satin Paradise ელ.გიტარა;2;pending;A
10-674;Yamaha DXR15MKII 1100W Powered speaker აქტიური მაღალი სიხშირ;2;pending;A
01482;ALESIS V25 - MIDI კლავიატურა;2;pending;A
289422;Used Native Instruments Traktor Kontrol S2 MKII დიჯეი კონტრო;2;pending;A
TB0592;AKZ K55 Wireless Earphone ყურსასმენი;2;pending;A
237965;Squier by Fender Debut Collection Stratocaster - 2 Tone Sunb;2;pending;A
237966;Squier by Fender Debut Collection™ Stratocaster®, Laurel Fin;2;pending;A
585464;Vox AmPlug 3 UK Drive გიტარის გამაძლიერებელი;2;pending;A
135737;Pyramid 7 string 10/56 ელ.გიტარის სიმები;2;pending;A
107380;Thomann Chromatic 64 Harp  ქრომატიული ჰარმონიკა;2;pending;A
358086;Thomann Tibetan Singing Bowl 400g ტიბეტური თასი;2;pending;A
337447;Millenium HH-905 Hi-Hat Leaning დრამის ნაწილი, სადგამი;2;pending;A
376378;"Gator 14""x6,5"" Snare Drum Bag სნეარ დრამის ჩანთა";2;pending;A
529877;Joyo JF-329 Iron Loop Pedal გიტარის ეფექტ-პედალი;2;pending;A
563337;Meinl Studiomix Shaker Large შეიკერი;2;pending;A
516825;Harley Benton ST-20HH Active SBK ელ.გიტარა;2;pending;A
597754;Harley Benton ST-JAMster MDS ელ.გიტარა;2;pending;A
J6473;JET JS-407 MBK R, HH, ელ.გიტარა;2;pending;A
J6531;JET JS-600 TPP, HSS ელ.გიტარა;2;pending;A
J6532;JET JS-600 TGR, HSS ელ.გიტარა;2;pending;A
Marrimba;Marrimba მარიმბა;2;pending;A
YACLG-39;Yamaha ec3900 GY Classical guitar გიტარა კლასიკური;2;pending;A
J6119;JET JS-450 TBK, HSS ელ.გიტარა;2;pending;A
VH5AS;Vater 5A STRETCH დრამის ჯოხები;2;pending;A
VH9AW;Vater 9A WOOD TIP HICKORY დრამის ჯოხები;2;pending;A
VMCTW;Vater CYMBAL TEARDROP WT დრამის ჯოხები;2;pending;A
VSMC5BW;Vater sugar maple classics 5BW დრამის ჯოხები;2;pending;A
VHBB550;Vater bebop 550 wood tip დრამის ჯოხები;2;pending;A
VGS5BW;Vater gospel 5B wood დრამის ჯოხები;2;pending;A
VBUZZXD;Vater buzz kill extra dry pack;2;pending;A
VDP;Vater drum polish დასარტყამი ინსტრუმენტის საწმენდი სითხე;2;pending;A
VCB6H;Vater 6 inch chop builder pad single sided hard სავარჯიშო პა;2;pending;A
VCB12S;Vater 12 inch chop builder pad single sided soft სავარჯიშო პ;2;pending;A
VHMALIK;Vater SDJ Malik model დრამის ჯოხები;2;pending;A
MV4;Vater MV4 Marching snare & tenor stick დრამის ჯოხები;2;pending;A
MV6;Vater MV6 Marchin snare & tenor stick დრამის ჯოხები;2;pending;A
MV7;Vater MV7 Marchin snare & tenor stick დრამის ჯოხები;2;pending;A
MV8;Vater MV8 Marching snare & tenor stick დრამის ჯოხები;2;pending;A
MV9;Vater MV9 Marching snare & tenor stick დრამის ჯოხები;2;pending;A
MV10;Vater MV10 Marching snare & tenor stick დრამის ჯოხები;2;pending;A
MV11;Vater MV11 Marching snare & tenor stick დრამის ჯოხები;2;pending;A
MV13;Vater MV13 Marching snare & tenor stick დრამის ჯოხები;2;pending;A
MV-TS1N;Vater MV-TS1N Marching tenor stick nylon tip დრამის ჯოხები;2;pending;A
MV-TS3N;"Vater MV-TS3N tenor stick ""articulate"" დრამის ჯოხი";2;pending;A
TBA323403567536;Vintage Retro Old School Microphone მიკროფონი;2;pending;A
TBA323382196916;"Evans 24"" GMAD Clear Bass Drum დრამის პლასტიკი";2;pending;A
10-890;Yamaha PSR-E360MA სინთეზატორი;2;pending;A
ZS02041733401;Vocal 26mm Big Diaphragm კონდენსატორული მიკროფონი;2;pending;A
TB04151;Wolfgang EVH Standard ელ.გიტარა;2;pending;A
00427;Cameo Fine Fluid 5L ნისლის აპარატის სითხე;2;pending;A
R423752;Boss Cube-St2-R Battery-Powered Stereo Amp გიტარის კომბი, გა;2;pending;A
02624;Behringer BC1200 Microphone Drum Kits;2;pending;A
C21967.90;Canwood Guitalele გიტალელე;2;pending;A
633451;Shure BETA 57A Mic დინამიური მიკროფონი;2;pending;A
IGB651-KH;IBANEZ IGB651-KH ელ.გიტარის შალითა;2;pending;A
V44CE-WK;IBANEZ V44CE-WK ელ.აკუსტიკური გიტარა;2;pending;A
237830;Ibanez GRX40-MLB ელ.გიტარა;2;pending;A
237829;Ibanez GRX40-BKN ელ.გიტარა;2;pending;A
237028;IBANEZ GRG140 SB ელ.გიტარა;2;pending;A
237319;Ibanez GRG140-WH ელ.გიტარა;2;pending;A
611318;Stylophone Stylosette Monophonic Mini Synthesiser სტილოფონი;2;pending;A
329564;the t.bone EM 9600 Windscreen მიკროფონის დამცავი ფილტრი;2;pending;A
561011;Cort GA1E Open Pore Natural ელ.აკუსტიკური გიტარა;2;pending;A
178488;the sssnake SK367M-015 patch cable კაბელი;2;pending;A
345092;Harley Benton D-120VS აკუსტიკური გიტარა;2;pending;A
570230;Harley Benton SC-Custom III Desert Burst ელ.გიტარა;2;pending;A
1ZA2552X0365112279;Hohner 562 Pro Harp MS-Series Harmonica C ჰარმონიკა;2;pending;A
749699119623;Ernie Ball Silver Slinky John Mayer 2218 ელექტრო გიტარის სიმ;2;pending;A
19954151249;D'Addario EXL160 ბას-გიტარის სიმები 50-105;2;pending;A
19954295776;D'Addario EXL116-3D ელექტრო გიტარის სიმები 11-52;2;pending;A
1ZA2552X0365590413-23;Musician's Gear Electric 5-String ბას გიტარის სიმები 45-130;2;pending;A
TB04230;USED M-AUDIO AIR 192|8 2in4 ხმის ბარათი/ინტერფეისი;2;pending;A
564193;Vox AmPlug2 Brian May გიტარის გამაძლიერებელი;2;pending;A
393756;Terre Thunder Bamboo M ჭექა-ქუხილის იმიტატორი;2;pending;A
602983;Startone Thunder Drum ჭექა-ქუხილის იმიტატორი;2;pending;A
107124;Millenium CBS-718 დრამის თეფშის სადგამი;2;pending;A
JBL IRX112BT;"JBL IRX 112 BT Active 12"" 2-Way Speaker აქტიური მაღალი სიხში";2;pending;A
AKG P170;AKG P170 კონდენსატორული მიკროფონი;2;pending;A
308780;Harley Benton WL-20BK Rock Series ელ.გიტარა;2;pending;A
4018097341025;Pyramid B 2 Nylon Single String კლასიკური გიტარის სიმი;2;pending;A
80196762436164;Alesis Prestige Artist XE UK - 88-key ციფრული პიანინო;2;pending;A
130000;Gewa Black matt პიანინოს სკამი;2;pending;A
190065;Gewa Microphonecable Basic 6m Xlr(F) / 6,3 Jack მიკროფონის კ;2;pending;A
PS510155;GEWA pure Basic Blue კლასიკური გიტარა;2;pending;A
2711200530;Gretsch Jim Dandy™ Dreadnough Deep Cherry Burst აკუსტიკური გ;2;pending;A
MV7I;Shure MV7i Smart Mic სტუდიური მიკროფონი;2;pending;A
1ZY393360379408041-1;Mochalight Multi-Functional Guitar Rest;2;pending;A
60114;Bromo BAT2M Natural აკუსტიკური გიტარა;2;pending;A
BAB1;Bromo BAB1 Natural აკუსტიკური გიტარა;2;pending;A
BLX14RE/MX53-K3E;Shure BLX14RE/MX53-K3E უკაბელო მიკროფონის სისტემა;2;pending;A
3063276;Tama WP148BK BOW Woodwork 8X14 Black Oak Wrap სნეარი;2;pending;A
3063187;Tama HRM5B Rhythm Mate nut 5В drum sticks დრამის ჯოხები;2;pending;A
802915;Behringer KS1001 კლავიშის სადგამი,მაგიდა;2;pending;A
03108;Behringer KS1002 კლავიშის სადგამი,მაგიდა;2;pending;A
02695;"ADAM-Audio A4V Nearfield Monitor 2-way, 4"" woofer სტუდიური მ";2;pending;A
802732;"M-Audio FORTYEIGHTYXEU - 8"" Active Studio Monitor სტუდიური მ";2;pending;A
934909;Behringer MO240-CL PRO ყურის მონიტორი;2;pending;A
TB04329;Crunch Distortion pedal ეფექტ-პედალი;2;pending;A
M-12X-53;Smiger Acoustic-Electric Guitars ელექტრო-აკუსტიკური გიტარა;2;pending;A
M-12X-52;Smiger Acoustic-Electric Guitars ელექტრო-აკუსტიკური გიტარა;2;pending;A
M-12X-50-BK;Smiger Acoustic-Electric Guitars ელექტრო-აკუსტიკური გიტარა;2;pending;A
GA-H11-12;Smiger Acoustic-Electric Guitars ელექტრო-აკუსტიკური გიტარა;2;pending;A
BJM-05;Electric Mandolin BJM-05 ელექტრო მანდოლინა;2;pending;A
LX10-B5;Luxars Bass guitar strings ბას-გიტარის სიმები;2;pending;A
LX10-B6;Luxars Bass guitar strings სიმები;2;pending;A
196415;Savarez Argentine 1510MF აკუსტიკური/Gypsy გიტარის სიმები;2;pending;A
458432;TC-Helicon GO VOCAL მიკროფონის გამაძლიერებელი;2;pending;A
476371;Superlux HD-660 Pro 150 Ohms სტუდიური ყურსასმენი;2;pending;A
502765;Superlux HD-660 Pro 32 Ohms სტუდიური ყურსასმენი;2;pending;A
238226;Thomann TS35 ტამბურინის დასარტყამი ჯოხი;2;pending;A
538663;Hughes & Kettner StompMan გიტარის პროცესორი;2;pending;A
427218;Syrincs DL30T Pressure Chamber Loudspeaker რუპორი,მეგაფონი;2;pending;A
042406187176;Shure Beta 91A Kick Drum Microphone ქიქ-დრამის მიკროფონი;2;pending;A
1ZA2552X0368861277;MXL 550/551R კონდენსატორული მიკროფონის კომპლექტი;2;pending;A
1Z1857W90394708139;Used Hartke HPVXL1 VXL Bass Attack & Direct Box გიტარის ეფექ;2;pending;A
108199;HA400 4-Channel ყურსასმენის ხმის გამაძლიერებელი;2;pending;A
665895902572;Kirlin MT-815 BK-8 Channel Multi-track 10M მულტიქორი;2;pending;A
665895909083;Kirlin MTB-2801 BK-28 Channel Multi-track 30M მულტიქორი;2;pending;A
665895129535;Kirlin GA BOX CT-3 18AWG IP-181BEG 3M ინსტრუმენტის კაბელი;2;pending;A
S800 Blue;Mooer GTRS Guitars Standard 800 SB ჭკვიანი ელ.გიტარა;2;pending;A
TB04360;Used TC Electronic Mini Doubler MIMIQ გიტარის ეფექტ-პედალი;2;pending;A
3063125;Ibanez AAD50-LG Natural Low Gloss აკუსტიკური გიტარა;2;pending;A
CSS17-5mix;Seed Shells Hanging Bell 17pcs CSS17-5mix შხარუნები,შეიქერი;2;pending;A
CDT1212;Djembe Carbon CDT1212 ჯემბე;2;pending;A
CDT1213;Djembe CDT1213 ჯემბე;2;pending;A
CX25BA;Xylophone 25 Keys CX25BA ქსილოფონი;2;pending;A
935058;Behringer D3 Podcast Bundle კონდენსატორული მიკროფონის კომპლე;2;pending;A
10-1664;Yamaha F310P NA კლასიკური გიტარა;2;pending;A
10-1662;Yamaha F370 BL აკუსტიკური გიტარა;2;pending;A
10-1668;Yamaha THR5A აკუსტიკური გიტარის გამაძლიერებელი;2;pending;A
402126;Harley Benton CST-24T Emerald Flame ელ.გიტარა;2;pending;A
419817;Bari Esprit II Alto Sax Mouthpiece ალტო-საქსაფონის მუშტუკი;2;pending;A
495653;Markbass Advanced 4 STS 45-105 ბას გიტარის სიმები;2;pending;A
11538;Markbass Compressore ეფექტ-პედალი;2;pending;A
R402350;Roland RH-A30 სტუდიური ყურსასმენი;2;pending;A
401630;Roland RH-300 სტუდიური ყურსასმენი;2;pending;A
412001;Roland Rh-A7-Bk სტუდიური ყურსასმენი;2;pending;A
085430;Roland RH-200 სტუდიური ყურსასმენი;2;pending;A
1ZA2552X0372101482;Alvarez RG260CESB ელ.აკუსტიკური გიტარა;2;pending;A
13143;Kawai KDP120 Satin Black 88-Key ციფრული პიანინო;2;pending;A
13026;Orange Crush-20BK გიტარის გამაძლიერებელი;2;pending;A
13027;Orange Crush Bass 100BK ბას-გიტარის კომბი;2;pending;A
363893;Adam Hall SDMSB 190 Stereo Bar მიკროფონის სამაგრი;2;pending;A
304279;Harley Benton HBJ-25LH ბანჯო;2;pending;A
502929;Hughes & Kettner Spirit of Metal გიტარის გამაძლიერებელი;2;pending;A
503719;Hughes & Kettner Spirit of Rock გიტარის გამაძლიერებელი;2;pending;A
793815;Alvarez AMP610E2 Parlor Shadowburst ელ.აკუსტიკური გიტარა;2;pending;A
019954952518;D'Addario EJ33 Folk Nylon 80/20 კლასიკური გიტარის სიმები;2;pending;A
019954944537;D'Addario EJ38H აკუსტიკური გიტარის სიმები 10-27;2;pending;A
TB04509;Used Peavey Vypyr 15-Watt გიტარის კომბი;2;pending;A
019954121242;D'Addario EFT17 Phosphor Bronze Medium აკუსტიკური გიტარის სი;2;pending;A
8698546100500;Pitbull SCG Hard Tension კლასიკური გიტარის სიმები;2;pending;A
8698546100272;Pitbull GEB 5 Light ბას-გიტარის სიმები 45-128;2;pending;A
8684325360357;Pitbull GEB 5 Custom Light ბას-გიტარის სიმები 45-125;2;pending;A
8684325360661;Pitbull GEB 5 Heavy Light ბას-გიტარის სიმები 45-128;2;pending;A
8698546100289;Pitbull GEB 6 Super Light ბას-გიტარის სიმები 30-125;2;pending;A
8698546100937;Pitbull TEB 4 Light Short Scale ბას-გიტარის სიმები 45-105;2;pending;A
8698546100944;Pitbull TEB 5 Light Short Scale 45-130 ბას-გიტარის სიმები;2;pending;A
8684325360050;Pitbull MEB 5 Light Extra Long ბას-გიტარის სიმები 45-130;2;pending;A
8684325360067;Pitbull MEB 6 Light Extra Long Scale ბას-გიტარის სიმები 30-1;2;pending;A
TB04537;Used MAX-A-54 დინამიური მიკროფონი;2;pending;A
555113-2;On-Stage IHH1020 Harmonica Holder ჰარმონიკის სამაგრი;2;pending;A
749699120209;Ernie Ball 2020 Paradigm ელექტრო გიტარის სიმები 11-48;2;pending;A
MSC20Pro-BK;Mooer MSC20 Pro Black Burst ელ.გიტარა;2;pending;A
MSC20Pro-BR;Mooer MSC20 Pro Amber Brown ელ.გიტარა;2;pending;A
MSC30Pro-LBL;Mooer MSC30 Pro Lake Blue ელ.გიტარა;2;pending;A
MSC30Pro-RPP;Mooer MSC30 Pro Rose Purple ელ.გიტარა;2;pending;A
MSC31Pro-BL;Mooer MSC31 Pro Blue Burst ელ.გიტარა;2;pending;A
MSC31Pro-GR;Mooer MSC31 Pro Green Burst ელ.გიტარა;2;pending;A
MSC31Pro-GRAY;Mooer MSC31 Pro Grey Burst ელ.გიტარა;2;pending;A
GE1000WH;Mooer GE1000 White გიტარის პროცესორი;2;pending;A
GE200ProLi;Mooer GE200 PRO Li გიტარის პროცესორი;2;pending;A
612718;Breedlove Discovery S Concert აკუსტიკური გიტარა;2;pending;A
40477371111269;Harley Benton HQS ACB 40-95PB Coated აკუსტიკური ბას-გიტარის ;2;pending;A
00906;Behringer X32 PRODUCER-EU ციფრული მიქსერი;2;pending;A
TB04579;Shure Wireless microphone system უკაბელო მიკროფონების სისტემ;2;pending;A
8697755705278;Istanbul Agop 19″ Xist Dark Ion Trash დრამის თეფში;2;pending;A
8697755713129;"Istanbul Agop Crash 18"" Turk დრამის თეფში";2;pending;A
935073;Behringer C-3 კონდენსატორული მიკროფონი;2;pending;A
94252;Casio CDP-S160BKC2 88-Key ციფრული პიანინო;2;pending;A
611418;Millenium Metal Shaker Silver შეიქერი;2;pending;A
611415;Millenium Metal Shaker Red შეიქერი;2;pending;A
611419;Millenium Metal Shaker Yellow შეიქერი;2;pending;A
607272;Startone SFD-2410W მარშის დრამი;2;pending;A
607332;Startone SFD-2210R მარშის დრამი;2;pending;A
602442;"Mackie CR3.5 Active 3.5"" სტუდიური მონიტორები";2;pending;A
602453;"Mackie CR4.5 Active 4.5"" Pair სტუდიური მონიტორები წყვილი";2;pending;A
602455;"Mackie CR5 BT 5"" Pair სტუდიური მონიტორი წყვილი";2;pending;A
407761;SkyGel Gel Damper Pads Crystal Green დრამის დამხშობი;2;pending;A
219514;Audio-Technica AT 2035 კონდენსატორული მიკროფონი;2;pending;A
522288;Millenium Gel Damper Pads 6pcs Clear დრამის დამხშობი;2;pending;A
522294;Millenium Gel Damper Pads 12pcs Clear დრამის დამხშობი;2;pending;A
407760;SkyGel Gel Damper Pads Crystal Blue დრამის დამხშობი;2;pending;A
0809-AAP86-EU1;TC Electronic Teleport GLT Active DI Boxes სიგნალის გამაძლიე;2;pending;A
SMBS5;AdamHall Stands SMBS5 სტუდიური მონიტორის კედლის სამაგრი;2;pending;A
001529;Takamine GLN12E NEX Natural Satin ელ.აკუსტიკური გიტარა;2;pending;A
MV7+-K-BNDL;Shure MV7+ K-BNDL Podcast Kit დინამიური მიკროფონი;2;pending;A
386554;Koshi Chimes Terra კოში;1;pending;A
6971889220640;Mooer Preamp Model X2 გიტარის ეფექტ-პედალი;1;pending;A
CABX2;Mooer M724 (CAB X2) გიტარის ეფექტ/პედალი;1;pending;A
6943206791355;Mooer WVP1 (Leveline) გიტარის ეფექტ/პედალი;1;pending;A
6943206791393;Mooer WTW1 Wah (Redkid) გიტარის ეფექტ/პედალი;1;pending;A
6943206791362;Mooer WPH1 (Phaser Player) გიტარის ეფექტ/პედალი;1;pending;A
6943206791607;Mooer TCH1 (Reverie Chorus) Guitar Effect Pedal გიტარის ეფექ;1;pending;A
6943206790204;Mooer MPH1 (Ninety Orange) გიტარის ეფექტ/პედალი;1;pending;A
6943206791836;Mooer MFT4 (Envelope) გიტარის ეფექტ/პედალი;1;pending;A
6943206790570;Mooer MFT2 (Funky Monkey) გიტარის ეფექტ/პედალი;1;pending;A
6943206790457;Mooer MFT1 (Sweeper) ბასის ეფექტ/პედალი;1;pending;A
6943206791454;Mooer MFL2 (E-lady) გიტარის ეფექტ/პედალი;1;pending;A
6943206790808;Mooer MDS6 (Ultra Drive MKII) გიტარის ეფექტ/პედალი;1;pending;A
6943206790440;Mooer MDL3 (Echolizer) გიტარის ეფექტ/პედალი;1;pending;A
6943206790785;Mooer MDI1 (Micro DI) გიტარის ეფექტ/პედალი;1;pending;A
6943206791096;Mooer MCH2 (Ensemble Queen) ბასის ეფექტ/პედალი;1;pending;A
6943206790587;Mooer MAC1 (Acoustikar) გიტარის ეფექტ/პედალი;1;pending;A
6971889221272;Mooer M727 (Looper X2) გიტარის ეფექტ/პედალი;1;pending;A
6971889220312;Mooer M723 (R7 Reverb X2) გიტარის ეფექტ/პედალი;1;pending;A
6943206792390;Mooer M019 (UK Gold PLX) გიტარის ეფექტ/პედალი;1;pending;A
6943206792383;Mooer M018 (Custom 100) გიტარის ეფექტ/პედალი;1;pending;A
6943206792369;Mooer M016 (Phoenix) გიტარის ეფექტ/პედალი;1;pending;A
6943206792352;Mooer M015 (Brown Sound) გიტარის ეფექტ/პედალი;1;pending;A
6943206792345;Mooer M014 (Taxidea Taxus) გიტარის ეფექტ/პედალი;1;pending;A
6943206792338;Mooer M013 (MatchBox) გიტარის ეფექტ/პედალი;1;pending;A
6943206792208;Mooer M011 (Cali-Dual) გიტარის ეფექტ/პედალი;1;pending;A
M010;Mooer M010 (Two Stones) გიტარის ეფექტ/პედალი;1;pending;A
6943206792185;Mooer M009 (Blacknight) გიტარის ეფექტ/პედალი;1;pending;A
6943206792161;Mooer M007 (Regal Tone) გიტარის ეფექტ/პედალი;1;pending;A
6943206792154;Mooer M006 (US Classic Deluxe) გიტარის ეფექტ/პედალი;1;pending;A
6943206792147;Mooer M005 (Brown Sound 3) გიტარის ეფექტ/პედალი;1;pending;A
6943206792130;Mooer M004 (Day Tripper) გიტარის ეფექტ/პედალი;1;pending;A
6943206792123;Mooer M003 (Power Zone) გიტარის ეფექტ/პედალი;1;pending;A
6943206792109;Mooer M001 (Gas Station) გიტარის ეფექტ/პედალი;1;pending;A
SD50A000000001;Mooer SD50A გიტარის აკუსტიკური გიტარის გამაძლიერებელი/კომბი;1;pending;A
6971889220794;Mooer M703 (D7 Delay) გიტარის ეფექტ/პედალი;1;pending;A
6971889227779;Mooer M704 (A7 Ambiance) გიტარის ეფექტ/პედალი;1;pending;A
GWU4915BK;Mooer GWU4 (Wireless Plug 915 Black) სასცენო, უკაბელო, ხმის ;1;pending;A
W800PBK;GTRS W800 (Wing 800 Pearl Black) ელექტრო გიტარა;1;pending;A
CC546423959DE-2;Squier Aff. Tele Deluxe MN Black Electric Guitar ელექტრო გიტ;1;pending;A
1Z91W0350323037498;Cort Action VA Purple ბას-გიტარა;1;pending;A
CC544311226DE-2;Fender Redondo Player LPB Electric Acoustic Guitar ელექტრო ა;1;pending;A
CC544311288DE-2;Fender Redondo Player CAR ელექტრო აკუსტიკური გიტარა;1;pending;A
520276;Thomann DP-28 Plus WH Digital Piano ციფრული პიანინო;1;pending;A
CDW1004;"Djembe 10"" (Wooden)  ჯემბე (ხის)";1;pending;A
CC548481319DE-4;Harley Benton Twoface Dual გიტარის ეფექტ-პედალი;1;pending;A
CC548481225DE;Korg PA-300 Synthesizer სინთეზატორი;1;pending;A
CC547926192DE;LP 1400-C3 UDU Drum Claytone #3 კაჯუდო დრამი;1;pending;A
551270;Flamma FC21 Optical Compressor გიტარის ეფექტ-პედალი;1;pending;A
1ZAY26220472644803-1;Harley Benton B-35NT Acoustic Bass Series აკუსტიკური ბას გიტ;1;pending;A
304930;Harley Benton JB-75 SB Vintage Series ბას-გიტარა;1;pending;A
387842;Thomann Tibetan Alu Singing Bowl 28cm ტიბეტური თასი;1;pending;A
8697755727157;"Istanbul Agop 26"" Agop Signature Ride რაიდი";1;pending;A
8697755728802;"Istanbul Agop 14"" Lenny White Epoch Hi-Hats ლენი ვაითი ჰაიჰე";1;pending;A
8697755728703;"Istanbul Agop 22"" Lenny White Epoch Ride Cymbal თეფში რაიდი";1;pending;A
8697755753798;"Istanbul Agop 22"" XDDC22 Xist Dry Dark Crash Cymbal ქრაში";1;pending;A
8697755705353;"Istanbul Agop 20"" Xist Dry Dark Crash Cymbal ქრაში";1;pending;A
8697755705285;"Istanbul Agop 10"" Xist Dry Dark Splash Cymbal სფლეში";1;pending;A
8697755753941;Istanbul Agop 21″ XIST Dry Dark Brilliant Crash ქრაში;1;pending;A
8697755753934;"Istanbul Agop 19"" Xist Dry Dark Brilliant Crash ქრაში";1;pending;A
60103;Valencia VC354PK classical Guitar, Pink კლასიკური გიტარა;1;pending;A
1Z1R05550395148308;Dean Cadi X Ebony Solid Body Electric Guitar ელექტრო გიტარა;1;pending;A
02897;ALESIS COMMANDSEKITXEU - 8 Piece Electronic Drum Kit w/Mesh ;1;pending;A
705633;Sennheiser EW-112P G3 Wirless Microphone;1;pending;A
415459;Uesd Line6 AM4 Pedal Amp Stompbox Modeler ეფექტ-პედალი;1;pending;A
944568;Used NUX Mini Core Tube Man Overdrive გიტარის ეფექტ-პედალი;1;pending;A
CC548212419DE-2;the t.bone BC 500 Dynamic Broadcast Microphone მიკროფონი;1;pending;A
431815;Thomann 37 Pro Melodica Blue მელოდიკა;1;pending;A
386557;Koshi Chimes Ignis კოში;1;pending;A
242235;Vox Pathfinder 10 Bass Guitar Combo Amplifier ბას გიტარის კო;1;pending;A
ST-11;Aiersi stratocaster Electric Guitars (ST11-N) ელექტრო გიტარა;1;pending;A
BJM-04BR;Smiger  BJM-04-BR Mandolin Brown color მანდოლინა;1;pending;A
345093;Harley Benton D-120CE VS ელ. აკუსტიკური გიტარა;1;pending;A
556736;Hercules DJ Control Inpulse 300 MK2 დიჯეი კონტროლერი;1;pending;A
03026;Arturia KeyLab Essential 61 MK3 Black MIDI Controller კონტრო;1;pending;A
ST-SN;Snare Stand მუშა დოლის სადგამი;1;pending;A
DP-32 WH;Thomann DP-32 WH Digital Piano ციფრული პიანინო;1;pending;A
246944;Millenium SS-902 Pro Series Snare Stand დრამის თეფშის სადგამ;1;pending;A
046716103390;Rico Graftonite Clarinet Mouthpiece C3 კლარნეტის მუშტუკი;1;pending;A
737681000950;GHS Boomers 11-50 Medium Electric Guitar Strings ელექტრო გიტ;1;pending;A
dp-201MK2;Hemingway DP-201 MKII AT Digital Piano ციფრული პიანინო;1;pending;A
924132;Jackson JS32T Randy Rhoads Natural Solid Body Electric Guita;1;pending;A
394119;Zaphir Twilight - Autum Chimes;1;pending;A
CC547808669DE-11;Flamma FC18 Clean Boost Guitar Effect Pedal გიტარის ეფექტ პე;1;pending;A
AP-270 WE;Casio AP-270 WE Celviano ციფრული პიანინო;1;pending;A
165306;Harley Benton D-200CE-12NT el. Acoustic guitar ელექტრო აკუსტ;1;pending;A
277548;Pyramid Acoustic String set  სიმები;1;pending;A
042406254120;Shure BLX24RE/SM58-K3EBLX24R VOCAL SYSTEM WITH SM58 მიკროფონ;1;pending;A
346349;Used SolidGoldFX Apollo Tap Tempo Phaser;1;pending;A
159511;Millenium VS200 Vibra Slap ვიბრა სლეპ, პერკუსია;1;pending;A
187535;Millenium DTTH-7 Single Tom Holder ტომის დამჭერი;1;pending;A
309906;Beyerdynamic DT-770 Pro 32 Ohm studio headphones სტუდიური ყუ;1;pending;A
256818;Harley Benton AC TrueTone , გიტარის ეფექტ/პედალი;1;pending;A
256822;Harley Benton Extreme Metal guitar effect გიტარის ეფექტი;1;pending;A
CC547808831DE-2;Harley Benton HBV 870BK 4/4 Electric violin - ელექტრო ვიოლინ;1;pending;A
420172;Roland DJ-202 dj controler დიჯეი კონტროლერი;1;pending;A
256803;Harley Benton Ultimate Drive Guitar Effect Pedal გიტარის ეფე;1;pending;A
CC547809324DE-11;Harley Benton Double Agent;1;pending;A
S801-Green;Mooer S801 GTRS ჭკვიანი ელ.გიტარა;1;pending;A
CC547808669DE-5;Millenium PD-122 Pro Bass Drum Pedal დრამის პედალი;1;pending;A
CC547808669DE-2;Harley Benton Binary Guitar Effect Pedal გიტარის ეფექტ პედალ;1;pending;A
CC547808669DE-1;Harley Benton California TrueTone Guitar Effect Pedal გიტარი;1;pending;A
730428;Used Casio CDP-200R 88-Key Digital Piano Black ციფრული პიანი;1;pending;A
CDAS10N-UN;"Djembe 10"" Mix Color დჯემბე";1;pending;A
470746;Casio CT-S300 Synthesizer სინთეზატორი;1;pending;A
4049521127205;AdamHall Cable K3BMV0300 XLR-M to 6.3 Stereo Jack 3m აუდიო კ;1;pending;A
4049172130555;Harley Benton Valuestrings A-Bass 40-95 String Setბას გიტარი;1;pending;A
CC547425015DE-2;Joyo MA-10E Portable Guitar Amp გამაძლიერებელი/კომბი;1;pending;A
046716577658;Rico Metalite Tenor Sax Moutpiece M5 ტენორ-საქსაფონის მუშტუკ;1;pending;A
641064052064;Selmer Goldentone Bb Clarinet Mouthpiece #3 Facing კლარნეტის;1;pending;A
TB04276;Used IRIN Electric Bass Guitar ბას-გიტარა;1;pending;A
TA-CH104-BK;Masterwork Turkish Aluminum Darbuka Gnarled (TA-CH104-BK) და;1;pending;A
CDW1001;"Djembe 10"" (Wooden)  ჯემბე (ხის)";1;pending;A
753157;Squier Classic Vibe '60s Jaguar Silver Sparkle Electric Guit;1;pending;A
1Z4F433E0333881552;AXL Player Deluxe Sunburst ბას-გიტარა;1;pending;A
CLP-735 B;Yamaha CLP-735 B Digital Piano Clavinova ციფრული პიანინო;1;pending;A
CLP-745;Yamaha CLP-745 B Digital Piano Clavinova, 88-keys ციფრული პი;1;pending;A
1Z2R39850390668037;Yamaha PSR GX76 Keyboard Synthesizer კლავიატურა სინთეზატორი;1;pending;A
CC544757588DE-1;Fender FA-15 3/4 WN Black Acoustic Guitar აკუსტიკური გიტარა;1;pending;A
453754;Takamine G124 Classical Guitar კლასიკური გიტარა;1;pending;A
CC547425633DE-2;Harley Benton Custom Line Superior ელ.აკუსტიკური გიტარა;1;pending;A
375943;Harley Benton DC-200LH BK Student Series  ელექტრო გიტარა;1;pending;A
446368;Marcus Miller M2 TBL 2nd Gen ბას-გიტარა;1;pending;A
616022103911;Promark TB3 Telescopic Brushes;1;pending;A
157819;Harley Benton D-120CE BK აკუსტიკური გიტარა;1;pending;A
SU024ADC;Aiersi UKULELE SU024ADC;1;pending;A
498378;Harley Benton MiniStomp Magnum D.I. Bass Effect Pedal ბას ეფ;1;pending;A
042406186797;Shure SV100 MICROPHONE, DYNAMIC მიკროფონი;1;pending;A
8201;ALHAMBRA V GUITAR 2 F Flamenco;1;pending;A
994901;Used Pioneer DJ DDJFLX6 Black DJ Controller დიჯეი კონტროლერი;1;pending;A
CC547926161DE-6;Thomann SB-4 Steel Cowbell ქაუბელი;1;pending;A
489638;Harley Benton SC-Special TV Yellow ელექტრო გიტარა;1;pending;A
CC540236652DE-1;Harley Benton TE-90FLT SB Deluxe Series ელექტრო გიტარა;1;pending;A
528005;Harley Benton JA-Baritone BK ბარიტონი;1;pending;A
406862;Soundcraft Ui24R 24-channnel Digital Mixer ციფრული მიქსერი;1;pending;A
405539;Thomann 4H Clownfish English System ოკარინა;1;pending;A
1ZY850810300033553;Yamaha P150 88 Key Digital Piano ციფრული პიანინო;1;pending;A
8697755750827;"Istanbul Agop CSFX Clap Stack Cymbals 11""/13""/15"" დრამის თეფ";1;pending;A
8697755725009;"Istanbul Agop 21"" Mel Lewis Signature Ride Drum Cymbal დრამი";1;pending;A
8697755727218;"Istanbul Agop 18"" Agop Signature Crash Drum Cymbal დრამის თე";1;pending;A
8697755727201;"Istanbul Agop 16"" Agop Signature Crash Drum Cymbal დრამის თე";1;pending;A
8697755727126;"Istanbul Agop 22"" Agop Signature Ride Drum Cymbal დრამის თეფ";1;pending;A
8697755727027;"Istanbul Agop 15"" Agop Signature Hi-Hat Drum Cymbal დრამის თ";1;pending;A
8697755727010;"Istanbul Agop 14"" Agop Signature Hi-Hat Drum Cymbal დრამის თ";1;pending;A
8697755707135;Istanbul Agop 16 Traditional Thin Crash ქრაში;1;pending;A
8697755703205;"Istanbul Agop 20"" Traditional Dark Ride Drum Cymbal დრამის თ";1;pending;A
8697755705018;"Istanbul Agop 14"" XIST Power Hi-Hat Brilliant Drum Cymbal დრ";1;pending;A
8697755744888;"Istanbul Agop 18"" XIST Power Crash Brilliant Drum Cymbal დრა";1;pending;A
8697755744468;Istanbul Agop 14” XIST ION Hi-Hats Drum Cymbal დრამის თეფში ;1;pending;A
8697755744239;"Istanbul Agop 18"" XIST Crash Brilliant Drum Cymbal დრამის თე";1;pending;A
02884;Sennheiser HD 200 Pro Headphones ყურსასმენი;1;pending;A
1ZG8762H0306610930;Squier Classic Vibe 70s Telecaster Custom 2018 Sunburst ელ.გ;1;pending;A
6971889222057;Mooer MVP2 (Harmonier) გიტარის პროცესორი, მულტი ეფექტი;1;pending;A
6943206790556;Mooer MDS5 (SOLO) გიტარის ეფექტ/პედალი;1;pending;A
M020;Mooer M020 (Blueno) გიტარის ეფექტ/პედალი;1;pending;A
6943206792116;Mooer M002 (UK Gold 900) გიტარის ეფექტ/პედალი;1;pending;A
1Z731E7F0331618542;Dean Cadillac Straight Six Black Jesse James Bourbon Solid B;1;pending;A
1Z264E8W0315838729;Jackson JS2 Concert Walnut ბას-გიტარა;1;pending;A
60105;Valencia VC354WR classical Guitar, Wine Red კლასიკური გიტარა;1;pending;A
8697755716519;"Istanbul Agop 18"" Traditional Sultan China Cymbal სულტან თეფ";1;pending;A
8697755713730;"Istanbul Agop 22"" China Turk ჩაინა";1;pending;A
8697755713716;"Istanbul Agop 18"" China Turk ჩაინა";1;pending;A
8697755713631;"Istanbul Agop 7"" Turk Bell Cymbal დრამის ბელი";1;pending;A
8697755713303;"Istanbul Agop 20"" Turk Jazz Ride Cymbal რაიდი";1;pending;A
8697755713105;"Istanbul Agop Turk Crash Cymbal 16"" ქრაში";1;pending;A
961258;Sennheiser EW 112P G4 Wireless Lavalier Microphone System მი;1;pending;A
8697755753866;"Istanbul Agop 22"" Xist Dry Dark Ride Cymbal რაიდი";1;pending;A
8697755705346;"Istanbul Agop 19"" Xist Dry Dark Ride Cymbal რაიდი";1;pending;A
CDW1003;"Djembe 10"" (Wooden) ჯემბე ხის";1;pending;A
644769-2;Terre Shaman Drum Saami Style 50 პერკუსია, დაირა;1;pending;A
498226;Thomann Bag Hercules Inpulse 300 კონტროლერის ჩანთა;1;pending;A
1ZXX18250339951287;Used Epiphone AJ220SCE VS Acoustic Guitar;1;pending;A
521980;Harley Benton Tag Team გიტარის ეფქტ/პედალი;1;pending;A
4033685003727;Warwick 46300 ML Red Label ბას გიტარის სიმები;1;pending;A
046716532725;Rico Tenor Saxophone Reed 3.0 ტენორ საქსაფონის ტროსტი;1;pending;A
495762;DW PDP New Yorker Shell Black Drum Kit დასარტყამი ინსტრუმენტ;1;pending;A
1ZY3X5480333301979;Xaviere Custom Telecaser Tobacco Burst Hollow Body Electric ;1;pending;A
995890;Manuel Rodriguez Caballero 11 Natural Classical Acoustic Gui;1;pending;A
133544;Millenium Cowbell 7 ქაუბელი;1;pending;A
386053;Mahalo mr1bu უკულელე;1;pending;A
CC547809324DE-12;Harley Benton Crunch Distortion guitar effect;1;pending;A
646113;Used Zoom G1N Effect Pedal ეფექტ-პედალი;1;pending;A
CC541334700DE;"Millenium Focus 18""x14"" Red ბას-დრამი";1;pending;A
CC541027942DE-7;Thomann Wind Gong 15 პერკუსია, მეტალის თეფში, გონგი(დასარტყა;1;pending;A
CC541484752DE-4;Afroton Rainmaker 100cm წვიმის ხმის იმიტაცია;1;pending;A
CC541485165DE-3;Thomann Egg Shaker პერკუსია, საჩხრიალო,კვერცხის ფორმის;1;pending;A
KK203;Kenaz Kalimba KK203 17 keys with case კალიმბა;1;pending;A
CC547424575DE-2;Meinl Snarecraft Mini Cajon Almond კახონი;1;pending;A
9480;Alhambra Machine Heads No. 1 სიმების მომჭერი;1;pending;A
1ZV8925V0312109819;Fender Modern Player Telecaster Plus 2 Tone Sunburst Solid B;1;pending;A
1ZAY26220469425467-3;Marcus Miller V3P-5 SNB ბას-გიტარა;1;pending;A
802593;"Turbosound iQ18B 3000W 18"" Powered Subwoofer აქტიური დაბალი ";1;pending;A
CC541933439DE-1;Classica Acacia classical guitar;1;pending;A
1Z10F23W0394966052;Squier Classic Vibe 70s Thinline Telecaster Natural Hollow B;1;pending;A
535645;Casio CDP-S110 WH Digital Piano ციფრული პიანინო;1;pending;A
698502504791;Savarez 510MRJ Cantiga Strings კლასიკური გიტარის ნეილონის სი;1;pending;A
698502504029;Savarez 510MR Cantiga Strings კლასიკური გიტარის ნეილონის სიმ;1;pending;A
477384;"Remo Encore 24"" დრამის მემბრანა";1;pending;A
534983;Audio-Technica ATH-M50x (Professional Monitor Headphones) Bl;1;pending;A
968949;Used DW 9000 Series Hi Hat Stand - Two Leg ჰაიჰეტის სადგამი;1;pending;A
8697755744116;Istanbul Agop 18″ XIST ION Crash Drum Cymbal დრამის თეფში ქრ;1;pending;A
8697755743133;"Istanbul Agop 18"" XIST Crash Drum Cymbal დრამის თეფში ქრაში";1;pending;A
8697755743034;"Istanbul Agop 24"" XIST Ride Drum Cymbal დრამის თეფში რაიდი";1;pending;A
414723;Thomann SB-6 Steel Cowbell ქაუბელი;1;pending;A
815301001386;Focusrite Vocaster One Studio Podcasting Interface აუდიო ინტ;1;pending;A
815301001355;Focusrite Vocaster Two Podcasting Interface Bundle ნაკრები;1;pending;A
1Z93AV830307915776;Fender Mexico Stratocaster Black  ელექტრო გიტარა;1;pending;A
1Z399F7W0337132125;Ibanez Gio Black Solid Body Electric Guitar ელექტრო გიტარა;1;pending;A
523286;Harley Benton R-446 Blue Metallic ელ. გიტარა;1;pending;A
1ZAY26226649826955-8;Harley Benton TB-70VS Deluxe Series ბას-გიტარა;1;pending;A
224321;Harley Benton JB-75MN NA Vintage Jazz Bass ბას-გიტარა;1;pending;A
CC539922891DE-3;Harley Benton TE-62CC LH SFG Electric Guitar ელექტრო გიტარა ;1;pending;A
378054;Thomann SP-5600 Digital Piano ციფრული პიანინო;1;pending;A
339362;Harley Benton MS-60 Electric Guitar WH ელექტრო გიტარა;1;pending;A
CC541028214DE-10;Harley Benton RG-Junior BK LH Electric Guitar ელექტრო გიტარა;1;pending;A
1ZE33E420338301882;Squier Vintage Modified Telecaster Custom II Black Electric ;1;pending;A
523292;Harley Benton R-446 Plum Metallic Electric Guitar ელექტრო გი;1;pending;A
523295;Harley Benton R-446 Graphite Metallic ელექტრო გიტარა;1;pending;A
561924;Harley Benton R-446 Flip Flop Blue ელექტრო გიტარა;1;pending;A
3063045;Fender Squier Sonic Stratocaster 2-Color Sunburst ელ. გიტარა;1;pending;A
CC545287801DE-7;Mackie EM-91C Condenser Microphone კონდენსატორული მიკროფონი;1;pending;A
1ZAY26220454082856-2;Harley Benton JA-60CC DR Jaguar Guitar ელექტრო გიტარა;1;pending;A
1ZAY26220442883012-1;Harley Benton TE-90QM Hollow Body Telecaster ელექტრო გიტარა;1;pending;A
1ZAY26220443413938-5;Harley Benton TE-90FLT Red Blast Telecaster Electric Guitar ;1;pending;A
511276;Used Behringer CC300 Chorus Space-C გიტარის ეფექტ-პედალი;1;pending;A
03326;Arturia MiniFuse Recording Pack White ჩამწერი;1;pending;A
1ZE33E420310175204;Kramer Focus VT211S RUBY Red Electric Guitar ელექტრო გიტარა;1;pending;A
CC543981803DE-1;Harley Benton ST-62DLX Strat Electric Guitar ელექტრო გიტარა;1;pending;A
CC545287055DE-2;Harley Benton TE-90FLT SB Telecaster Electric Guitar ელექტრო;1;pending;A
CC545286871DE-2;Harley Benton TE-90FLT Orange Blast Telecaster Electric Guit;1;pending;A
1Z3V913E0392498819;Gretsch Guitars G2210 GUNMETAL Solid Body Electric Guitar ელ;1;pending;A
1ZR23F960397728118;Gretsch Les Paul Jet Club Electromatic II Sunburst Solid Bod;1;pending;A
175729;Gretsch Electromatic G5220 Jet Firestick ელექტრო გიტარა;1;pending;A
1Z14V36V0335983781;Kramer KS-400 SB Stratocaster - Vintage 1980's with Hockey S;1;pending;A
888753;Gretsch Les Paup G5236 PRO JET Silver Solid Body Electric Gu;1;pending;A
769-1;Casio PX-770WE Digital Piano ციფრული პიანინო;1;pending;A
020342-3;Epiphone Starling Acoustic Guitar აკუსტიკური გიტარა;1;pending;A
511102;Cort CJ Retro VBM ელ. აკუსტიკური გიტარა;1;pending;A
1Z5RF7260308459678;Squier Classic Vibe Telecaster Sonic Blue Hollow Body ელ.გიტ;1;pending;A
1Z6WX8690318143239;Ibanez Gio GRGR120EX Blue Solid Body ელ. გიტარა;1;pending;A
138057;Ibanez EW20ASNT Acoustic Guitar აკუსტიკური გიტარა;1;pending;A
1ZAY26220469350592;Casio PX-870 BN Privia Digital Piano ციფრული პიანინო;1;pending;A
03132;Behringer Xenyx QX1204USB 12-channel Analog Mixer ანალოგური ;1;pending;A
386555;Koshi Chimes Aqua კოში;1;pending;A
495667;DW PDP New Yorker Green Drum Kit დასარტყამი ინსტრუმენტის კომ;1;pending;A
1ZA64T570397791944;Gretsch Guitars G2210 Gold Solid Body Electric Guitar ელექტრ;1;pending;A
CC547925886DE;Thomann KB-15OAKM piano bench პიანისტის სკამი;1;pending;A
456138;Harley Benton D-120CE TB Electric Acoustic guitar ელექტრო აკ;1;pending;A
FN-20;Smiger FN-20 Acoustic Guitar აკუსტიკური გიტარა;1;pending;A
M-12X-50-N;Smiger M-12X-50 Acoustic Guitar 12 სიმიანი აკუსტიკური გიტარა;1;pending;A
060682;2013 Gibson LPJ Low Gloss Chocolate Electric Guitar ელექტრო ;1;pending;A
1ZV6F3890391215297;Gretsch Guitars G2210 Cream ელ.გიტარა;1;pending;A
CC548211002DE-1;the t.bone IEM 75 in ear-monitoring system ყურის მონიტორი;1;pending;A
53171902084467;Used DigiTech RP80 Guitar Multi-Effects Process გიტარის პროც;1;pending;A
438877;Terre Shaman Drum Goat Skin Tree 50 პერკუსია, დაირა;1;pending;A
MG50GFX;Marshall MG50GFX Electric Guitar Combo Amplifier გიტარის კომ;1;pending;A
315308;Dean Z Metalman Classic Black ბას-გიტარა;1;pending;A
524691;Behringer Studio XL 2x4 USB 2.0 Audio Interface with MIDAS M;1;pending;A
440820;"Gewa 10"" Djembe Liberty  ჯემბე";1;pending;A
802534;Behringer MPA40BT Portable 40W PA System with Bluetooth აქტი;1;pending;A
223793;Meinl ATD-M African Talking Drum ჯემბე დასარტყამი ინსტრუმენტ;1;pending;A
1Z2XF2420395698351;Epiphone EJ200SCE Black ელ.აკუსტიკური გიტარა;1;pending;A
68207439573696;Behringer HA400 Headphone Amplifier ყურსასმენის ხმის გამაძლი;1;pending;A
1ZAY26220446169751-5;Ibanez GRG121DX-WNF Electric Guitar ელექტრო გიტარა;1;pending;A
1ZAY26220444544750-2;Harley Benton R-457 BK Progressiv Series 7-String ელ.გიტარა;1;pending;A
CC541484752DE-3;Pearl Bamboo Rainstick 100cm წვიმის ხმის იმიტაცია;1;pending;A
CC541485165DE-8;Pearl Bamboo Rainstick 80cm  წვიმის ხმის იმიტაცია;1;pending;A
03146;Arturia MiniFuse Recording Pack Black ჩამწერი;1;pending;A
CC546302037DE-1;Millenium CB-901 Pro Series Cymbal Stand დრამის თეფშის სადგა;1;pending;A
MG30GFX;Marshall MG30GFX გიტარის გამაძლიერებელი;1;pending;A
6971889220084;Mooer M705 (R7 Reverb) - გიტარის ეფექტ/პედალი;1;pending;A
6971889220060;Mooer M701 (Tone Capture) EQ ეფექტ/პედალი;1;pending;A
6971889220787;Mooer SD30i Intelligent Amp - გიტარის ჭკვიანი გამაძლიერებეელ;1;pending;A
S900RG;Mooer S900 GTRS Standard 900 Racing Green ჭკვიანი ელ.გიტარა;1;pending;A
6943206790594;Mooer MDL1 (Repeater) 3 Modes Digital Delay Effect Pedal გიტ;1;pending;A
6943206790105;Mooer MCH1 (Ensemble King) Chorus Pedal ეფექტ პედალი;1;pending;A
6943206790112;Mooer MOD1 (Green Mile) გიტარის ეფექტ/პედალი;1;pending;A
6943206790419;Mooer PDNW-9V2A-EU Wall Adapter კვების ბლოკი;1;pending;A
PB-05;Mooer PB-05 Pedal Board for Micro pedals - პედლების დაფა;1;pending;A
PB-10;Mooer PB-10 Multi-Angle Pedal Board პედლების დაფა;1;pending;A
1Z2E955W0328704698;Used Seagull S6 Classic M-450t Natural Acoustic Electric Gui;1;pending;A
1ZAY26220464663352;Korg D1 WH Digital Piano ციფრული პიანინო;1;pending;A
1ZX769850392396718;Squier Vintage Modified Telecaster Custom Vintage Blonde ელე;1;pending;A
1ZAY26220465397657;Kawai ES-120 W Digital Piano ციფრული პიანინო;1;pending;A
1Z45E1F00398344229;Squier Bullet Telecaster Red Sparkle Electric Guitar ელექტრო;1;pending;A
1ZE077R40318378008;OLP Music Man Silhouette Candy Red electric guitar ელექტრო გ;1;pending;A
2370225;FENDER ACOUSTASONIC 15 Guitar Amplifier აკუსტიკური გიტარის კ;1;pending;A
1ZV7F3690393110940;Used TC-Helicon VoiceLive 2 Vocal Processor;1;pending;A
CG-220;Smiger CG-220-39 Classical Guitar კლასიკური გიტარა;1;pending;A
386556;Koshi Chimes Aria კოში;1;pending;A
501081;Manuel Rodriguez Tradicion T-44  1/4 ზომა, classical guitar,;1;pending;A
1Z2R39850397339755;Jackson PS3 Performer Rhoads Iridescent Turquoise ელ.გიტარა;1;pending;A
757711;Electro-Harmonix Key 9 Digital Piano Machine Guitar Pedal გი;1;pending;A
195259;DW Go Anywhere Smart Practice Pad Kit სავარჯიშო პადები;1;pending;A
414579;Millenium Percussion Pad Stand დრამ პადის სადგამი, სავარჯიშო;1;pending;A
73681420017;Ghs David Gilmour Signature Blue Electric Guitar Strings 10-;1;pending;A
AIERSI-KL;Aiersi KALIMBA კალიმბა;1;pending;A
Ph-A50-41;Luxars Guitar Case Ph-A50 გიტარის მყარი ჩანთა / ქეისი;1;pending;A
493572;Thomann DP-28 Plus Digital Pianoციფრული პიანინო;1;pending;A
108982;Lee Oskar Natural Minor C Harmonica in C ტუჩის გარმონი, ჰარმ;1;pending;A
554016;"Thomann Crystal Bowl CF Singing Bowl Size: 12"" - Note: C სას";1;pending;A
00963;AdamHall Cable K3MIDI0600BLK Midi-კაბელი 6 m;1;pending;A
TB04636;Used Novation Launchkey 25 MK-3 MIDI-კლავიატურა;1;pending;A
445382;TC Electronic Quntessence Harmony Guitar Effects Pedal ეფექტ;1;pending;A
01447;Behringer PM1 In-Ear Monitoring Signal Processors ხმის გამაძ;1;pending;A
MB20CM;Smartdjlite mirror Disco ball 20cm დისკო ბურთი;1;pending;A
TB04681;Used Ibanez ALT30FM-RDB ელ.აკუსტიკური გიტარა;1;pending;A
01548;Alesis Q49 USB MIDI - კლავიში;1;pending;A
03022;Alesis DRP100 Isolating Drum Reference Headphones ყურსასმენი;1;pending;A
02211;M-Audio Keystation 49 MK3 MIDI Controller მიდი კონტროლერი;1;pending;A
02213;M-Audio Keystation Mini 32 MK3 Midi Controller მიდი კონტროლე;1;pending;A
02445;M-Audio Keystation 88 MK3 Midi Controller მიდი კონტროლერი;1;pending;A
536925;Marcus Miller V3P-4 TS ბას-გიტარა;1;pending;A
300934;Used Novation Impulse 49 Key MIDI Controller მიდი კონტროლერი;1;pending;A
00975;Behringer U-Phoria UMC404HD Audio Interface აუდიო ინტერფეისი;1;pending;A
02977;Behringer BC1500 Premium 7-piece Drum Microphone Set დრამის ;1;pending;A
SKM500;Sennheiser G-545 Wireless Microphone უკაბელო მიკროფონი;1;pending;A
02172;Behringer TD-3-BU Analog Bass Line Synthesizer ბასის სინთეზა;1;pending;A
94186;CASIO PX-770BKC2 ციფრული პიანინო;1;pending;A
710137022829;Dunlop Fretboard ultimate Lemon Oil 118ml;1;pending;A
7350059690312;Wincent W-12LN Light Nylon Brush დრამის ფუნჯები;1;pending;A
01736;Behringer B906 Dynamic Microphone დინამიური მიკროფონი;1;pending;A
02160;M-Audio BX4 Powered Studio Monitors 120 Watt Monitor სტუდიურ;1;pending;A
02161;M-Audio BX3 PAIR 3.5 120 Watt Studio Monitor სტუდიური მონიტო;1;pending;A
CC546423738DE-2;Harley Benton HB Custom Line CLD-10S Acoustic Guitar აკუსტიკ;1;pending;A
720617-2;Used JOYO JF-06 Vintage Phase Effect Pedal გიტარის ეფექტი პე;1;pending;A
720617-4;Joyo JF-35 Pocket Metal Guitar Effect Pedal გიტარის ეფექტ პე;1;pending;A
641652486011;Vater Little Monster Brush დრამის დასარტყამი ფუნჯი;1;pending;A
641652032010;Vater Wire Tap Wood Handle Brush დრამის დასარტყამი ფუნჯი;1;pending;A
60123;Valencia VC203 3/4 Sized Vintage Classical Guitar კლასიკური ;1;pending;A
1ZX77W920313554038;Squier Classic Vibe Telecaster Custom SunburstSolid Body Ele;1;pending;A
1ZAY26220454846656-1;Fun Generation LED Fogger 500 CO2 RGB ფერადი ბოლის აპარატი;1;pending;A
02859;Arturia MiniLab 3 White MIDI კონტროლერი;1;pending;A
03025;Arturia KeyLab Essential 61 MK3 White Midi Controller კონტრო;1;pending;A
802518;Behringer OMEGA Studio Headphones სტუდიური ყურსასმენი;1;pending;A
802519;Behringer ALPHA Studio Headphones სტუდიური ყურსასმენი;1;pending;A
00902;Behringer HPS5000 Studio Headphone სტუდიური ყურსასმენი;1;pending;A
802561;Arturia KeyLab Essential 88 MK3 White MIDI Controller კონტრო;1;pending;A
02979;Arturia MiniFuse 2 White USB-C Audio Interface აუდიო ინტერფე;1;pending;A
042406552158;Shure SRH440A-EFS Professional Studio Headphones სტუდიური ყუ;1;pending;A
02928;Arturia MiniLAB 3 Black Edition - 25 Slim-key Controller მიდ;1;pending;A
PS510186;GEWA pure CLASSIC GUITAR VGS 4/4 BLACK კლასიკური გიტარა;1;pending;A
01202;Native-instruments TRAKTOR KONTROL S4 MK3 დიჯეი კონტროლერი;1;pending;A
02225;Behringer HLC660M Studio Headphones სტუდიური ყურსასმენი;1;pending;A
22320842807132;Used Sterling S204HA Headphone Amp ყურასასმენის გამანაწილებე;1;pending;A
SRH840A;Shure SRH840A-EFS Professional Studio Headphones სტუდიური ყუ;1;pending;A
6943206792574;Mooer M999 (PreAMP Live) Digital Multi PreAMP გიტარის პრეამპ;1;pending;A
P8500 EVP;EVP P8500 EVP AMPLIFIER გამაძლიერებელი;1;pending;A
60037;Valencia VA434VNA Nylon String vintage natural კლასიკური გიტ;1;pending;A
CC539268255DE-3;Ibanez Gio Ax Candy Apple Red Solid Body Electric Guitar ელე;1;pending;A
CC539268255DE-4;used Ibanez GRX40 green;1;pending;A
815301001492;Focusrite Scarlett 4i4 (4th Gen) USB-C Audio Interface აუდიო;1;pending;A
02829;Universal Audio Volt 4 Portable 4x4 USB Audio Interface პორტ;1;pending;A
389088;Used Fender Japan Stratocaster Electric Guitar ელ. გიტარა;1;pending;A
042406196970;SHURE SE215 EARPHONE, CLEAR დინამიური ხმის იზოლირებადი ყურსა;1;pending;A
YCM01;Yamaha YCM01 Condenser Microphone კონდენსატორული მიკროფონი;1;pending;A
J6406;JET JS-400 MBK R,  HH ელ.გიტარა;1;pending;A
250460;JamHub Tourbus Studio Silent 7-Player Rehearsal Recording, T;1;pending;A
CC540235365DE;Thomann Nataraj Elephant Bells სპილოს ბელი;1;pending;A
417284;Harley Benton HBV 990GBY 4/4 ელექტრო ვიოლინო;1;pending;A
4049521127236;AdamHall Cable K3BMV0100 XLR-M to 6.3 Stereo Jack 1m კაბელი;1;pending;A
641652256010;Goodwood Drum Sticks 5A Wood დრამის ჯოხები;1;pending;A
AP-650;Casio AP-650M BK Celviano Digital Piano ციფრული პიანინო;1;pending;A
00900;Behringer HPX6000 DJ ყურსასმენი;1;pending;A
02686;Akai MPK Mini Play MK3 MIDI Controller with Speakers კონტროლ;1;pending;A
03023;Arturia KeyLab Essential 49 MK3 White MIDI Controller Keyboa;1;pending;A
02649;Arturia KeyStep 37 MIDI Controller and Sequencer მიდი კლავია;1;pending;A
12397;Novation Launchkey 37 MK3 MIDI Controller კონტროლერი;1;pending;A
12604;Novation flkey 37 USB MIDI Keyboard კლავიატურა;1;pending;A
11263;Novation Impulse 25 MIDI Keyboard Controller კონტროლერი;1;pending;A
1Z0188FX0394312838;Squier Standard HS Telecaster Natural Solid Body Electric Gu;1;pending;A
001806;Roland RH-5 Stereo Headphones სტერეო ყურსასმენი;1;pending;A
582075;Applause AAD96-M Mahogany აკუსტიკური გიტარა;1;pending;A
UK-ARS06;Smiger ARS-06-24 Ukulele უკულელე;1;pending;A
UK-ARS14;Smiger ARS-14-24 Ukulele უკულელე;1;pending;A
ARS-30;Smiger ARS-30-C Ukulele 21'' უკულელე;1;pending;A
SU081;Aiersi Spalted Maple Ukulele SU-081 უკულელე;1;pending;A
64233;MEINL ADJ10-KA 10'' ჯემბე;1;pending;A
FLB6;Mollenhauer Space / Firebird flute ფლეიტა;1;pending;A
536248;DAngelico Premier Tammany LS SVSB ელ. აკუსტიკური გიტარა;1;pending;A
CC544260056DE-10;Sela Venti Chimes Fire;1;pending;A
Wi100;Mooer Wi100 Wind Instrument 100 White ჩასაბერი;1;pending;A
672749;TC-Helicon Harmony Singer ვოკალის/სიგნალის პროცესორი;1;pending;A
392208;Harley Benton BM-75 Trans Red Deluxe Series ელექტრო გიტარა;1;pending;A
457271;Roland FP-10 88-Keys ციფრული პიანინო;1;pending;A
533939;Tama Club Jam Vintage Kit -CMW Drum set დასარტყამი ინსტრუმენ;1;pending;A
484947;DAngelico Premier Lexington LS electric acoustic guitar ელექ;1;pending;A
535266;Harley Benton ST-62CC MN Seafoam Green electric guitar ელექტ;1;pending;A
155044;Harley Benton S-620 TR Rock Series electric guitar ელექტრო გ;1;pending;A
358096;Thomann Tibetan Singing Bowl 400g ტიბეტური თასი;1;pending;A
536246;DAngelico Premier Lexington LS SVSB electric acoustic guitar;1;pending;A
560266;Cort MR500E Open Pore Brown electric acoustic guitar ელექტრო;1;pending;A
398460;Handpan Drum 24-Inch 10-Notes ჰენდ დრამი;1;pending;A
202583;Cordial Multicore CYB C 8/4 - Patch Cable 15M მულტიქორი;1;pending;A
480679;Harley Benton EX-76 Classic GHW AN, ელექტრო გიტარა;1;pending;A
204273;Fender Frontman 10G Guitar Combo Amplifier გიტარის კომბი, გა;1;pending;A
513901;Cort B5 Element Open Pore Black ბას-გიტარა;1;pending;A
587002;Cort C4 Deluxe Black ბას-გიტარა;1;pending;A
485153;Marcus Miller U5 NT MN Short ბას-გიტარა;1;pending;A
640408;Radial Engineering ProRMP;1;pending;A
521047;Harley Benton SC-550 II FTF Deluxe Series Les Paul Electric ;1;pending;A
99962153303749;"Tongue Drum 8"" (მწვანე) - თონგ დრამი";1;pending;A
167391;Millenium Classic Drum Bag Set Fusion დრამის კომპლექტის ჩანთ;1;pending;A
355991;Stairville M-Fog 2500 DMX Fog Machine ბოლის აპარატი;1;pending;A
572096;Marcus Miller U5 MT MN Short Mint ბას-გიტარა;1;pending;A
107935;Ibanez GSR205FM 5 String 2 Color Sunburst ბას-გიტარა;1;pending;A
1ZX9484W0395161248;Pioneer DJ DDJ-SB DJ Controller დიჯეი კონტროლერი;1;pending;A
656295000234;La Bella 2001 Classical Medium კლასიკური გიტარის სიმები;1;pending;A
SLXD24E/SM86-G59;Shure SLXD24E/SM86-G59 SINGLE უკაბელო მიკროფონის სისტემა;1;pending;A
60047;Valencia VC564BSB classical guitar, Brown Sunburst კლასიკური;1;pending;A
435517;USED BOSS GT-6 Guitar Multiple Effects Processor;1;pending;A
YDP-165R;Yamaha YDP-165 R Arius Digital Piano ციფრული პიანინო;1;pending;A
BLX14E/CVL-K3E;SHURE BLX14E/CVL-K3E LAV SYSTEM WITH CVL საპრეზენტაციო მიკრო;1;pending;A
515952;Pioneer DJ DDJ-S1 DJ Controller დიჯეი კონტროლერი;1;pending;A
1ZE356F80338943816;CoolMusic BP40D Blue Acoustic Guitar Combo Amplifier 80W გიტ;1;pending;A
CC547030729DE-1;Bugera AC60 Acoustic Guitar Combo Amplifier აკუსტიკური გიარი;1;pending;A
39931823961533;Mooer 'Micro Looper' გიტარის ეფექტ-პედალი;1;pending;A
C62580-11;Yamaha CLP-725 BK Clavinova Digital Piano ციფრული პიანინო;1;pending;A
02860;"M-Audio BX3BT 3.5"" 120W Bluetooth Studio Monitors (pair) სტუ";1;pending;A
749699122258;Ernie Ball Extra Slinky 2225 8-38 Electric Guitar Strings Ni;1;pending;A
1Z2E955W0330265337;Used Squier Classic Vibe 70s Thinline Telecaster White Hollo;1;pending;A
042406396820;Shure 7PC DRUMKIT PGA52 PGADRUMKIT7 დრამის მიკროფონი;1;pending;A
S801-blue;Mooer S801 GTRS Standard 801 Tiffany Blue ჭკვიანი ელ.გიტარა;1;pending;A
844119;Used Numark Mixtrack 2-Channel DJ Controller დიჯეი კონტროლერ;1;pending;A
1Z3952190396610659;Squier Affintiy Jazzmaster Champmist Solid Body Electric Gui;1;pending;A
94187;CASIO PX-770BNC2 ციფრული პიანინო;1;pending;A
01714;ALESIS MULTIPADCLAMPXEU დრამ-პადის სამაგრი;1;pending;A
650094;Used Spirit Walker Reverb & delay გიტარის ეფექტ-პედალი;1;pending;A
523425;Flamma FV02 Vocal & Guitar FX ვოკალის და გიტარის ეფექტი;1;pending;A
198949;Used DigiTech RP70 Effect Processor გიტარის ეფექტ-პროცესორი;1;pending;A
1Z2R5A320334765101;Used EX LOOP BOX Pedal გიტარის ეფექტ-პედალი;1;pending;A
CC543980670DE-1;Startone Trumpet 5C Mouthpiece საყვირის მუშტუკი;1;pending;A
450301;Thomann 3C Trumpet Mouthpiece საყვირის მუშტუკი;1;pending;A
75853356378147;Tongue drum 14 inch , green თონგ დრამი;1;pending;A
1Z9E93W80392156875;Squier Telecaster Custom Black Solid Body Electric Guitar ელ;1;pending;A
1ZE4685R0393428700;Used Squier Affinity Stratocaster Left Handed Electric Guita;1;pending;A
1ZR23F960399760472;Used Ibanez GRX70QA Transparent Blue Electric Guitar ელექტრო;1;pending;A
802596;"Behringer B112MP3 1000W 12"" Active Speaker with MP3 Player ა";1;pending;A
02795;Universal Audio Volt 1 Portable 1x2 USB Type-C Audio/MIDI In;1;pending;A
02828;Universal Audio Volt 2 Portable 2x2 USB Type-C Audio/MIDI In;1;pending;A
J6402;JET Telecaster JT-300 LPB, SS Electric Guitar ელექტრო გიტარა;1;pending;A
NCl-D205;Smartdjlite 18x12w rgbw Waterproof Led Par ( NCl-D205 ) ლედ ;1;pending;A
J6117;JET Stratocaster JS-400 SB, HSS Electric Guitar ელექტრო გიტა;1;pending;A
J6118;JET Stratocaster JS-400 SFG, HSS Electric Guitar ელექტრო გიტ;1;pending;A
J6208;JET Stratocaster JS-400 LH SFG, HSS Electric Guitar ელექტრო ;1;pending;A
J6211;JET Stratocaster JS-450Q TB R, HSS Electric Guitar ელექტრო გ;1;pending;A
J6398;JET JJB-300 GD R ბას-გიტარა;1;pending;A
656295000487;La Bella 427 Elite MT Classic Nylon Strings კლასიკური გიტარი;1;pending;A
1Z145E600394462767;Ibanez GRG121DX Gio (Left Handed) ელ. გიტარა მემარცხენეებისთ;1;pending;A
152541;Harley Benton HB-80R Guitar Combo Amplifier გიტარის კომბი, გ;1;pending;A
271227;Harley Benton AC PRO 60 აკუსტიკური გიტარის კომბი;1;pending;A
1ZAY26220462213789;Casio PX-S1100RD Digital Piano ციფრული პიანინო;1;pending;A
DJX-2;Yamaha DJX-2 DJ Keyboard დიჯეი კლავიატურა;1;pending;A
1Z2015Y00300029342;Kawai ES6 Digital Piano ციფრული პიანინო;1;pending;A
LT0518;Williams Rhapsody 2 Digital Console Piano ციფრული პიანინო;1;pending;A
02460;M-Audio OXYGEN49MK5- 49 KEY USB MIDI Performance Controller ;1;pending;A
12908;KRK GOAUX3-EU სპიკერები;1;pending;A
12909;KRK GOAUX4-EU სპიკერები;1;pending;A
CC544753833DE-1;Yamaha Slide Oil for Trombone ტრომბონის ზეთი;1;pending;A
00903;Behringer X32-EU 40-channel Digital Mixer ციფრული მიქსერი;1;pending;A
1000RGB;Smartdjlighte 1000RGB Animation Laser ლაზერი;1;pending;A
NCL-B228;RGB Laser ufo სასცენო განათება;1;pending;A
763060;Used Mackie CFX12 Compact Analog Mixer ანალოგური მიქსერი;1;pending;A
CC546424075DE-2;Baton Rouge X11LS/D-W-SCC აკუსტიკური გიტარა;1;pending;A
221362;Dual Electronics LU63PW White 6.5 inch 3-way High Performanc;1;pending;A
DA-880;Hebikuo DA880 guitar stool გიტარისტის სკამი;1;pending;A
QG07-4/4;Hebikuo Cello Bow  4/4 ჩელოს ხემი;1;pending;A
QG07-3/4;Hebikuo Cello Bow  3/4 ჩელოს ხემი;1;pending;A
Q-90H;Hebikuo Piano Stool პიანინოს სკამი;1;pending;A
GS-2558;Hebikuo Guitar strap გიტარის ქამარი;1;pending;A
DBS02;Hebikuo Bass Guitar Bag გიტარის ჩანთა / შალითა;1;pending;A
CC547030587DE-3;Millenium MB202HWR  ბონგო;1;pending;A
802536;Behringer MPA40BT-PRO Portable 40W PA System with Bluetooth ;1;pending;A
132828;Marshall MS-4 Microstack მინი გიტრის კომბი;1;pending;A
106865;Beyerdynamic DT-990 Pro studio headphone 250 Ohms ყურსასმენი;1;pending;A
509463;Harley Benton Extreme-76 BK Classic Series, electric guitar ;1;pending;A
243807;Thomann E-Bass Gigbag Premium ელექტრო ბას გიტარის ჩანთა;1;pending;A
180326;Thomann Semihollow Guitar Gigbag გიტარის ჩანთა;1;pending;A
465382;Baton Rouge L1LS/D-12 Dreadnought Acoustic 12-String Guitar ;1;pending;A
142777;Thomann E-Guitar Gigbag Deluxe ელექტრო გიტარის ჩანთა;1;pending;A
177175;Thomann E-Guitar Gigbag Elite ელექტრო გიტარის ჩანთა;1;pending;A
243805;Thomann E-Guitar Gigbag Premium BR ელექტრო გიტარის ჩანთა;1;pending;A
564806;Thomann Gypsy Black Nylon CE Edition ელ.კლასიკური გიტარა;1;pending;A
562609;Blackstar Debut 50R Black გიტარის კომბი;1;pending;A
508288;Harley Benton G212Plus Unloaded გიტარის კომბი, კაბინეტი;1;pending;A
508315;Harley Benton G412Plus Unloaded გიტარის კომბი, კაბინეტი;1;pending;A
179670;Harley Benton G412A angled guitar cabinet  კაბინეტი;1;pending;A
115761;Schlagwerk WBS200 Wooden Bongos დასარტყამი ინსტრუმენტი;1;pending;A
349690;Thomann Junior 1 Cajon კახონი;1;pending;A
494596;Gravity Drum Throne დრამერის სკამი;1;pending;A
121814;Thomann Acoustic-Bass Gigbag აკუსტიკური ბას გიტარის ჩანთა;1;pending;A
536283;DAngelico Premier Gramercy LS S.Vint.SB აკუსტიკური გიტარა;1;pending;A
135534;Thomann Bongoset ბონგო;1;pending;A
422448;Harley Benton SpaceShip 50M Guitar Pedal Board გიტარის პედალ;1;pending;A
279568;Harley Benton R-458 BK Progressiv Series 8-String ელექტრო გი;1;pending;A
550472;Harley Benton R-458 FFB Roasted MultiScale 8-String ელექტრო ;1;pending;A
368161;Harley Benton SpaceShip 80 Guitar Pedal Board გიტარის პედალ ;1;pending;A
368154;Harley Benton SpaceShip 50C Guitar Pedal Board გიტარის პედალ;1;pending;A
351690;Harley Benton JB-75MN SB Vintage Series  ბას-გიტარა;1;pending;A
PH-E20;Smiger  PH-E20 guitar hardcase გიტარის ჩანთა;1;pending;A
703941;Used BEHRINGER Analog Synthesizer PRO-1;1;pending;A
9003918703316;Thomastik AL100 Alphayue Violin 4/4 ვიოლინოს სიმები;1;pending;A
209315;La Mancha Granito 32-3/4 Classical Guitar კლასიკური გიტარა;1;pending;A
209357;LA MANCHA Granito 33-N-MB-1/2 Classical Guitar კლასიკური გიტ;1;pending;A
260221;LA MANCHA Rubi SMX  Classical Guitar კლასიკური გიტარა;1;pending;A
260601;LA MANCHA Rubi CM Fishbone Edition Classical Guitar კლასიკურ;1;pending;A
260602;LA MANCHA Rubi SM Abalone Edition  Classical Guitar კლასიკურ;1;pending;A
262052;LA MANCHA Aliso Classical Guitar კლასიკური გიტარა;1;pending;A
262680;LA MANCHA Ruby CMX-N Classical Guitar კლასიკური გიტარა;1;pending;A
262760;LA MANCHA Zircon SMN-SCC კლასიკური გიტარა;1;pending;A
151237;Baton Rouge CR61S/ACE-R electric classical guitar, ელექტრო კ;1;pending;A
151311;Baton Rouge X11LS/F-W-SCR Acoustic Guitar აკუსტიკური გიტარა;1;pending;A
151312;Baton Rouge X11LM/F-MB Acoustic Guitar აკუსტიკური გიტარა;1;pending;A
151331;Baton Rouge X11LS/TJ-SCC Acoustic Guitar აკუსტიკური გიტარა;1;pending;A
151345;Baton Rouge X11C/P-SCC Acoustic Guitar Parlor აკუსტიკური გიტ;1;pending;A
151348;Baton Rouge X11C/D Acoustic Guitar აკუსტიკური გიტარა;1;pending;A
151413;Baton Rouge X11S/OMCE-BT Electric-Acoustic Guitar ელექტრო-აკ;1;pending;A
151435;Baton Rouge X11S/SD-COB Acoustic Guitar აკუსტიკური გიტარა;1;pending;A
151438;Baton Rouge X15S/D-B Acoustic Guitar აკუსტიკური გიტარა;1;pending;A
151452;Baton Rouge X11S/BSCE Electric-Acoustic Bass Guitar ელექტრო-;1;pending;A
042406396608;Shure PGA52-XLR W/15FT XLR Cable ქიქ-დრამის მიკროფონი;1;pending;A
486656;Rogue RLS-1 Lap Steel Electric Guitar With stand and gig bag;1;pending;A
757242478165;Remo Pinstripe Clear Tom Pack 10/12/14/16 დრამის მემბრანა;1;pending;A
1ZC754230334636284;Numark MixTrack MT3 2 Deck DJ Controller;1;pending;A
033375;Used AiAiAi TMA-2 Studio XE Studio Headphones ყურსასმენი;1;pending;A
665895129528;Kirlin IP-182BEGL GA-CS 6M ინსტრუმენტის კაბელი;1;pending;A
665895162440;Kirlin IS-201PFG 3M WH Instrument Cable ინსტრუმენტის კაბელი;1;pending;A
109321;Harley Benton CG200-BK კლასიკური გიტარა;1;pending;A
02804;Gravity GKSX2 - Keyboard Stand X-Form კლავიშის სადგამი,მაგიდ;1;pending;A
356708;Teenage Engineering Pocket Operator PO-16 Factory სემპლერი, ;1;pending;A
268671;Markbass Micromark 801 ბას გიტარის კომბი;1;pending;A
379291;Sennheiser HD-25 Headphones ყურსასმენი;1;pending;A
193647;Millenium 6 Microphone Stand Bag მიკროფონის სადგამის ჩანთა;1;pending;A
225650;Harley Benton HBV 870BK 4/4 Electric violin ელექტრო ვიოლინო;1;pending;A
446845;Flyht Pro HSC Hard Shell Case L უნივერსალური მყარი ჩანთა / ქ;1;pending;A
551240;Audio-Technica ATH-M50XBT2 DS Wireless Headphones უკაბელო ყუ;1;pending;A
443525;Harley Benton Enhanced MJ-4MN Natural Pro Series ბას-გიტარა;1;pending;A
575507;Sennheiser HD-25 70th Anniversary Headphones ყურსასმენი;1;pending;A
483770;Startone Star Drum Set Studio 20'' დრამის ნაკრები;1;pending;A
266131;Startone Star Drum Set Standard 22'' დრამის ნაკრები;1;pending;A
515305;Rohema DropSticks Timbales Sticks დრამის ჯოხები;1;pending;A
524356;DrumCraft Series 4 Hi-Hat Stand დრამის თეფშების სადგამი;1;pending;A
146182;Romana Violin Strings ვიოლინოს სიმები;1;pending;A
294416;"Millenium SD-105 14"" x 3.5"" Piccolo Steel snare drum დასარტყ";1;pending;A
522094;Harley Benton Sugar & Spice guitar effect pedal გიტარის ეფექ;1;pending;A
378755;Millenium Pocket DI 1, passive 1 - Channel DI Box დიაიბოქსი;1;pending;A
142769;Thomann Stage Piano Bag L კლავიშის ჩანთა;1;pending;A
277629;Harley Benton HBMA-50 Mandoline VS მანდოლინა;1;pending;A
163741;Pyramid 022 single string Acoustic Phosphor Bronze, wound გი;1;pending;A
225648;Harley Benton HBV 870RD 4/4 Electric Violin ელექტრო ვიოლინო;1;pending;A
597777;Markbass MB YELLOW JB ბას-გიტარა;1;pending;A
405553;Thomann 6-Hole Dragon tooth Ocarina,ოკარინა;1;pending;A
312057;Harley Benton ST-20HSS CA Standard Series ელექტრო გიტარა;1;pending;A
180211;Millenium HH-901 Pro Series Hi-Hat Stand დრამის თეფშების სად;1;pending;A
380359;Harley Benton HWY-25BKS Progressive ელ. გიტარა;1;pending;A
548053;Markbass MB58R Mini CMD 121 ბას-გიტარის კომბი;1;pending;A
121307;Stairville E-M Fluid 5l სასცენო ბოლის აპარატის სითხე;1;pending;A
107122;Millenium DHS-1018 Stage Hi-Hat დრამის თეფშების სადგამი;1;pending;A
4049172131453;Harley Benton Violin String Set 4/4 ვიოლინოს სიმები;1;pending;A
9003918762672;Thomastik AL400 Alphayue Cello Strings Set 4/4 ჩელოს სიმები;1;pending;A
622769;Mackie DL1608 Digital Audio Mixer iPad Mac 16 Channel Live V;1;pending;A
552774;Nux Pedals Optima Air NAI 5 Guitar Pedal გიტარის ეფექტ პედალ;1;pending;A
923557;Used Toms Line Dumbler Dumble Amp Simulator Mini გიტარის ეფე;1;pending;A
246948;Millenium HH-903 Hi-Hat Swivel დრამის თეფშების სადგამი;1;pending;A
112948;Harley Benton CG200CE-BK ელ.აკუსტიკური გიტარა;1;pending;A
3D70CM;Smartdjlite Stage Light with 3D Effect 70cm;1;pending;A
3D100CM;Smartdjlite Stage Light with 3D Effect 100cm;1;pending;A
750795013876;Vic Firth World Classic Timbale Sticks 17 in. TMB1 დრამის ჯო;1;pending;A
996993;Used JOYO Nascar Delay Analog Bbd Guitar Effect Pedal R-10 გ;1;pending;A
616022130818;Promark Medium Broomsticks PMBRM1 დრამის ჯოხები;1;pending;A
616022127207;Promark Small Broomsticks PMBRM2 დრამის ჯოხები;1;pending;A
362629;EVH 5150 III 15w Lunchbox Tube Guitar Amp Head გიტარის კაბინ;1;pending;A
129415;Millenium RW-2001 - rack trolley გამაძლიერებლის სადგამი;1;pending;A
C21967.91;Used Gibson sg 335 sb ელ. გიტარა;1;pending;A
MFX8/2;Soundcraft Mixer  MFX8/2 მიქსერი;1;pending;A
6UFCAPL;FLIGHT CASE 6UFLIGHTCASE რეკი, ქეისი;1;pending;A
BM25;Element BM25 Guitar Combo Amplifier გიტარის კომბი;1;pending;A
IJEMWH;JEM Series Electric Guitar White;1;pending;A
Y-f7;Yamaha f7 Professional USB Mixer აუდიო მიქსერი;1;pending;A
02212;M-Audio KEYSTATION61MK3 – 61-key semi-weighted USB-MIDI cont;1;pending;A
815301001164;Novation LAUNCHPAD Mini MK3 - Portable MIDI 64-Pad, USB Grid;1;pending;A
12813;"RCF Art 715-A MK V 1400W 15"" Active Speaker აქტიური მაღალი ს";1;pending;A
174722;Harley Benton G-major blues harmonica ჰარმონიკა;1;pending;A
539177;Harley Benton ST-20HSS LH SBK Standard Series lefthand elect;1;pending;A
CC545921997DE-2;the t.mix xmix 1202 FX USB;1;pending;A
312558;the t.bone TWS One A Lapel რადიო მიკროფონი;1;pending;A
CC544311305DE-2;the sssnake MCT 8 Multicore on Drum მულტიქორი 15M;1;pending;A
188915;Thomann Effect Pedal Bag პედლების ჩანთა;1;pending;A
368159;Harley Benton SpaceShip 60XL Pedalboard გიტარის პედალ ბორდი ;1;pending;A
470744;Casio CT-S200 RD  სინთეზატორი;1;pending;A
522493;Harley Benton Solid Uke Natural solid body Tenor-size electr;1;pending;A
331986;Fender Rumble 100 Bass Guitar Combo Amplifier ბას გიტარის კო;1;pending;A
196658;Harley Benton HBMA-100 VS, Bluegrass Series, F-Style mandoli;1;pending;A
130405;Thomann 3/4 Classic-Guitar Gigbag BK კლასიკური გიტარის ჩანთა;1;pending;A
441015;Thomann Effect Pedal Bag Medium პედალბორდის ჩანთა;1;pending;A
600428;Gretsch Drums Energy Street Set Ruby Sparkle აკუსტიკური დრამ;1;pending;A
4049172130524;Harley Benton Valuestrings CL Normal, set for classical guit;1;pending;A
602460;"Millenium Focus 20"" Bass Drum White, 20""x16""";1;pending;A
417203;"Harley Benton HB-40B; compact electric bass combo ბას გიტარი";1;pending;A
4250442801000;Hannabach 800MT Black - nylon strings for classical guitar კ;1;pending;A
102049;Latin Percussion LP440 Shaker შეიქერი;1;pending;A
349660;Thomann Wood Shaker შეიქერი;1;pending;A
549190;Thomann Maracas Red მარაკები;1;pending;A
279422;Mahalo Germany Flag Ukulele ukulele უკულელე;1;pending;A
500606;Harley Benton Ukulele UK-12 Stain Ash Purple უკულელე;1;pending;A
500609;Harley Benton Ukulele UK-12 Stain Ash Blue უკულელე;1;pending;A
470737;Casio CT-S200 BK სინთეატორი;1;pending;A
1Z095E1W0316376371;Used Ibanez Gio Ax Black Solid Body ელ. გიტარა;1;pending;A
520795;Startone MK-201 keyboard სინთეზატორი;1;pending;A
422796;the t.mix xmix 1402 FXMP USB აუდიო მიქსერი;1;pending;A
698502500052;Savarez 500ARJ string set კლასიკური გიტარის ნეილონის სიმები;1;pending;A
757242192580;"Remo Emperor Coated 22"" White Bass დრამის პლასტიკი";1;pending;A
526875;Valeton RushHead Max Pocket Headphone  გიტარის ხმის გამაძლიე;1;pending;A
4049521127212;AdamHall Cable K3BMV0600 XLR-M to 6.3 Stereo Jack 6m აუდიო კ;1;pending;A
477372;"Remo Encore 22"" Amba. Ebony BD hole Black ბას დრამის მემბრან";1;pending;A
434201;Casio CT-X800 Synthesizer სინთეზატორი;1;pending;A
357262;Used Squier Contemporary Active Jazz Bass  ბას-გიტარა;1;pending;A
749699103974;Ernie Ball 2224 Turbo Slinky Nickel Wound Electric Guitar St;1;pending;A
935072;"M-Audio BX5BTXEU - 5"" 120W სტუდიური მონიტორი (წყვილი)";1;pending;A
520130;Digital Delay Guitar Effects Pedal;1;pending;A
866197;Crunch Distortion mini guitar pedal 03;1;pending;A
472062;IRIN EF-10 Analog Delay გიტარის ეფექტ-პედალი;1;pending;A
755817;Amuzik Acoustic Guitar Pedal - Analog AC Stage;1;pending;A
60033;Valencia VC304ASB classical guitar, antique sunburst კლასიკუ;1;pending;A
NCL-M220;Smartdjlite YL-PMJ3000  3000w Foam Machine  ქაფის აპარატი;1;pending;A
3760033531717;Arturia MiniFuse 4 Black - USB-C Audio Interface აუდიო ინტერ;1;pending;A
342568;Used Indiana  Madison Acoustic-Electric ელ.აკუსტიკური გიტარა;1;pending;A
812486;Used Fender CN-60S Black Classical Guitar კლასიკური გიტარა;1;pending;A
070200;Used Blackstar IDFS13 Footswitch for iDCore Amps გიტარის ეფე;1;pending;A
337493;Millenium DT-907 Drum Stool დრამერის სკამი;1;pending;A
166121;beyerdynamic DT-770 M - 80 Ohm closed back monitor headphone;1;pending;A
579518;Harley Benton JAMster Bass ბას გიტარის კომბი;1;pending;A
2780774;Harley Benton Traveler-Steel Acoustic Steel Guitar აკუსტიკურ;1;pending;A
428591;Thomann Junior 4 Cajon კახონი;1;pending;A
190783;"Millenium 13""x11"" Classic Tom Bag";1;pending;A
477383;"Remo Encore 22"" Clear დრამის მემბრანა";1;pending;A
01587;Behringer HC2000B - Wireless Headphones;1;pending;A
03125;Behringer HPM1100U Multi-Purpose USB Headset;1;pending;A
00908;Behringer XR12-EU Digital Mixer ციფრული მიქსერი;1;pending;A
438702;Kelisiting 8 Notes 432HZ 22 Inches D Minor ჰენდ დრამი;1;pending;A
918422;Used BOSS FB-2 Feedbacker/Booster გიტარის ეფექტ პედალი;1;pending;A
061319;Used the T.bone SC 400 Studio Large Diaphragm Condenser Micr;1;pending;A
00915;Behringer X2442USB-EU Analog  Mixer ანალოგური მიქსერი;1;pending;A
400642;Used Boss AC-3 Acoustic Simulator Pedal გიტარის ეფექტ პედალი;1;pending;A
128537;the sssnake MC164 multicore - 16/4 with stage box მულტიქორი ;1;pending;A
959345;Used Strobe Stage Lights სთრობი 100W;1;pending;A
8697755743409;"istanbul Agop XSP10  დრამის თეფში10"" XIST SPLASH";1;pending;A
750795000456;Vic Firth SPE Peter Erskine Signature Ride დრამის ჯოხები;1;pending;A
750795000395;Vic Firth SPE2 Peter Erskine Signature დრამის ჯოხები;1;pending;A
750795014071;Vic Firth SJOR Steve Jordan Signature დრამის ჯოხები;1;pending;A
852164;Used Squier Affinity Jazz Bass V 5-String White  ბას-გიტარა;1;pending;A
ARS-30-1;UKULELE 24'' ARS-30;1;pending;A
1ZA006W70392598437;Used Novation Launchkey 61 MK2 Key MIDI კონტროლერი;1;pending;A
114508;Rode Procaster დინამიური მიკროფონი;1;pending;A
260328;Warwick BC 150 Bass 150W Combo Amplifier ბას გიტარის კომბი;1;pending;A
260327;Warwick BC 80 80W Bass Combo ბას გიტარის კომბი;1;pending;A
260326;Warwick BC 40  Bass Combo Amplifier 40W ბას გიტარის კომბი;1;pending;A
451621;Startone Student I Violin Set 4/4;1;pending;A
000067;Arturia BeatStep;1;pending;A
8697755705339;"Istanbul Agop 17"" Xist Dry Dark Crash ქრეში";1;pending;A
8697755705261;Istanbul Agop 15'' Xist Dark iON Hi-Hat Cymbals ჰაიჰეტი;1;pending;A
8697755743003;"Istanbul Agop 20"" Xist Ride Natural რაიდი";1;pending;A
8697755744222;"Istanbul Agop 17"" Xist Crash Brilliant ქრეში";1;pending;A
8697755744420;"Istanbul Agop 15"" Xist Hi-Hat Brilliant ჰაიჰეტი";1;pending;A
8697755744505;"Istanbul Agop 10"" Xist Splash Brilliant სფლეში";1;pending;A
8697755744666;"Istanbul Agop 10"" Xist ION Splash Brilliant სფლეში";1;pending;A
943148;Used BOSS BR-80 Micro BR Digital Recorder;1;pending;A
887161;Cort AD810E Open Pore;1;pending;A
BG8 Cymbal set. 5PC;BG8 Cymbal set 3PC დრამის თეფშების კომპლექტი;1;pending;A
1Z7XX3500396770732;Used Orange Amplifiers Crush 15R გიტარის კომბი,გამაძლიერებელ;1;pending;A
1Z91W0350320747066;Used Numark Mixdeck Express DJ Controller დიჯეი კონტროლერი;1;pending;A
1ZA2552X0319043574;Rogue Classic Spider Resonator Black Roundneck აკუსტიკური გი;1;pending;A
669063;Used Epiphone PRO-1 Ultra Vintage Sunburst ელ.აკუსტიკური გიტ;1;pending;A
1ZAY26220443301513-2;Harley Benton TB-70VS ბას-გიტარა;1;pending;A
1ZAY26220443301479-2;Harley Benton TE-90QM Trans Red ელ.გიტარა;1;pending;A
02808,1;AHB-1 Home Accessory Bundle - Piano Stand with 3 Pedal and B;1;pending;A
482377;Thomann SP-120 Black 73-Key ციფრული პიანინო;1;pending;A
846979;Used PDP  5 piece SHELL PACK Red Drum Kit დრამის კომპლექტი;1;pending;A
S900 Plum Purple;Mooer GTRS Guitars Standard 900 W PP ჭკვიანი ელ.გიტარა;1;pending;A
718729;Mitchell MM100 Mini Double-Cutway ელ.გიტარა;1;pending;A
865140;Used Epiphone EJ-160E John Lennon Signature ელ.აკუსტიკური გი;1;pending;A
526938;Flamma FV04 Harmony Reverb Pedal  Guitar;1;pending;A
CC539268511DE-4;Ibanez GRX40-MGN ელ.გიტარა;1;pending;A
556624;Thomann SD1455BL Marching Snare Set მარშის დრამი;1;pending;A
133419-2;Coolmusic BP40D Blue Acoustic Guitar Amp, 80 Watt გიტარის კო;1;pending;A
1Z2E510F0394838779;Used Pioneer DJ DDJ-RB DJ Controller დიჯეი კონტროლერი;1;pending;A
1Z399F750394138672;Used Kramer FOCUS VT-211S Sonic Blue Solid Body Electric Gui;1;pending;A
405953;Used Selmer Paris Eb Trumpet საყვირი;1;pending;A
1ZAY26220445317655;Ddrum Navy Blue 5 piece D2  დრამის კომპლექტი;1;pending;A
1Z3Y076E0398823507;Used DigiTech JamMan XT Vocal Looper Pedal გიტარის ეფექტ-პედ;1;pending;A
717669853310;Fender 250R (10/46) Super 250 Nickel-Plated Steel Electric S;1;pending;A
532667;"Thomann Student Pro Viola Set 14"" ალტი";1;pending;A
174731;Harley Benton Blues Harmonica in Db-Major ჰარმონიკა;1;pending;A
174726;Harley Benton Blues Harmonica Bb ჰარმონიკა;1;pending;A
126090;Hohner Big River Harp MS C major ჰარმონიკა;1;pending;A
497298;Thomann DP-275 GP BP 88-Key ციფრული როიალი;1;pending;A
431816;Thomann 37 Pro Melodica Black მელოდიკა;1;pending;A
486650;Recording King RDS-11-FE3-TBR ელ.აკუსტიკური გიტარა;1;pending;A
485200;Thomann Music Spoon;1;pending;A
352982;"Toca SFDMX-10RP 10""Freestyle Djembe ჯემბე";1;pending;A
162819;Warwick 42230 L Red Label ბას-გიტარის სიმები;1;pending;A
511354;Thomann Washboard;1;pending;A
226485;Heyday's Mp Refresh - Wood სადეზინფექციო სპრეი;1;pending;A
511122;Harley Benton LightCase-El-Bass;1;pending;A
349698;Thomann GR-Y Guiro Yellow;1;pending;A
325989;Millenium G225 Guiro Hand Guiro fish;1;pending;A
226487;Heyday's Mp Refresh - Brass Disinfection sprey სადეზინფექციო;1;pending;A
492593;Marcus Miller V5 Alder-4 NT ბას-გიტარა;1;pending;A
362643;Harley Benton DC-200 CH Student Series ელექტრო გიტარა;1;pending;A
361794;TC-Helicon VoiceLive 3 Extreme Vocal Harmony and Effects Ped;1;pending;A
497307;Thomann DP-275 GP WHP 88-Key ციფრული როიალი;1;pending;A
174730;Harley Benton Blues Harmonica in Ab-Major;1;pending;A
341075;TC-Helicon Play Acoustic Vocal processor and effects unit fo;1;pending;A
530869;Warwick Double Bass Strings 44200 lite triumph კონტრაბასის ს;1;pending;A
306801;Harley Benton Nashville Nylon ელ.კლასიკური გიტარა;1;pending;A
TB04277;Used Yamaha TRBX305 5-String Blue ბას-გიტარა;1;pending;A
1ZR4Y1110328339251;Used 2013 Genelec 6010B Powered Monitor Pair სტუდიო მონიტორი;1;pending;A
GP-C40CYW;Grape GP-C40C-YW classical guitar  39''  კალასიკური გიტარა;1;pending;A
X12BK;Mccartney X-12-BK-EQ 12 String ელ.აკუსტიკური გიტარა;1;pending;A
KH181024393;Dean  4String Acoustic Bass Natural;1;pending;A
976840;Used Behringer UB1832FX-Pro  Mixer აუდიო მიქსერი;1;pending;A
605434;Used Invotone MX 6 Mixing Console აუდიო მიქსერი;1;pending;A
270037;Used  Yamaha Mixing Console MG120 FX აუდიო მიქსერი;1;pending;A
842491;Used StudioMaster C6XS-12 Mixer;1;pending;A
306396;Used Soundcraft UI12 Mixer ციფრული მიქსერი;1;pending;A
508706;Used Behringer Xenyx X1622 USB mixer;1;pending;A
871389;Used Soundcraft Spirit FX8 Analog mixer;1;pending;A
049006;Used Behringer Eurorack UB2222FX-PRO  mixer აუდიო მიქსერი;1;pending;A
276351;Used pigtromix infinity looper გიტარის ეფექტ-პედალი;1;pending;A
784162;Used AKAI Professional MPD226 - Midi კონტროლერი;1;pending;A
574957;Used Ultimate Drive Pedal;1;pending;A
450550;Used Mosky P90 PRO Vintage Phaser;1;pending;A
147019;Used MXR Thump Bass Preamp Pedal M281;1;pending;A
144051;Used MXR Noise Gate Line Driver გიტარის ეფექტ-პედალი;1;pending;A
647139100142;"DW Coated Clear 22"" ბას-დრამის პლასტიკი";1;pending;A
346101-7;Martin Vega Banjo V720 Nickel Wound 4 Strings Tenor 09 ბანჯო;1;pending;A
427978;Sennheiser HD 600 სტუდიური ყურსასმენი;1;pending;A
XDDF20;"ISTANBUL AGOP 20"" XIST DRY DARK FLAT RIDE";1;pending;A
XDIR21;"ISTANBUL AGOP 21""  XIST ION DARK RIDE";1;pending;A
178555;"Used Behringer B115D-EU - 1000W 15"" აქტიური მაღალი სიხშირის ";1;pending;A
342241;Used Fender Mustang I V2 20-Watt გიტარის კომბი, გამაძლიერებე;1;pending;A
034411;Used Behringer  FBQ1502 გრაფიკული ექვალაიზერი;1;pending;A
VFM00-C;Cega Kalimba  VFM00-C კალიმბა;1;pending;A
RK-STAR;Star Kalimba  RK-STAR კალიმბა;1;pending;A
BOC009;Ocarina BOC009 ოკარინა;1;pending;A
413691;Used BBE G Screamer Gus G Signature Overdrive Pedal;1;pending;A
208152;Millenium Laptopstand Dock  ლეპტოპის სადგამი;1;pending;A
46041;Presonus STUDIO 24C აუდიო ინტერფეისი;1;pending;A
2370336;Squier By Fender Affinity Series® Stratocaster® FMT HSS (Sie;1;pending;A
278078;Harley Benton Traveler-E-Steel el. Acoustic Steel Guitar ელ.;1;pending;A
802733;"M-Audio FORTYSIXTYXEU - 6.5"" Active სტუდიო მონიტორი";1;pending;A
537379;Used Rolls MS111 Mic Mute Switch მიკროფონის მიუთის სვიჩი;1;pending;A
900658;"Used Roland CY-5 Dual Trigger Cymbal Hi-Hat/Splash 10""";1;pending;A
172795;USED TC-Helicon VoiceTone R1 ვოკალის/სიგნალის პროცესორი;1;pending;A
1ZW0889Y0325073266;Used Squier Affinity Jazz Bass 5-String Sunburst ბას-გიტარა;1;pending;A
1Z04W7930395656922;Used Dean Boca 12 Black ელ.გიტარა;1;pending;A
CC537093300DE-2;Harley Benton TE-90FLT Black Blast ელ. გიტარა;1;pending;A
SJ-R1-L;Smiger Left handed guitar აკუსტიკური გიტარა;1;pending;A
418730;pro snake TPM 20,0 CC მიკროფონის კაბელი;1;pending;A
585468;Vox AmPlug 3 High Gain  გიტარის გამაძლირებელი;1;pending;A
574135;Thomann Classic Crossover Nylon CE ელ.კლასიკური გიტარა;1;pending;A
488982;the sssnake MC 8 Multicore MK II მულტიქორი 15M;1;pending;A
157984;the sssnake M-Studio Multicore მულტიქორი 10M;1;pending;A
105055;the sssnake SXX8050 Multicore Cable მულტიქორი 5M;1;pending;A
350204;the sssnake SXX8100 Multicore cable მულტიქორი 10M;1;pending;A
157986;the sssnake M6 6-Fold Multicore Cables მულტიქორი 10M;1;pending;A
570219;Harley Benton SC-Custom III Lemon Flame ელექტრო გიტარა;1;pending;A
407824;Ibanez GRX70QA-TBB GIO ელექტრო გიტარა;1;pending;A
312056;Harley Benton ST-20HSS SB Standard Series ელ.გიტარა;1;pending;A
152025;Harley Benton D-120NT აკუსტიკური გიტარა;1;pending;A
257766;Harley Benton UK-12 Green Ukulele  უკულელე;1;pending;A
511732;Millenium MPS-1000 E-Drum Set ელექტრო დრამის კომპლექტი;1;pending;A
520620;the t.bone HD 150 Headphones ელ. დრამის ყურსასმენი;1;pending;A
GA-H16BLS;Smiger GA-H16-BLS აკუსტიკური გიტარა;1;pending;A
1ZAY26220426066542-12;Harley Benton SC-200LH BK Student Series ელ.გიტარა ცაცია;1;pending;A
TB08061;Used Ernie Ball Expression Overdrive გიტარის ეფექტ პედალი;1;pending;A
UK-ARS12;UKULELE 24'' UK-ARS12 უკულელე;1;pending;A
309069;Used Harley Benton St-20 WH ელექტრო გიტარა;1;pending;A
371043;Used DAngelico Premier Fulton LS Sat.Vint.SB;1;pending;A
802875;Behringer TM1 DARK EDITION კონდენსატორული მიკროფონი;1;pending;A
802930;Bugera T5 INFINIUM - 5-Watt Cage-Style ლამპური გიტარის გამაძ;1;pending;A
802923;Bugera G5 5W Tube Guitar Amp Head გიტარის გამაძლირებელი;1;pending;A
436504;Used Odak X6 Electric and Acoustic გიტარის კომბი;1;pending;A
02910;Behringer UCA222 - USB აუდიო ინტერფეისი;1;pending;A
019954295790;D'Addario NYXL1052 Light Top/Heavy Bottom ელ.გიტარის სიმები;1;pending;A
GA-H16BK;Smiger GA-H16-BK აკუსტიკური გიტარა;1;pending;A
1ZX245930394869993;Used Squier Classic Vibe '70s Telecaster® Deluxe ელ.გიტარა;1;pending;A
368749;SQUIER Contemporary Stratocaster Special HT ელ.გიტარა;1;pending;A
9442732;Roland TD-1DMKX V-Drums Set ციფრული დრამი;1;pending;A
878837;USED სემპლერი Roland SPD-SX Pad;1;pending;A
726797;Used Jackson Rhoads RR 6/7 Molded Case BK გიტარის მყარი ქეის;1;pending;A
TB0806;Used Boss NS-2 Noise Suppressor  გიტარის ეფექტ პედალი;1;pending;A
TB1206;Used Ibanez TL5 Tremolo Soundtank Pedal გიტარის ეფექტ პედალი;1;pending;A
TB1231;Used AKAI Professional APC Key 25 MK2 კონტროლერი;1;pending;A
10-547;Yamaha YDP-145 B Arius ციფრული პიანინო;1;pending;A
10-558;Yamaha THR30IIW Cream გიტარის კომბი გამაძლირებელი;1;pending;A
10-561;Yamaha THR10II გიტარის კომბი გამაძლირებელი;1;pending;A
TB07069;Used Harley Benton TE-52 NA Vintage Series ელ.გიტარა;1;pending;A
215889;Joyo Anlog BBD NASCAR DELAY გიტარის ეფექტ პედალი;1;pending;A
338607;Used Ibanez AEL20E ელ. აკუსტიკური გიტარა;1;pending;A
316404;Used Hartke Acoustic Attack Pedal Preamp Effects Pedal;1;pending;A
TB04635;Used Yamaha C45 კლასიკური გიტარა;1;pending;A
66681581662148;Tanglewood Blackbird Acoustic Electric Guitar ელექტრო-აკუსტი;1;pending;A
02632;Arturia MiniFuse 2 Black აუდიო ინტერფეისი;1;pending;A
GTRS-F4BK;GTRS F4 Wireless Footswitch გადამრთველი პედალი;1;pending;A
TB0675;Used BOSS FV-50L Stereo Volume Pedal;1;pending;A
nan;Millenium SR-2008 Rack 8 U რეკი;1;pending;A
1Z92V5380399291396;Used Squier Bullet Telecaster Brown Sunburst ელ.გიტარა;1;pending;A
430864;Harley Benton Talk Box;1;pending;A
1Z3W51W20392706495;Used Jackson JS32T Warrior ელ. გიტარა;1;pending;A
700249;Sennheiser IE 200 - In-Ear ყურის მონიტორი;1;pending;A
508941;Sennheiser IE 100 Pro Clear დინამიური ხმის იზოლირებადი ყურსა;1;pending;A
687596;Used Fender Player Stratocaster Red Burst ელ.გიტარა;1;pending;A
1ZV86F960301683472;Used Kramer Focus VT211S Blue Solid Body Electric Guitar ელე;1;pending;A
YaDSetMix;Yamaha Drum set დრამის კომპლექტი;1;pending;A
577427;"Road Runner Avenue II Tom Bag, 12x11"", Black ტომ-დრამის ჩანთ";1;pending;A
TB0552;Behringer ultra acoustic modeler Am400 გიტარის ეფექტ-პედალი;1;pending;A
TB0553;BOSS Bass Limiter-Enhancer LMB-3 გიტარის ეფექტ-პედალი;1;pending;A
R425101;Boss CB-AG10 აკუსტიკური გიტარის შალითა;1;pending;A
R036860;Boss CEB-3 Bass Chorus ბას გიტარის ეფექტ-პედალი;1;pending;A
R015190;Boss CH-1(B) Super Chorus გიტარის ეფექტ-პედალი;1;pending;A
R017810;Boss DS-2 Turbo Distortion გიტარის ეფექტ-პედალი;1;pending;A
002669;Roland CUBE Street EX გიტარის კომბი, გამაძლიერებელი;1;pending;A
R423341;Boss RC-505mk2 ეფექტ პროცესორი;1;pending;A
R423121;Boss RC-600 Loop Station ეფექტ-პროცესორი;1;pending;A
R419701;Roland KC-80 სინთეზატორის გამაძლიერებელი;1;pending;A
R086320;Roland CM-30 Cube Monitor მონიტორი;1;pending;A
121548;Thomann E-Guitar Gigbag BK ელ.გიტარის ჩანთა;1;pending;A
142778;Thomann E-Bass Gigbag Deluxe Black ბას-გიტარის ჩანთა;1;pending;A
146377;Thomann Keyboard Bag 6 Keyboard Bag კლავიშის ჩანთა;1;pending;A
480677;Harley Benton EX-76 Classic AN ელ.გიტარა;1;pending;A
266355;Harley Benton JB-20 SB LH ბას-გიტარა ცაცია;1;pending;A
228171;Thomann E-Bass Gigbag KB ბას გიტარის ჩანთა;1;pending;A
446846;"Flyht Pro HSC Hard Shell Case ""XL"" მყარი ჩანთა";1;pending;A
600974;Behringer Go Cam უკაბელო მიკროფონის სისტემა;1;pending;A
228164;Thomann Classic-Guitar Gigbag RD კლასიკური გიტარის ჩანთა;1;pending;A
121546;Thomann Classic-Guitar Gigbag BK კლასიკური გიტარის ჩანთა;1;pending;A
243811;Thomann Classic-Guitar Gigbag Premium გიტარის ჩანთა;1;pending;A
332128;Thomann SD1455W Marching Snare Set მარშინგ დრამი;1;pending;A
287360;Harley Benton HBJ-26 Banjo ბანჯო;1;pending;A
439228;Traveler Guitar Travelcaster Deluxe Mini ელ.გიტარა;1;pending;A
315805;Harley Benton Parts Pickguard SSS Tortoise გიტარის ფიქგარდი;1;pending;A
161370;Harley Benton Parts Pickguard SSS BK გიტარის ფიქგარდი;1;pending;A
521064;Harley Benton SC-550 II Silver Burst ელ.გიტარა;1;pending;A
TB0567;Used Saphure vintage overdrive გიტარის ეფექტი;1;pending;A
243810;Thomann Acoustic-Steel Gigbag Premium გიტარის ჩანთა;1;pending;A
02854-4;M-Audio OXYGEN61MK5- 61 KEY USB MIDI კონტროლერი;1;pending;A
02799;Sennheiser HD 25 ყურსასმენის კაბელი 1.5 m;1;pending;A
TB0581;Used Hughes & Kettner TUBE FACTOR გიტარის ეფექტ-პედალი;1;pending;A
TB05105;Used Harley Benton TE-20 SB standart series ელ. გიტარა;1;pending;A
TB05106;Used Harley Benton MB-20BK Rock Series ელ.გიტარა;1;pending;A
TB05112;Harley Benton Telecaster ელ. გიტარა;1;pending;A
TB05113;Used Ibanez RGA42FM ელ. გიტარა;1;pending;A
1Z2X58X80329957531;Used Gibson les paul modern lite gold mist ელ. გიტარა;1;pending;A
01068;TC-Helicon Ditto Mic Looper მიკროფონის ლუპერი ეფექტი;1;pending;A
387845;Thomann Tibetan Singing Bowl Box Set S ტიბეტური თასი;1;pending;A
TB05122;Used MOOER Micro Preamp 012 ბას გიტარის ეფექტი;1;pending;A
493192;Harley Benton MB-4 SBK Deluxe Series ბას-გიტარა;1;pending;A
449512;Harley Benton PB-20 SBK Bass ბას-გიტარა;1;pending;A
358094;Thomann Tibetan Singing Bowl No2, 200g ტიბეტური თასი;1;pending;A
359238;Thomann Tibetan Singing Bowl No8, 500g  ტიბეტური თასი;1;pending;A
359310;Thomann Tibetan Singing Bowl 500g ტიბეტური თასი;1;pending;A
395080;Millenium Youngster Drum Set Green Sparkle დრამის კომპლექტი;1;pending;A
237969;Fender Debut Collection™ Precision Bass® Laurel Fingerboard ;1;pending;A
237952;Fender Standard Stratocaster HSS Aqua Marine Metallic ელ.გიტ;1;pending;A
237957;Fender Standard Jazz Bass Aqua Marine Metallic ბას-გიტარა;1;pending;A
225759;Millenium Pro Series HW-900 Hardware Pack დრამის ნაწილი, სად;1;pending;A
168545;Höfner Shorty BK ელ.გიტარა;1;pending;A
431445;XVive GA-5 Delay Guitar Micro Amp გიტარის გამაძლირებელი;1;pending;A
104598;Augustine Classic Red Strings Set - კლასიკური გიტარის სიმები;1;pending;A
462060;Galli Strings LG50 La Galli კლასიკური გიტარის სიმები 29/44;1;pending;A
104596;Augustine Concert Black კლასიკური გიტარის სიმები;1;pending;A
395488;Millenium FT-1 Floor Tom Legs ბარაბნის ფეხები;1;pending;A
317321;Harley Benton B-650 Black Progressive Series ბას-გიტარა;1;pending;A
417214;Harley Benton HB-80B Celestion ბას-გიტარის გამაძლიერებელი;1;pending;A
522468;Cort CM40B Black ბას-გიტარის გამაძლიერებელი;1;pending;A
377439;Fisoma F2750 Octave Guitar Strings კლასიკური გიტარის სიმები;1;pending;A
568149;Tc electronic Combo Deluxe 65' Preamp გიტარის ეფექტ-პედალი;1;pending;A
538182;Line6 Catalyst 100 Cover კომბის მტვრისგან დამცავი;1;pending;A
604555;ESP LTD MT-130 Grey ელ. გიტარა;1;pending;A
387649;Thomann Tibetan Zen Singing Bowl 1700g ტიბეტური თასი;1;pending;A
387636;Thomann Tibetan Zen Singing Bowl, 900g ტიბეტური თასი;1;pending;A
342546;Thomann Indian singing bowl professional 300gr ინდური თასი;1;pending;A
358095;Thomann Tibetan Singing Bowl No2, 300g ტიბეტური თასი;1;pending;A
387849;Thomann Tibetan Engraved Singing Bowl 10cm ტიბეტური თასი;1;pending;A
362297;Millenium HH-906 Hi-Hat Stand w/o Legs  დრამის ნაწილი,  სადგ;1;pending;A
157098;Millenium Drumrack Bag დრამის რეკის ჩანთა;1;pending;A
554555;Harley Benton DNAfx Bass Mobile ხმის გადამცემი;1;pending;A
276235;Stairville DJ Lase 150-R MK-III Red  სასცენო განათება - ლაზე;1;pending;A
555702;Yuer PR-04 - Multi-Power Supply კვების წყარო;1;pending;A
264101;Harley Benton PowerPlant Junior კვების წყარო;1;pending;A
493982;Kala LTP-C-ERB Elvis Signature Series უკულელე;1;pending;A
493985;"Kala LTP C Elvis Signature ""Viva Las Vegas"" ukulele უკულელე";1;pending;A
450914;the t.bone free 2b Wireless Mic System უკაბელო მიკროფონი;1;pending;A
554510;Harley Benton HBV 800HBK Violin  ელექტრო ვიოლინო;1;pending;A
433465;Harley Benton HBV 870AM Violin ელექტრო ვიოლინო;1;pending;A
602963;Swiff Audio M3 PRO Wireless Mic უკაბელო მიკროფონი;1;pending;A
304324;Used Tc Electronic Ditto Looper გიტარის ეფექტ-პედალი;1;pending;A
523369;Flamma FS22 Delay & Reverb Pedal გიტარის ეფექტ-პედალი;1;pending;A
508996;Harley Benton TableAmp V2 Bluetooth გიტარის კომბი,გამაძლიერე;1;pending;A
340471;Harley Benton CPT-20 გიტარის ტუნერი,ამწყობი;1;pending;A
361464;Harley Benton MM-84A SB Deluxe Series ბას-გიტარა;1;pending;A
500455;Harley Benton TB-70 SBK ბას-გიტარა;1;pending;A
317302;Harley Benton B-450 ბას-გიტარა;1;pending;A
1743;Behringer Powerplay P1 ყურის მონიტორის სისტემა;1;pending;A
TB04169;Used Roland Acoustic Chorus AC-60 აკუსტიკური გიტარის გამაძლი;1;pending;A
NXN8/S;Shure Nexadyne 8/S დინამიური მიკროფონი;1;pending;A
J6403;JET JS-700 MBK, HH ელ.გიტარა;1;pending;A
J6477;JET JS-480 BK G, HSS, Electric guitar;1;pending;A
J6478;JET JS-480 VI G HSS ელ.გიტარა;1;pending;A
J6529;JET JS-500 MBK, HH ელ.გიტარა;1;pending;A
TGC;Tuba gold color;1;pending;A
SPH;Sousaphone  სუზაფონი;1;pending;A
SEN-EW8900;Sennheiser EW8900 Wireless mic უკაბელო მიკროფონი;1;pending;A
312568;the t.bone TWS One B Vocal უკაბელო დინამიური მიკროფონი;1;pending;A
TBA322644964249;Stabcl Headphone Amplifier 8 Channel ყურსასმენის გამანაწილებ;1;pending;A
562991;Electro-Harmonix Oceans 12 Dual Stereo Reverb გიტარის ეფექტ-;1;pending;A
919714;Used Telefunken M80 Red დინამიური მიკროფონი;1;pending;A
815520;Used PRS SE CE24 Satin Turquoise ელ.გიტარა;1;pending;A
VH5AW;Vater  LOS ANGELES  5A WOOD TIP  დრამის ჯოხები;1;pending;A
VSMP5AW;Vater SUGAR MAPLE POWER 5A WOOD დრამის ჯოხები;1;pending;A
VSMSEW;Vater  SUGAR MAPLE SESSION WOOD დრამის ჯოხები;1;pending;A
VHC5AW;Vater classics 5A wood tip დრამის ჯოხები;1;pending;A
VHEB5BW;Vater eternal black 5B wood დრამის ჯოხები;1;pending;A
VBMW;Vater monster wood დრამის ჯოხები;1;pending;A
VBSW;Vater wire tap sweep დრამის ჯოხები;1;pending;A
VPFLX;Vater poly flex brush დრამის ჯოხები;1;pending;A
VWTD;Vater stick-brush დრამის ჯოხები;1;pending;A
VWB;Vater whip brush დრამის ჯოხები;1;pending;A
VBLM;Vater little monster დრამის ჯოხები;1;pending;A
VBM;Vater monster brush დრამის ჯოხები;1;pending;A
VWHP;Vater whip დრამის ჯოხები;1;pending;A
VWHWP;Vater wood handle whip დრამის ჯოხები;1;pending;A
VMAS;Vater acoustick დრამის ჯოხები;1;pending;A
VASS;Vater Acoustick Solid დრამის ჯოხები;1;pending;A
VSPSTZ;Vater Splashstick Traditional Jazz დრამის ჯოხები;1;pending;A
VSPSL;Vater splashstick lite დრამის ჯოხები;1;pending;A
VSPSSB;Vater Bamboo Splashstick Slim დრამის ჯოხები;1;pending;A
vcs;Vater cajon brush დრამის ჯოხები;1;pending;A
VGTR;Vater grip tape red;1;pending;A
VGTW;Vater grip tape white;1;pending;A
VTP;Vater tech pack;1;pending;A
VCBZ;Vater chop builder zero pad სავარჯიშო პადი;1;pending;A
MV20;Vater MV20 Marching snare & tenor stick დრამის ჯოხები;1;pending;A
V-FEXB12RS;Vater V-FEXB12RS front ens xylo/bell rubber sft დრამის ჯოხებ;1;pending;A
V-FEXB32RM;Vater V-FEXB32RM front ens xyubell rubber med დრამის ჯოხები;1;pending;A
V-FEXB52RH;Vater V-FEXB52RM front ens xyubell rubber hard დრამის ჯოხები;1;pending;A
TB05139;Used VOX VC15VR გიტარის გამაძლიერებელი,კომბი;1;pending;A
460177;Harley Benton JB-20 CA Standard Series  ბას-გიტარა;1;pending;A
537139;Harley Benton JA-20HH Active SBK ელ.გიტარა;1;pending;A
952955;Used Ibanez SR250 Blue ბას-გიტარა;1;pending;A
000370;"JBL EON715-EK 15"" Speaker აქტიური მაღალი სიხშირის დინამიკი";1;pending;A
523524;Harley Benton JB-62 CC SP Bass ბას-გიტარა;1;pending;A
64428;"Meinl CC20DAR Cymbal 20"" Ride რაიდი";1;pending;A
60133;Mahalo MPJ1KU Lap Top Cajon, Kuba კახონი;1;pending;A
64488;"Meinl CSBC8B Crystal Singing Bowl 8"" ტიბეტური თასი";1;pending;A
3063202;"Tama 14""x8"" Woodworks Snare - NZW სნეარი";1;pending;A
523298;Harley Benton R-446LH Graphite Metallic ელ.გიტარა ცაცია;1;pending;A
386636;Millenium PD-223 Pro Series BD Pedal დრამის პედალი;1;pending;A
64508;"Meinl HMC36BK Hamsa Meditation Chime 36""/90cm, 432hz, Black ";1;pending;A
60135;Mahalo MPJ1PR Lap Top Cajon, Pirate კახონი;1;pending;A
10-891;Yamaha PSR-E360DW სინთეზატორი;1;pending;A
10-898;Yamaha YDP-165WA ციფრული პიანინო;1;pending;A
317310;Harley Benton B-450 White Progressive Serie ბას-გიტარა;1;pending;A
TB04632;Used Squier Affinity Series Active Jazz Bass v Black ბას გიტ;1;pending;A
TB04633;Used Squier Bullet Stratocaster HSS ელ. გიტარა;1;pending;A
TB04158;USED Traktor Kontrol S2 MK3 DJ controller დიჯეი კონტროლერი;1;pending;A
CC546792446DE-6;AKG K-701 სტუდიური ყურსასმენი;1;pending;A
PGADRUMKIT-6;Shure 6PC DRUMKIT PGA52, 57, 56(X2), 81(X2) დრამის მიკროფონი;1;pending;A
934839;Arturia MicroLab Mk3 Black Midi -კლავიატურა;1;pending;A
NOVLPD12;Novation LAUNCHPAD X - Grid Controller for Ableton Live MIDI;1;pending;A
02476;AKAI Professional MPK Mini MK3 Black MIDI - კლავიატურა;1;pending;A
03024;Arturia KeyLab Essential 49 MK3 Black MIDI - კლავიატურა;1;pending;A
03128;Behringer HPM1100 სტუდიური ყურსასმენი;1;pending;A
00839;AKAI MPX16M10XEU - Midi-კონტროლერი;1;pending;A
934898;Bugera BXD12 - 1,000-Watt Bass Combo Amplifier ბას-გიტარის გ;1;pending;A
934899;Bugera V55HD INFINIUM - 55W Vintage 2-Channel Tube გამაძლიერ;1;pending;A
R422071;Roland FP-60X-BK Digital Piano ციფრული პიანინო;1;pending;A
R422072;Roland FP-60X-WH Digital Piano ციფრული პიანინო;1;pending;A
R425581;Roland JUNO-D6 Synthesizers სინთეზატორი;1;pending;A
R425601;Roland JUNO-D8 Synthesizers სინთეზატორი;1;pending;A
DO-500;ფანდური (თუთა);1;pending;A
02481;Behringer TM1 კონდენსატორული მიკროფონი;1;pending;A
934908;Behringer DH80 დრამერის ყურსასმენი;1;pending;A
02173;Behringer TD-3-RD-EU Synthesizers and Samplers;1;pending;A
802648;Sennheiser E 865 S კონდენსატორული მიკროფონი;1;pending;A
TB04180;Used Fender Squier Stratocaster ელ.გიტარა ცაცია;1;pending;A
422553;Harley Benton PB-50 LH SB Vintage Bass ბას-გიტარა (ცაცია);1;pending;A
1ZV7F3690391163585;Sennheiser EW 100 G4-835-S უკაბელო მიკროფონის სისტემა;1;pending;A
CC548213065DE;Thomann KB-15MP პიანისტის სკამი;1;pending;A
815301001522;Focusrite Scarlett 18i20 4th Gen ხმის ბარათი,აუდიო ინტერფეის;1;pending;A
1ZGH52614230835632;Used Gibson SG Special Satin Cherry 2017 ელ. გიტარა;1;pending;A
TB04187;Fostex T20RP ყურსასმენი;1;pending;A
TB04188;Used Alesis VX49 MIDI კონტროლერი;1;pending;A
TB04191;Peavey Raptor Silverburst El Guitar ელ. გიტარა;1;pending;A
VG500178;GEWA Classical Guitar Student Spruce Solid Top 4/4 კლასიკური;1;pending;A
GR803000023;Gretsch CT1-M264-DCSP Catalina Club აკუსტიკური დრამის კომპლე;1;pending;A
TB04194;Used Line6 Spider II Amp გიტარის გამაძლიერებელი/კომბი;1;pending;A
TB04195;Used Guild ელ. გიტარა;1;pending;A
GS64-RD;IBANEZ GS64-RD Guitar Strap გიტარის ქამარი;1;pending;A
DCS50D-CGY;Ibanez DCS50D-CGY Designer Strap გიტარის ქამარი;1;pending;A
FS40CL;IBANEZ FS40CL კლასიკური გიტარის ქეისი,ჩანთა;1;pending;A
IAB724S-BK;IBANEZ IAB724S-BK აკუსტიკური გიტარის შალითა;1;pending;A
237755;IBANEZ FS40DA  აკუსტიკური გიტარის მყარი კეისი;1;pending;A
3063176;Ibanez V40CE-OPN ელ.აკუსტიკური გიტარა;1;pending;A
V40WSCE-OPB;Ibanez V40WSCE-OPB ელ.აკუსტიკური გიტარა;1;pending;A
TB04197;Used Harley Benton pro series ელ. გიტარა;1;pending;A
TB04199;Used Akai Distortion Drive 3 boutique guitar effects გიტარის;1;pending;A
414724;Thomann SB-7 Cowbell ქაუბელი;1;pending;A
547106;Stylophone Bowie - Limited Edition Mini Synthesiser სტილოფონ;1;pending;A
544387;Cort MR500E Open Pore Natural ელ.აკუსტიკური გიტარა;1;pending;A
427780;Harley Benton CST-24T P90 Black Flame ელ.გიტარა;1;pending;A
492759;Zoom G 11 Guitar Multi Effect გიტარის ეფექტ-პედალი;1;pending;A
467070;Harley Benton RB-414CS Classic Series ბას-გიტარა;1;pending;A
362546;Harley Benton SC-450 P90 GT Classic Series ელ.გიტარა;1;pending;A
757242491096;"Remo Vintage Emperor Drum Head 16"" დრამის პლასტიკი";1;pending;A
03220;AdamHall Cables K3MFP0300 - Microphone Cable XLR female x Ja;1;pending;A
934867;AdamHall Cable K4BVV0090 6.3 Stereo Jack to 6.3 Stereo Jack ;1;pending;A
934960;AdamHall Cable K4BVV0600 6.3 Stereo Jack to 6.3 Stereo Jack ;1;pending;A
140510501;Fender Player II Stratocaster White Blonde ელ.გიტარა;1;pending;A
140482506;Fender Player II Jazz Bass Black ბას-გიტარა;1;pending;A
140480561;Fender Player II Jazz Bass Hialeah Yellow ბას-გიტარა;1;pending;A
140480518;Fender Player II Jazz Bass Aquatone Blue ბას-გიტარა;1;pending;A
140542518;Fender Player II Stratocaster HSS Aquatone Blue ელ. გიტარა;1;pending;A
117741;Harley Benton HBAC-20 აკუსტიკური გიტარის გამაძლიერებელი;1;pending;A
019954984892;"EVANS Reso7 B12RES7  12"" Resonant Head დრამის პლასტიკი";1;pending;A
019954984915;"EVANS Reso7 B14RES7 14"" Resonant Head დრამის პლასტიკი";1;pending;A
TB04208;Used T-Rex Neo Comp Compressor გიტარის ეფექტ-პედალი;1;pending;A
TB04213;Traktor Kontrol X1 დიჯეი კონტროლერი;1;pending;A
TB04214;Used Behringer pro mixer DJX750 დიჯეი მიქსერი;1;pending;A
TB04215;Used SCS screamer yerasov გიტარის ეფექტ-პედალი;1;pending;A
TB04219;Used Digitech RP150 modeling guitar processor ეფექტ-პედალი;1;pending;A
TB04220;Used ZOOM 606 Guitar pedal გიტარის ეფექტ-პედალი;1;pending;A
802832;Behringer B1X-EU აქტიური მაღალი სიხშირის დინამიკი;1;pending;A
802868;Behringer B1C აქტიური მაღალი სიხშირის დინამიკი;1;pending;A
710137046320;Dunlop Heavy Core ელექტრო გიტარის სიმები 10-48;1;pending;A
1ZA2552X0365590413-15;Dunlop Light Top Heavy Bottom 9's ელექტრო გიტარის სიმები 9-4;1;pending;A
1Z1W38V64243250187;Sennheiser EW300G4-865SAW Wireless Mic მიკროფონის სისტემა;1;pending;A
140886;Pyle PDMICR42BK Vintage Retro Style დინამიური მიკროფონი;1;pending;A
088918;Used Behringer UB1832FX-Pro Mixser აუდიო მიქსერი;1;pending;A
TB04232;USED Behringer SWVING 32-Key USB MIDI-კლავიატურა;1;pending;A
248DE-20;Novation Bass Station II MIDI კონტროლერი;1;pending;A
25417;Audio-Technica ATH-M30X სტუდიური ყურსასმენი;1;pending;A
02717;Audio-Technica ATH-M40X სტუდიური ყურსასმენი;1;pending;A
733132123025;Elixir Nanoweb Baritone ელექტრო გიტარის სიმები 12-68 (ბარიტო;1;pending;A
431619;Teenage Engineering PO-35 speak სინთეზატორი;1;pending;A
251196;pro snake 17850 Mic cable 5m With Neutrik XLR connectors მიკ;1;pending;A
395990;Millenium SS-801L Concert Snare Stand სნეარის სადგამი;1;pending;A
540756;Roadworx DJ Table დიჯეი აპარატურის მაგიდა;1;pending;A
386635;Millenium PD-123 Pro Bass Drum Pedal დრამის პედალი;1;pending;A
549178;Millenium MPS-1000 D2 E-Drum Set NT დრამის კომპლექტი;1;pending;A
1Z1640YR0390600740;Used Gibson LPM Translucent Ebony ელ. გიტარა;1;pending;A
1ZA139F50330893224;Used 2002 Fender Player Jazz Bass ბას-გიტარა;1;pending;A
1ZX653X40396174647;Used Gibson SGJ Cherry Solid Body El Guitar ელ.გიტარა;1;pending;A
1ZY850800395135099;Used Fender Standard Jazz Bass ბას-გიტარა;1;pending;A
1Z1VW6390396675504;Used Gibson SG Tribute ელ. გიტარა;1;pending;A
1Z8AF6170398109898;Used Fender Player Jazz Bass ბას-გიტარა;1;pending;A
TBA325281216526-3;ITHWIU Padded DJ Controller Case დიჯეი კონტროლერის ჩანთა;1;pending;A
TB04238;Used GRETSCH BT-2S ელ. გიტარა;1;pending;A
5056221;Soundcraft UI16, Ui-16 Console (EU version) ციფრული მიქსერი;1;pending;A
AKG P220;AKG P220 კონდენსატორული მიკროფონი;1;pending;A
1Z25277V0338604853-2;Promark Classic Forward Hickory Oval Wood Tip 5A დრამის ჯოხი;1;pending;A
TB04240;Used Replica Fender Stratocaster ელ. გიტარა;1;pending;A
1ZAY26220467104398;Casio CDP-S160 RD ციფრული პიანონო;1;pending;A
508598;Sennheiser HD 400S ყურსასმენი;1;pending;A
00533;AdamHall Cable K3YWCC0600 3.5 Jack to 2 RCA 6m აუდიო კაბელი;1;pending;A
353928;French horn ვალტორნა;1;pending;A
TB04249;Used Ibanez Gio GRGR120EX Blue Solid Body ელ. გიტარა;1;pending;A
TB04250;Used YAMAHA SLG-200N ელ.კლასიკური გიტარა;1;pending;A
TB04251;Used Squier Hollow Body Starcaster ელ.გიტარა;1;pending;A
1Z6AX2360399495631;Epiphone J200EC ელექტრო-აკუსტიკური გიტარა;1;pending;A
TB04252;Used E-WAVE GS-50R ხმის გამაძლიერებელი, კომბი;1;pending;A
TB04253;Used JOYO 6 BAND EQUALIZER გიტარის ეფექტ-პედალი;1;pending;A
TB04256;Used ERNIE BALL VP JR. 25K OHM გიტარის ეფექტ-პედალი;1;pending;A
3063004;Fender CC-60S All-Mahogany Concert Natural აკუსტიკური გიტარა;1;pending;A
TB04258;Used FriedMan BE-OD გიტარის ეფექტ-პედალი;1;pending;A
TB04259;Used JOYO Aquarius  გიტარის ეფექტ-პედალი;1;pending;A
TB04262;Used ZOOM U-22 ხმის ბარათი/ინტერფეისი;1;pending;A
TB04263;Used ZOOM 504 Acoustic ეფექტ-პედალი;1;pending;A
19954122171;D'Addario EJ41 12-String Phosphor Bronze Extra Light აკუსტიკ;1;pending;A
TB04266;Used Smiger LG-09-EQ ელ. აკუსტიკური გიტარა;1;pending;A
TB04264;Used ukulele უკულელე;1;pending;A
130090;Gewa Cherry High-gloss Beige seat პიანინოს სკამი;1;pending;A
190190;GEWA Twin cable Basic Line 1,5M 2X RCA/ 2X CINCH აუდიო კაბელ;1;pending;A
798505;Gewa HARMONICA Walther 20 octaves ჰარმონიკა;1;pending;A
MOSC0035UKEU;Focusrite Scarlett 16i16 (4th GEN) USB Type-C ხმის ბარათი/ინ;1;pending;A
CC541382166DE-1;Alhambra Z Nature კლასიკური გიტარა;1;pending;A
02987;Sennheiser HD 300 Pro - სტუდიური ყურსასმენი;1;pending;A
506829;Sennheiser HD 569 ყურსასმენი;1;pending;A
506831;Sennheiser HD 599 Open-back Around-ear ყურსასმენი;1;pending;A
TB04272;Used DBX 266XL Compressor gate;1;pending;A
TB04273;Used AUDAC Com3 გამაძლიერებელი;1;pending;A
PG-E15;Melody PG-E15 ელექტრო გიტარის ჩანთა;1;pending;A
AJ-100CE;Epiphone AJ-100 N ელ. აკუსტიკური გიტარა;1;pending;A
1Z8A404F0328260946;Sound Percussion Labs Cowbell ქაუბელი;1;pending;A
582985;Cosmosis I Pigtronix გიტარის ეფექტ-პედალი;1;pending;A
TB04287;Orange Micro Terror Hybrid Electric Guitar Amp Head გიტარის ;1;pending;A
237877;Fender Squier Affinity Series Precision Bass PJ  LF Pack ბას;1;pending;A
3063046;Fender Squier Sonic Stratocaster Black ელ.გიტარა;1;pending;A
237252;Fender FA-115 Dreadnought Natural Pack აკუსტიკური გიტარის კო;1;pending;A
MV7-S;Shure MV7 XLR/USB Speech mic დინამიური მიკროფონი;1;pending;A
1Z3E6Y280397339502;Sennheiser HD 400 PRO სტუდიური ყურსასმენი;1;pending;A
1ZA2552X0366834970-1;MXL 990/991 Condenser Mic  კონდენსატორული მიკროფონი;1;pending;A
TB04299;Used Boss RC-300 LOOP Station ლუპერი;1;pending;A
TB04302;Used Alesis Q49 USB MIDI - კლავიში;1;pending;A
ML1CP;Mahalo ML1CP Coral Pink Soprano Ukulele უკულელე;1;pending;A
ML1SH;Mahalo ML1SH Smoke Haze Soprano Ukulele უკულელე;1;pending;A
BAR1Hhs;Bromo BAR1HHS Historic Natural აკუსტიკური გიტარა;1;pending;A
60113;Bromo BAT1 Dreadnought Natural აკუსტიკური გიტარა;1;pending;A
60115;Bromo BAT2CE Natural ელ.აკუსტიკური გიტარა;1;pending;A
65211786-1;D'Addario EXL110BT Balanced Tension Lite ელექტრო გიტარის სიმ;1;pending;A
60079;"Remo 20"" Ambassador Coated Bass Drum Head დრამის პლასტიკი";1;pending;A
65211786-8;"Remo 24"" Controlled Sound Clear With Black Dot დრამის პლასტი";1;pending;A
1ZA2552X0328169127;"Remo Powerstroke 3 Clear 20"" ბას–დრამის პლასტიკი";1;pending;A
TB04306;Fender Squier Bullet Strat ელ.გიტარა;1;pending;A
TB04307;Roland CUBE 40GX COSM გიტარის კომბი,გამაძლიერებელი;1;pending;A
180213;Millenium SS-801X Pro Series Snare Stand სნეარის სადგამი;1;pending;A
BLX14E/B98-K3E;Shure BLX14E/B98-K3E უკაბელო მიკროფონის სისტემა;1;pending;A
BLX14E/SM35-K3E;Shure BLX14E/SM35-K3E უკაბელო მიკროფონის სისტემა;1;pending;A
283408;Behringer CMD MM-1 Midi მიდი-კონტროლერი;1;pending;A
215142;Auray Shield RF-5P-B ხმის საიზოლაციო პანელი;1;pending;A
37074898705749;XTUGA Recording Microphone Isolation Shield მიკროფონის დამცა;1;pending;A
Shield;Studio Mic Isolation Shield Black, Medium 5 Panel მიკროფონის;1;pending;A
3063250;Tama  5BN Oak Stick w/ Nylon Tip დრამის ჯოხები;1;pending;A
3063252;Tama HC82LS Cymbal Stand თეფშის სადგამი;1;pending;A
3063183;Tama HC84BW Boom Cymbal Stand თეფშის სადგამი;1;pending;A
6573RM3P;Tama 6573C3P Floortom Legs 3pcs Set დრამის სადგამი,ფეხები;1;pending;A
3063197;Tama SBS14 Snare Drum Bag სნეარის ჩანთა;1;pending;A
PBS1465;"Tama PBS1465 Snare Drum Bag (6.5X14"") სნეარის ჩანთა";1;pending;A
HP900PWN;Tama HP900PWN Power Glide Twin Pedal with case დრამის პედალი;1;pending;A
3063186;Tama HPDS1TW Dyna-Sync Series დრამის პედალი;1;pending;A
425591;Roland Juno-D7 76-Key Synthesizer with Zen-Core Engine სინთე;1;pending;A
01293;Gravity GMS4321B - მიკროფონის სადგამი,სტენდი;1;pending;A
01430;Gravity GSP5212B - 35mm Steel დინამიკის სადგამი;1;pending;A
MOSC0036UKEU;Focusrite Scarlett 18i16 (4th GEN) USB Type-C აუდიო ინტერფეი;1;pending;A
085009;Used Squier Affinity Telecaster ელ. გიტარა;1;pending;A
TB04322;Cajon კახონი;1;pending;A
TB04326;MXL DX-2 Dual Capsule დინამიური მიკროფონი;1;pending;A
60087;Mahalo MS1TBR Ukulele Transparent Brown უკულელე შალითით;1;pending;A
L-G1MR-DB;Smiger Stratocaster ელ. გიტარა;1;pending;A
L-G1MR-MBL;Smiger Stratocaster ელ. გიტარა;1;pending;A
TG-40;TG-40 guitar amp 40W amplifier ხმის გამაძლიერებელი;1;pending;A
557777;D'Addario EJ23 Phosphor Bronze SL აკუსტიკური გიტარის სიმები ;1;pending;A
185145;Optima Gypsyfire L აკუსტიკური/Gypsy გიტარის სიმები 11-46;1;pending;A
185146;Optima Gypsyfire Medium აკუსტიკური/Gypsy გიტარის სიმები 12-5;1;pending;A
185143;Optima Gypsyfire EL აკუსტიკური/Gypsy გიტარის სიმები 10-45;1;pending;A
603988;Millenium Snare Drum Rack დრამის რეკი;1;pending;A
447712;Millenium TS-6 Double Tom Stand ორმაგი ტომის სადგამი;1;pending;A
257257;pro snake MC 1622 Multicore Cable მულტიქორი 30m;1;pending;A
382442;Harley Benton TrueTone T-20 გიტარის პიეზო ხმის ამღები;1;pending;A
512783;Hughes & Kettner Spirit AmpMan Modern გიტარის პროცესორი;1;pending;A
516475;Source Audio Ultrawave Multiband Processor გიტარის ეფექტ-პედ;1;pending;A
452253;Harley Benton Classic Guitar Leg Support გიტარის ფეხის სადგა;1;pending;A
456461;Harley Benton HBV 870WH 4/4 ელექტრო ვიოლინო;1;pending;A
304927;Harley Benton JA-60SB Vintage Series ელ.გიტარა;1;pending;A
514462;Harley Benton JA-60CC Shell Pink ელ.გიტარა;1;pending;A
474739;Klark Teknik MIC BOOSTER CT 1 ბუსტერი;1;pending;A
602774;Dixon Little Roomer 5pc Set SNL აკუსტიკური დრამის კომპლექტი;1;pending;A
201698;Larsen Cello Rosin კანიფოლი;1;pending;A
523522;Harley Benton JB-62CC LPB ბას-გიტარა;1;pending;A
589940;Harley Benton SC-Custom III Vintage Black ელ.გიტარა;1;pending;A
180075;Millenium SLS300 Lighting Stand განათების სადგამი;1;pending;A
485708;Stageworx LB-3 Lighting Stand Set 3m განათების სადგამი;1;pending;A
527048;Harley Benton CST-24T Purple Burst ელ.გიტარა;1;pending;A
342462;Harley Benton CST-24 Paradise Flame ელ.გიტარა;1;pending;A
376593;Harley Benton CST-24 Black Cherry Flame Deluxe Series ელ.გიტ;1;pending;A
584046;Rode NT1 Signature Red კონდენსატორული მიკროფონი;1;pending;A
584056;Rode NT1 Signature Purple კონდენსატორული მიკროფონი;1;pending;A
584054;Rode NT1 Signature Pink კონდენსატორული მიკროფონი;1;pending;A
584087;Rode NT1 Signature Green კონდენსატორული მიკროფონი;1;pending;A
560054;Applause Jump Slope Shoulder Celeste აკუსტიკური გიტარა;1;pending;A
617715;Sela Harmony Tongue Drum C-Major თონგ დრამი;1;pending;A
451347;Carl Martin Atlantic Chorus გიტარის ეფექტ-პედალი;1;pending;A
576202;Steinberg UR22C Green 2-Channel USB 3.0 აუდიო ინტერფეისი;1;pending;A
468699;Korg B2 Black Stage Piano 88-Key ციფრული პიანინო;1;pending;A
467749;Zoom LiveTrak L-20R Rack-Mountable ციფრული მიქსერი;1;pending;A
523546;Harley Benton JB-62SB ბას-გიტარა;1;pending;A
TB04339;Used MXR Booster Mini გიტარის ეფექტ-პედალი;1;pending;A
1Z8V15100317200841;Used Electro-Harmonix Nano Battalion გიტარის ეფექტ-პედალი;1;pending;A
1Z4R80010321883350;Used Electro-Harmonix Oceans 3 Reverb Effect Pedal გიტარის ე;1;pending;A
941856;Neunaber Immerse Reverberator Mk II გიტარის ეფექტ-პედალი;1;pending;A
994022;"Remo Coated Drumhead 26"" (BR-1126-00) დრამის პლასტიკი";1;pending;A
177012;Harley Benton BeatBass VS Vintage Series ბას-გიტარა;1;pending;A
665895106741;Kirlin RDF BX NA 20AWG IMK-202PFGL 10M ინსტრუმენტის კაბელი;1;pending;A
02223;Behringer X1622USB-EU ანალოგური აუდიო მიქსერი;1;pending;A
MPKMINI4B;AKAI MPK Mini IV 25-Key MIDI-კლავიატურა;1;pending;A
MPKMINI4W;AKAI MPK Mini IV 25-Key MIDI კლავიატურა;1;pending;A
942221;Casio CT-S200WEC2 სინთეზატორი ადაპტერით;1;pending;A
942051;Casio CT-X700C2 სინთეზატორი ადაპტერით;1;pending;A
94261;CASIO AP-550BKC2 ციფრული პიანინო;1;pending;A
94272;Casio AP-550BNC2 ციფრული პიანინო;1;pending;A
3160232;Jackson X Series Spectra Bass SBXP IV Desert Sand ბას-გიტარა;1;pending;A
746273;Pyle PSMRSWD100 ხმის საიზოლაციო პანელი,ფარი;1;pending;A
TB04346;Used TASCAN US-16x08 USB Audio Interface Mic Preamp ხმის ბარ;1;pending;A
00071;Used Marshall BB-2 Bluesbreaker II გიტარის ეფექტ-პედალი;1;pending;A
TB04348;Used Mooer Preamp Model X2 გიტარის ეფექტ-პედალი;1;pending;A
TB04350;Used Electro-Harmonix electric mistress pedal გიტარის ეფექტ-;1;pending;A
TB04351;Used Ultimate Drive Pedal გიტარის ეფექტ-პედალი;1;pending;A
TB04352;Used Mad Professor Snow White Auto Wah გიტარის ეფექტ-პედალი;1;pending;A
1Z5FY8110306036711;Used OLP MM4 ელ.გიტარა;1;pending;A
934885;"Turbosound TFX152M-AN 1100W 15"" აქტიური მაღალი სიხშირის მონი";1;pending;A
TB04359;Donner Morpher Distortion გიტარის ეფექტ-პედალი;1;pending;A
TB04361;Used SONICAKE IR Pedal Speaker Cabinet Simulator გიტარის ეფე;1;pending;A
372534;Used TC electronic Hall Of Fame Mini Reverb გიტარის ეფექტ-პე;1;pending;A
TB04363;Used Ibanez DX 5-String ბას-გიტარა;1;pending;A
TB04365;Donner Yellow Fall Delay გიტარის ეფექტ-პედალი;1;pending;A
TB04366;Used Tomsline APW6 Pedals Power Bank კვების ბლოკი;1;pending;A
TB04368;JOYO Dyna Compressor გიტარის ეფექტ-პედალი;1;pending;A
TB04369;Harley Benton Digital Delay Pedal გიტარის ეფექტ-პედალი;1;pending;A
TB04370;Used Caline Blue Ocean გიტარის ეფექტ-პედალი;1;pending;A
TB04371;Used Mosky Loop Box გიტარის ეფექტ-პედალი;1;pending;A
480295DE-4;Used Harley Benton Binary გიტარის ეფექტ-პედალი;1;pending;A
TB04373;Used AMT R1 Legend Amps გიტარის ეფექტ-პედალი;1;pending;A
TB04374;Nux NMP-2 Lite Dual Foot Switch ინსტრუმენტის გადამრთველი პედ;1;pending;A
TB04377;Used PreSonus TubePre  მიკროფონის პრეამპი;1;pending;A
887361443420;Bacchus BJB-1R / SW JB type ბას-გიტარა;1;pending;A
VC50NJP-OPN;Ibanez VC50NJP Open Pore Natural აკუსტიკური გიტარის კომპლექტ;1;pending;A
TB04379;Used Danelectro Corned Beef Reverb გიტარის ეფექტ-პედალი;1;pending;A
TB04382;Used Deviser TG-40R MIC გიტარის გამაძლიერებელი,კომბი;1;pending;A
935005;Arturia MiniLAB 3 Champagne - 25 Slim Key MIDI-კლავიატურა;1;pending;A
V54NJP-WK;IBANEZ V54NJP-Weathered Black Open Pore აკუსტიკური გიტარის კ;1;pending;A
64588;Ortega R121L Concert Guitar Spruce კლასიკური გიტარა,ცაცია;1;pending;A
3160018;Fender Squier Sonic Mustang 2-Color Sunburst ელ.გიტარა;1;pending;A
CSS24-4mix;Seed Shells Hanging Bell 24pcs CSS24-4mix შხარუნები,შეიქერი;1;pending;A
CDT1211;Djembe CDT1211ჯემბე;1;pending;A
683721;Microphone Holder მიკროფონის დამჭერი;1;pending;A
308973;Used Boss MD-2 Mega Distortion გიტარის ეფექტ-პედალი;1;pending;A
547968;Roadworx 4120B კლავიშის სადგამი;1;pending;A
TB04383;Used J.Rockett Audio Designs Archer Ikon გიტარის ეფექტ-პედალ;1;pending;A
1ZAY26220454082918-2;Harley Benton Custom Line Nashville-Steel ელ.აკუსტიკური გიტა;1;pending;A
TB04389;Mooer Baby Bomb 30W გიტარის ეფექტ-პედალი;1;pending;A
01072;TC Electronic Flashback 2 Delay გიტარის ეფექტ-პედალი;1;pending;A
01073;TC Electronic Hall of Fame 2 Reverb გიტარის ეფექტ-პედალი;1;pending;A
935049;TC Electronic Eyemaster Metal Distortion გიტარის ეფექტ-პედალ;1;pending;A
01195;TC Electronic HyperGravity Compressor გიტარის ეფექტ-პედალი;1;pending;A
935046;TC Electronic Infinite Sample Sustainer გიტარის ეფექტ-პედალი;1;pending;A
934900;TC Electronic PLETHORA X1 გიტარის ეფექტ-პედალი;1;pending;A
935051;TC Electronic Brainwaves Pitch Shifter გიტარის ეფექტ-პედალი;1;pending;A
935052;TC Electronic M100 სიგნალის პროცესორი;1;pending;A
935045;TC Electronic Hall of Fame 2 X4 Reverb გიტარის ეფექტ-პედალი;1;pending;A
TB04396;Violin 3\4 ვიოლინო;1;pending;A
TB04406;Used Harley Benton Progressive Series ელ.გიტარა;1;pending;A
10-1645;Yamaha YRS-20 BG ბლოკ-ფლეიტა;1;pending;A
10-1648;Yamaha NTX1BL ელ.კლასიკური გიტარა;1;pending;A
10-1649;Yamaha NTX1BS Brown Sunburst ელ.კლასიკური გიტარა;1;pending;A
10-1651;Yamaha CG142S კლასიკური გიტარა;1;pending;A
10-1652;Yamaha CG142C კლასიკური გიტარა;1;pending;A
10-1653;Yamaha CG122MS კლასიკური გიტარა;1;pending;A
10-1654;Yamaha CG122MC კლასიკური გიტარა;1;pending;A
10-1673;Line6 Spider V 30 MKII გიტარის გამაძლიერებელი;1;pending;A
10-1672-1;Yamaha FP7210A Drum Pedal დრამის პედალი;1;pending;A
TB04410;Used Thomann Gigbag Deluxe გიტარის ჩანთა;1;pending;A
TB04412;Smiger TGD-80R  Guitar Amplifer გიტარის კომბი;1;pending;A
631966;Marcus Miller V6-4 Sandblasted OTB ბას-გიტარა;1;pending;A
200575;D'Addario J810-4/4M Prelude Violin ვიოლინოს სიმები;1;pending;A
602100;Cort GB-Fusion 4 Blue Burst ბას-გიტარა;1;pending;A
154595;Rode NT5 MP კონდენსატორული მიკროფონი;1;pending;A
533265;Harley Benton HBV 800PUM ელექტრო აკუსტიკური ვიოლინო;1;pending;A
513949;Cort B4 Element Open Pore Red ბას-გიტარა;1;pending;A
428630;Thomann TCA Bass Boost Cajon კახონი;1;pending;A
584278;Markbass Studio Tuned 5 NPS ბას გიტარის სიმები 45-130;1;pending;A
495650;Markbass Ultimate 4 NPS ბას გიტარის სიმები 45-105;1;pending;A
483598;Markbass Energy NPS 4 ბას გიტარის სიმები 45-100;1;pending;A
483582;Markbass Groove NS 4  Strings ბას-გიტარის სიმები 40-100;1;pending;A
409837;Teenage Engineering PO-32 tonic სემპლერი, დრამ სინთეზატორი;1;pending;A
135436;Marshall MS-2R Mini-Stack გიტარის გამაძლირებელი;1;pending;A
314905;Harley Benton SC-1000 WH Progressive Line ელ.გიტარა;1;pending;A
587152;Cort C5 Deluxe Candy Blue ბას-გიტარა;1;pending;A
599256;Blackstar Debut 30E 30W გიტარის გამაძლირებელი;1;pending;A
TB04414;Smiger TG-60R guitar combo გიტარის კომბი, გამაძლიერებელი;1;pending;A
460179;Harley Benton JB-75FL SB Vintage Series Fretless ბას-გიტარა;1;pending;A
GR801514;GRETSCH GEX-E825-5-G აკუსტიკური დრამის კომპლექტი;1;pending;A
TB04418;Used Harley Benton SC-450Plus LD ელ. გიტარა;1;pending;A
13330;Markbass Mark Vintage Pre წინასწარი გამაძლიერბელი;1;pending;A
12688;Markbass Minimark 802 N 300 ბას-გიტარის კომბი;1;pending;A
888439882047-1;Bacchus RSM JB type ბას-გიტარა;1;pending;A
888439882047-2;Yamaha SLG200N CRB ელ.კლასიკური გიტარა;1;pending;A
TB04421;Used HeadRush Expression Pedal გიტარის ეფექტ-პედალი;1;pending;A
GP04;Aiersi Gypsy jazz guitar აკუსტიკური გიტარა;1;pending;A
01066;TC Electronic Dark Matter Distortion გიტარის ეფექტ-პედალი;1;pending;A
01194;TC Electronic MojoMojo Overdrive გიტარის ეფექტ-პედალი;1;pending;A
02368;M-Audio Oxygen Pro 49 MIDI-კლავიატურა;1;pending;A
02498;M-Audio Oxygen Pro Mini 32 MIDI-კლავიატურა;1;pending;A
TB04423;Used Sonicake Warped Dimension Pedal გიტარის ეფექტ-პედალი;1;pending;A
TB04430;Used Electro Harmonix LPB-1 გიტარის ეფექტ-პედალი;1;pending;A
TB04433;Used Epiphone Les Paul ელ. გიტარა;1;pending;A
420191;BOSS VE-500 ვოკალის პროცესორი;1;pending;A
TBA328651795408;Hosongin 6 Channels Headphone Amplifier ყურსასმენის ხმის გამ;1;pending;A
TBA328672447598;Bonsicoky C-C Pitch Pipe 13 Tones, C-C Note;1;pending;A
TB04434;Used Behringer Composer Audio Interactive Dinamics Processor;1;pending;A
547690;Used DigiTech Vocalist VR Vocal Harmony Processor;1;pending;A
TB04435;Used RGBlink VSP 516S ვიდეო პროცესორი;1;pending;A
TB04436;Used M-AUDIO Fast Track Ultra 8R Audio/MIDI ინტერფეისი;1;pending;A
TB04437;Used Feedback Destroyer pro DSP 1100P;1;pending;A
TB04440;Used DOD 834 series II Stereo Crossover ქროსოვერი;1;pending;A
1ZYR63210397066996;Used Marshall MG30DFX 30W Guitar Combo Amp-გიტარის კომბი, ხმ;1;pending;A
TB04438;Used Crate MX65R გიტარის გამაძლირებელი;1;pending;A
TB04444;Used Crate GX-30M გიტარის გამაძლირებელი;1;pending;A
1Z001R9YA852555432;MXR MB301 Bass Synth გიტარის ეფექტ-პედალი;1;pending;A
TB04447;Used Fender FM65 DSP გიტარის გამაძლიერებელი;1;pending;A
1Z2015YX0390417423-1;Used Gibson LPJ Trans Red ელ.გიტარა;1;pending;A
1Z2015YX0390417423-2;Used Gibson DLX Gig Bag გიტარის ჩანთა;1;pending;A
TB04451;Used Electro-harmonix Bass Balls Twin Dynamic Filters ეფექტ-;1;pending;A
TB04452;Used Hi Tone Solar U-830 Professional Wireless Microphone;1;pending;A
TB04453;Used Enbao LX-2000V Receiver;1;pending;A
TB04456;Used Frontier Tango 24 24-bit convertes system;1;pending;A
TB04450;Used Samsun Hi Hat Cimbal 16 inch ჰაი-ჰეტი;1;pending;A
PS510356;GEWA Basic Plus 4/4 black კლასიკური გიტარა;1;pending;A
518050;Gewa guitar stands classic Black გიტარის სადგამი;1;pending;A
1Z214F1E0393040613;Used Casio PX130 ციფრული პიანინო;1;pending;A
TB04458;Amuzik DIST-III ეფექტ-პედალი;1;pending;A
TB04459;Qingfan Reverb Guitar ეფექტ-პედალი;1;pending;A
TB04460;ISET Chromatic Tuner ტუნერი;1;pending;A
TB04461;Used Kramer Guitars Focus VT211S Purple ელ.გიტარა;1;pending;A
NXN5;Shure Nexadyne NXN5 გიტარის გამაძლიერებლის მიკროფონი;1;pending;A
NXN8/C;Shure Nexadyne NXN8/C დინამიური მიკროფონი;1;pending;A
NXN2;Shure Nexadyne 2 Supercardioid Dynamic ქიქ-დრამის მიკროფონი;1;pending;A
DMK57-52;Shure DMK57-52 დრამის მიკროფონის კომპლექტი;1;pending;A
TB04463;Used Line 6 POD HD300 გიტარის პროცესორი;1;pending;A
3160014;Fender Squier Sonic Telecaster Torino Red ელ.გიტარა;1;pending;A
2370337;Fender Squier Affinity Series Stratocaster MF ელ.გიტარა;1;pending;A
935048;TC Electronic Afterglow Chorus ეფექტ-პედალი;1;pending;A
1ZE44A440302215810;Used Godin Multiac Duet Ambiance Natural ელ.აკუსტიკური  გიტა;1;pending;A
1ZE219Y80395289847;"Used Epiphone Inspired by ""1955"" Les Paul Custom Outfit 2016";1;pending;A
TB04464;Used Replica Telecaster ელ. გიტარა;1;pending;A
TB04465;Used Burny ZB-85 Tunderbird ბას-გიტარა;1;pending;A
TB04468;Used Schecter Omen Elite-6 ელ.გიტარა;1;pending;A
S10-4-EU;"KRK 10"" Studio Subwoofer სტუდიური მონიტორი";1;pending;A
K8-EU;"KRK Kreate 8"" სტუდიური მონიტორი";1;pending;A
TB04470;Used M-Audio Oxygen 49 MIDI-კლავიატურა;1;pending;A
362533;Harley Benton SC-400 SBK Classic Series ელ.გიტარა;1;pending;A
428796;Harley Benton RB-600BK Classic Series Semi-Hollow გიტარა;1;pending;A
398266;Fender Aerodyne Special Stratocaster ელ.გიტარა;1;pending;A
3160012;Fender Squier Sonic Stratocaster Arctic White ელ.გიტარა;1;pending;A
237962;Fender Squier Affinity Series Stratocaster Junior HSS 3-Colo;1;pending;A
TA-5-BL;Tama Drum Set დრამის კომპლექტი;1;pending;A
KG-GR;Tama Kid Drum Set დრამის კომპლექტი;1;pending;A
TB04475;Raypaul Guitalele გიტალელე;1;pending;A
TB04477;NUX B-6 2.4GHz საქსაფონის უკაბელო მიკროფონის სისტემა;1;pending;A
TB04482;Used Vox Pathfinder 10 გიტარის გამაძლირებელი;1;pending;A
TB04483;Used Millenium MD-90 Mobile Drum   დასარტყამი ინსტრუმენტი;1;pending;A
TB04484;Used Mooer GTRS Guitars Standard 800 VW ჭკვიანი ელ.გიტარა;1;pending;A
TB04485;LTD RB-1005 bass guitar ბას გიტარა;1;pending;A
TB04486;Used Marcus Miller V7 Swamp Ash-4 Reissue NT ბას-გიტარა;1;pending;A
AF75G;Used Ibanez AF75G Hollow Body ელ.გიტარა;1;pending;A
TB04489;Used Ibanez GART-60 ელ. გიტარა;1;pending;A
TB04492;Ibanez AF75G Hollow Body ელ. გიტარა;1;pending;A
TB04494;Used Replica Stratocaster ელ. გიტარა;1;pending;A
TB04501;Used Jackson JS Series Concert Bass JS3 ბას-გიტარა;1;pending;A
TB04497;Used Electro Harmonix 360 Nano Looper გიტარის ეფექტ-პედალი;1;pending;A
TB04498;Used Very Good Fuzz გიტარის ეფექტ-პედალი;1;pending;A
13142;Kawai KDP75 Satin Black 88-Key ციფრული პიანინო;1;pending;A
13260;Kyrios BK-SOU0195 88-Key ციფრული პიანინო;1;pending;A
13261;Kyrios RW-SOU0197 88-Key ციფრული პიანინო;1;pending;A
13053;Audes SOU0139 88-Key ციფრული პიანინო;1;pending;A
13258;MM-10P-B Soundsation მეტრონომი;1;pending;A
11808;Orange Two Stroke Boost EQ გიტარის ეფექტ-პედალი;1;pending;A
13022;Crush Bass 50 LTD ბას-გიტარის კომბი;1;pending;A
13029;Orange Crush Bass 50BK ბას-გიტარის კომბი;1;pending;A
631341;Harley Benton SC-Custom III Moritz Yellow ელ.გიტარა;1;pending;A
631338;Harley Benton SC-Custom III Purple Satin ელ.გიტარა;1;pending;A
522757;Harley Benton SC-550 II Black Cherry Flame ელ.გიტარა;1;pending;A
617126;Harley Benton SC-Custom III Silver Sparkle Metallic ელ.გიტარ;1;pending;A
350221;Thomann BD2614 Marching Bass Drum მარშის დრამი;1;pending;A
308717;Harley Benton RB-600 CS Classic Series ელ.გიტარა;1;pending;A
503355;Roadworx 6 Mic Holder მიკროფონის სამაგრი;1;pending;A
587155;Cort G250 SE Black ელ.გიტარა;1;pending;A
562612;Blackstar Debut 50R Cream Oxblood გიტარის გამაძლიერებელი;1;pending;A
622181;Harley Benton DNAFX AmP20 გიტარის გამაძლიერებელი;1;pending;A
483137;Harley Benton StreetBox-60 გიტარის გამაძლიერებელი;1;pending;A
469677;Harley Benton TUBE5 Celestion გიტარის გამაძლირებელი;1;pending;A
358097;Thomann Tibetan Singing Bowl No2, 500g ტიბეტური თასი;1;pending;A
523366;Flamma FS21 Looper & Drum Machine გიტარის ეფექტ-პედალი;1;pending;A
633151;Harley Benton HBV 800YWB ელექტრო-აკუსტიკური ვიოლინო;1;pending;A
402283;Harley Benton GuitarBass VB Vintage Series ელ.გიტარა ბარიტონ;1;pending;A
532486;Harley Benton HBV 800SBK Electric Violin ელექტრო-აკუსტიკური ;1;pending;A
388320;Hughes & Kettner TubeMeister Deluxe 20 გიტარის გამაძლიერებელ;1;pending;A
616470;Hughes & Kettner Spirit 10 Celestion კაბინეტი;1;pending;A
447834;Hughes & Kettner Softbag BS 200 H გამაძლიერებლის სატარებელი ;1;pending;A
474625;Hughes & Kettner Black Spirit 200 Floor გიტარის გამაძლიერებე;1;pending;A
BLX24E/PG58-K3E;Shure BLX24E/PG58 Vocal System Set უკაბელო მიკროფონის სისტემ;1;pending;A
TB04505;Used Squier Affinity Precision SunBurst ბას-გიტარა;1;pending;A
488836;Used TC-Helicon Harmony V100 აკუსტიკური გიტარის გამაძლიერებე;1;pending;A
019954953263;D'Addario EJ83L აკუსტიკური/Gypsy გიტარის სიმები 10-44;1;pending;A
TB04510;Used C.Giant M-20 გიტარის გამაძლიერებელი;1;pending;A
TB04511;Used Stagg 40 GA R გიტარის კომბი;1;pending;A
TB04513;Used VOX VX50 GTV გიტარის გამაძლიერებელი;1;pending;A
TB04514;Used VOX AC4C1-MINI-BL გიტარის კომბი;1;pending;A
TB04516;Used RockTile Scream 15 გიტარის კომბი;1;pending;A
TB04517;Used Randy Jackson 15RJ გიტარის გამაძლიერებელი;1;pending;A
TB04518;Used Peavey VIP-1 გიტარის გამაძლიერებელი;1;pending;A
TB04519;Used Behringer BEQ700 Bass Graphic Equalizer გიტარის ეფექტ-პ;1;pending;A
TB04520;Used Digitech X-SERIES Bass Squeeze Compressor გიტარის ეფექტ;1;pending;A
MV7+-W;Shure MV7+-W დინამიური მიკროფონი;1;pending;A
TB04521;Used Sennheiser HD 660S2 სტუდიური ყურსასმენი;1;pending;A
TB04522;Used Mitchell MM100 Blood Red Mini ელ.გიტარა;1;pending;A
TB04524;Used Squier Fender Debut Telecaster Dakota Red ელ.გიტარა;1;pending;A
TB04534;Used Casio CTX800 61-Key სინთეზატორი;1;pending;A
TB04532;Used Behringer UO100 Ultra Octaver გიტარის ეფექტ-პედალი;1;pending;A
TB04527;Used Cort X6-Black ელ.გიტარა;1;pending;A
TB04529;Used Amuzik GT EQ 5-Band Equalizer გიტარის ეფექტ-პედალი;1;pending;A
TB04530;Used Sonicake Wah Volume Pedal გიტარის ეფექტ-პედალი;1;pending;A
539499;Used Fender Stratocaster Japan Electric Guitar ელ. გიტარა;1;pending;A
277950;Used Fender Standard Series Stratocaster ელ. გიტარა;1;pending;A
019954948917;"Evans EMAD Resonant Black Bass Drum Head 20"" დრამის პლასტიკი";1;pending;A
886009;"Evans EMAD Clear Bass Drum Head - 22"" დრამის პლასტიკი";1;pending;A
8698546100227;Pitbull GCG Normal Tension კლასიკური გიტარის სიმები;1;pending;A
8698546100524;Pitbull LEG Super Light Long Life ელექტრო გიტარის სიმები 09-;1;pending;A
8698546100531;Pitbull LEG Light Long Life ელექტრო გიტარის სიმები 10-46;1;pending;A
8698546100067;Pitbull VCG Hard Tension კლასიკური გიტარის სიმები;1;pending;A
8698546100265;Pitbull GEB 5 Super Light ბას-გიტარის სიმები 40-125;1;pending;A
8698546100296;Pitbull GEB 6 Light ბას-გიტარის სიმები 30-128;1;pending;A
8684325360043;Pitbull MEB 4 Light Extra Long ბას-გიტარის სიმები 45-105;1;pending;A
8684325360128;Pitbull FCG NT Flamenco კლასიკური გიტარის სიმები;1;pending;A
8684325360333;Pitbull FEB 4 L Flatwound ბას-გიტარის სიმები 45-100;1;pending;A
935077;Behringer X1832USB აუდიო მიქსერი;1;pending;A
R417351;Boss Ve-8 Acoustic / Vocal Effects ვოკალის ეფექტ-პროცესორი;1;pending;A
935044;Novation MININOVA 37 Mini-key სინთეზატორი;1;pending;A
TB04542;Used Fender Marine Layer Reverb გიტარის ეფექტ-პედალი;1;pending;A
173633;Used Fender Duo Sonic ელ.გიტარა;1;pending;A
135857;Used Fender Standard Stratocaster ელ.გიტარა;1;pending;A
392605;Used Fender Modern Player Telecaster ელ. გიტარა;1;pending;A
94204;Casio CT-X5000C2 61-Key სინთეზატორი;1;pending;A
39787509986808;Used M-Audio MobilePre აუდიო ინტერფეისი;1;pending;A
TB04546;Used ART Dual Pre USB პრე-გამაძლიერებელი;1;pending;A
TB04547;Used M-AUDIO FireWire Solo აუდიო ინტერფეისი;1;pending;A
TB04548;Used M-Audio Fast Track Pro აუდიო ინტერფეისი;1;pending;A
TB04549;Used Behringer MINIMIC MIC800 პრე-გამაძლიერებელი;1;pending;A
8375;Sing-e Wireless Microphone უკაბელო მიკროფონი;1;pending;A
502527;Kawai HM-5 W კლავიშის სადგამი;1;pending;A
502530;Kawai F-302 W პიანინოს პედალი;1;pending;A
300519;Used Fender Player Stratocaster Mexico El. Guitar ელ. გიტარა;1;pending;A
835073;Universal Audio UAFX Evermore Studio Reverb გიტარის ეფექტ-პე;1;pending;A
555113-3;OriGlam Harmonica Holder ჰარმონიკას დამჭერი;1;pending;A
749699120155;Ernie Ball 2015 Paradigm Heavy Bottom ელექტრო გიტარის სიმები;1;pending;A
TF8-10;DR Strings Tite-Fit TF8-10 ელექტრო გიტარის სიმები 10-75;1;pending;A
019954918712;"Evans EMAD Clear Tom Hoop Drum Head 16"" დრამის პლასტიკი";1;pending;A
216311;Washburn Acoustic-Electric Guitar ელქტრო-აკუსტიკური გიტარა;1;pending;A
MSC10Pro-WH;Mooer MSC10 Pro Vintage White ელ.გიტარა;1;pending;A
MSC10Pro-SB;Mooer MSC10 Pro Sunburst ელ.გიტარა;1;pending;A
MSC20Pro-PP;Mooer MSC20 Pro Prune Purple ელ.გიტარა;1;pending;A
MSC20Pro-OBL;Mooer MSC20 Pro Ocean Blue ელ.გიტარა;1;pending;A
MSC30Pro-LGR;Mooer MSC30 Pro Lemon Green ელ.გიტარა;1;pending;A
MSC31Pro-PP;Mooer MSC31 Pro Purple Burst ელ.გიტარა;1;pending;A
S801GD;Mooer GTRS Standard S801 Gold ჭკვიანი ელ.გიტარა;1;pending;A
MMT100-PP;Mooer MMT100 FR Aurora Purple ელ.გიტარა;1;pending;A
M800C-DPURPLE;Mooer GTRS Modern 800 Dark Purple ჭკვიანი ელ.გიტარა;1;pending;A
163997;Mooer GTRS Modern 800 Blue Chameleon ჭკვიანი ელ.გიტარა;1;pending;A
M810-BLB;Mooer GTRS Modern 810 Blue Burst ჭკვიანი ელ.გიტარა;1;pending;A
M810-PURPLE;Mooer GTRS Modern 810 Purple Burst ჭკვიანი ელ.გიტარა;1;pending;A
W900-AGR;Mooer GTRS Wing 900 Aurora Green ჭკვიანი ელ.გიტარა;1;pending;A
W900-AP;Mooer GTRS Wing 900 Aurora Pink ჭკვიანი ელ.გიტარა;1;pending;A
W900-APURPLE;Mooer GTRS Wing 900 Aurora Purple ჭკვიანი ელ.გიტარა;1;pending;A
W902;Mooer GTRS Wing 902 Magic Crystal ჭკვიანი ელ.გიტარა;1;pending;A
MBJ410-MBL;Mooer MBJ410 Metal Blue ბას-გიტარა;1;pending;A
MBJ412-DBL;Mooer MBJ412 Dark Blue ბას-გიტარა;1;pending;A
GTRS-F4WH;Mooer F4 Wireless Footswitch White გადამრთველი პედალი;1;pending;A
SD10i-BK;Mooer SD10i Black გიტარის კომბი;1;pending;A
SD10i-RD;Mooer SD10i Red გიტარის კომბი;1;pending;A
F15iLi-GD;Mooer F15i Li Imperial Gold გიტარის კომბი;1;pending;A
GS1000Li;Mooer GS1000 Li გიტარის პროცესორი;1;pending;A
GE1000Li-GR;Mooer GE1000Li Gray გიტარის პროცესორი;1;pending;A
GE1000Li-WH;Mooer GE1000Li White გიტარის პროცესორი;1;pending;A
TB04555;Used Harley Benton JB-75MN Black VT Series ბას-გიტარა;1;pending;A
3063003;Fender CC-60S Concert 3-Color Sunburst აკუსტიკური გიტარა;1;pending;A
237199;FENDER FE405 Black ელექტრო გიტარის ჩანთა;1;pending;A
237875;Fender Squier Affinity Series Stratocaster HSS Pack ელექტრო ;1;pending;A
3160022;Fender Squier Sonic Precision 2-Color Sunburst ბას-გიტარა;1;pending;A
237538;Jackson JS Series Rhoads JS32T ელ.გიტარა;1;pending;A
46070;Presonus Eris E5 BT EU სტუდიური მონიტორი (წყვილი);1;pending;A
153580;Harley Benton TE-30 BE Blonde High-Gloss ელ.გიტარა;1;pending;A
140442;Harley Benton JB-20 SB ბას-გიტარა;1;pending;A
508320;Ibanez RGA42FM-TGF ელ.გიტარა;1;pending;A
162971;Warwick 42401 M Red Label 6-String ბას-გიტარის სიმები 25-135;1;pending;A
TB04557;Used B&S Markneukirchen Klingenthal საყვირი;1;pending;A
TB04558;Used Mexico Fender Duo-Sonic HS ელ. გიტარა;1;pending;A
TB04559;Used Soundcraft FX16II ანალოგური მიქსერი;1;pending;A
TB04560;Used Yamaha MG116CX Usb 16 Chanel Mixer პასიური მიქსერი;1;pending;A
TB04561;Used QH FRS1200 Professional Power Amplifier გამაძლიერებელი;1;pending;A
TB04562;Used Pyramid ZPA100 Stereo პასიური დინამიკის გამაძლიერებელი;1;pending;A
TB04563;Used Proel PMA120 Amplifier გამაძლიერებელი;1;pending;A
TB04565;Used ART SGX-2000 Express გიტარის პროცესორი;1;pending;A
TB04566;Used ITC T-240AP მიქსერის გამაძლიერებელი;1;pending;A
458670;Recording King RGA-G6-CFE5 ელ.აკუსტიკური გიტარა;1;pending;A
434468;Recording King RO-G6 000 აკუსტიკური გიტარა;1;pending;A
409653;Gator GKBE-76 კლავიშის ჩანთა;1;pending;A
611117;DAngelico Premier Gramercy Natural ელ.აკუსტიკური გიტარა;1;pending;A
497917;Hohner Performer Melodica 37-Key Black მელოდიკა;1;pending;A
500633;Harley Benton Kahuna-C Flower უკულელე;1;pending;A
332539;Hartke HD50 ბას-გიტარის კომბი;1;pending;A
467068;Harley Benton RB-414BK Classic Series ბას-გიტარა;1;pending;A
142820;Gewa Baton 912410 დირიჟორის ჯოხი;1;pending;A
340606;"Rohema Baton ""Bruch C"" დირიჟორის ჯოხი";1;pending;A
433977;Harley Benton cst-24t-black-flame ელ.გიტარა;1;pending;A
481088;Millenium KS-4000 კლავიშის სადგამი;1;pending;A
330743;Millenium TH-6 Single Tom Tom Holder ტომის დამჭერი;1;pending;A
570700;Harley Benton MV-4PJ Seafoam Green ბას-გიტარა;1;pending;A
427779;Harley Benton CST-24T P90 Ocean Flame ელ.გიტარა;1;pending;A
596054;Positive Grid Spark 2 BK გიტარის გამაძლიერებელი;1;pending;A
409651;Gator GKBE-61 კლავიშის ჩანთა;1;pending;A
570110;Thomann Stage Piano Bag S კლავიშის ჩანთა;1;pending;A
121296;Hohner Meisterklasse MS C ჰარმონიკა;1;pending;A
593531;DrumCraft Urban Beat Drum Set BK აკუსტიკური დრამის კომპლექტი;1;pending;A
139026;Harley Benton G112 კაბინეტი;1;pending;A
TB04574;Used Samick Linda LN-10 Les Paul SunBurst ელ.გიტარა;1;pending;A
TB04575;Used AKAI MPKMINI3G - MIDI კლავიატურა 25 Key;1;pending;A
TB04580;Shure Professional Wireless Microphone System უკაბელო მიკროფ;1;pending;A
TB04581;Shure Wireless Microphone System უკაბელო მიკროფონის სისტემა;1;pending;A
TB04588;Used Electro Harmonix Silencer გიტარის ეფექტ-პედალი;1;pending;A
TB04589;Used Squier Bullet Telecaster Black ელ.გიტარა;1;pending;A
TB04591;Used Ibanez GRG7221M 7-String ელ.გიტარა;1;pending;A
1Z6E46720395571073;Used Epiphone Mini Flying V Red ელ.გიტარა;1;pending;A
8697755744628;Istanbul Agop 20″ Xist Ion China დრამის თეფში;1;pending;A
8697755744673;Istanbul Agop 12″ Xist Ion Splash დრამის თეფში;1;pending;A
8697755713204;"Istanbul Agop Ride 20"" Turk დრამის თეფში";1;pending;A
8697755713228;"Istanbul Agop Ride 22"" Turk დრამის თეფში";1;pending;A
8697755713310;"Istanbul Agop Ride 21"" Turk Jazz დრამის თეფში";1;pending;A
8697755713327;"Istanbul Agop Ride 22"" Turk Jazz დრამის თეფში";1;pending;A
8697755713334;"Istanbul Agop Ride 24"" Turk Jazz დრამის თეფში";1;pending;A
8697755713402;"Istanbul Agop Ride 18"" Turk Flat დრამის თეფში";1;pending;A
8697755713419;Istanbul Agop 20″ Turk Flat Ride დრამის თეფში;1;pending;A
8697755713426;Istanbul Agop Ride 19'' Turk Flat დრამის თეფში;1;pending;A
8697755713440;"Istanbul Agop Ride 22"" Turk Flat დრამის თეფში";1;pending;A
8697755713457;Istanbul Agop Ride 24'' Turk Flat დრამის თეფში;1;pending;A
8697755750834;Istanbul Agop Clap Stack – 9″ 17″ დრამის თეფში;1;pending;A
236989-1;Used Fender Japan ST-STD  2007-2010 ელ.გიტარა;1;pending;A
236989-2;Used Fender Japan ST-43 electric guitar ელ.გიტარა;1;pending;A
TB04596;Used Harley Benton JB-75MN NA Vintage Series ბას-გიტარა;1;pending;A
935976;Used Harley Benton WB-20BK Rock Series ბას-გიტარა;1;pending;A
TB04598;Used CRATE BX-15 ბას-გიტარის კომბი;1;pending;A
TB04600;Used Raven RG20 Guitar Combo გიტარის ხმის გამაძლიერებელი, კო;1;pending;A
TB04601;Used Dean Markley Electronics K-30RX გიტარის ხმის გამაძლიერე;1;pending;A
TB04602;Used Mooer Tube Engine 20w Poweramp გამაძლიერებელი;1;pending;A
02482;Behringer FLOW 8-EU ციფრული მიქსერი;1;pending;A
R417952;Roland GO-61p Go:Piano 61-Keys სინთეზატორი;1;pending;A
425451;Roland Cube Street MINI გიტარის კომბი;1;pending;A
1207301;Gewa Portable Piano PP-3 ციფრული პიანინო;1;pending;A
120510;Gewa Digital Piano DP510 Schwarz Classic ციფრული პიანინო;1;pending;A
GR876310;Gretsch Hardware GR-G3CS Series თეფშის სადგამი;1;pending;A
GI851244;Gibraltar SC-DPP Double ბას-დრამის დამცავი პაჩი;1;pending;A
GI806504;Gibraltar Drum Throne 5000 Series 5608 დრამის სკამი;1;pending;A
TB04605;Beyerdynamic DT 1770 PRO Studio Headphones სტუდიური ყურსასმე;1;pending;A
TB04606;SHURE SM4 Cardio Condenser Home Recording Mic კონდენსატორული;1;pending;A
TB04607;Used CRATE BX-160 აკუსტიკური გიტარის გამაძლიერებელი;1;pending;A
TB04608;Used Behringer Ultracoustic ACX900 აკუსტიკური გიტარის კომბი;1;pending;A
TB04609;Used Fame AS-30 ბას-გიტარის გამაძლიერებელი;1;pending;A
TB04611;Used Stage 100B Johnson ბას გიტარის - კლავიშის გამაძლიერებელ;1;pending;A
TB04612;Used D'Angelico Excel EXL-1 Hollowbody ელ.გიტარა;1;pending;A
TB04615;Orange Micro Dark გიტარის გამაძლიერებელი;1;pending;A
02949;Sennheiser HD 25 70 Ohms Capsule ყურსასმენის კაფსულა;1;pending;A
TB04616;Used Yamaha F370 SB Acoustic Guitar აკუსტიკური გიტარა;1;pending;A
CC544757659DE-1;Fender Redondo Player LPB ელ.აკუსტიკური გიტარა;1;pending;A
TB04617;Used Arturia MicroFreak Algorithmic Synthesizer სინთეზატორი;1;pending;A
TB04618;Used Mosky Green Drive Overdrive გიტარის ეფექტ-პედალი;1;pending;A
TB04620;Used Rowin LTL-02 Twin Looper გიტარის ეფექტ-პედალი;1;pending;A
PX-S1100CBC2;CASIO PX-S1100CBC2 88-Key ციფრული პიანინო;1;pending;A
94245;CASIO PX-S1100BKC2 88-Key ციფრული პიანინო;1;pending;A
CDP-S360BKC2;Casio CDP-S360BKC2 88-Key ციფრული პიანინო;1;pending;A
94280;Casio AP-S200WEC2 88-Key ციფრული პიანინო;1;pending;A
94279;Casio AP-S200BNC2 88-Key ციფრული პიანინო;1;pending;A
94282;Casio AP-S200BKC2 88-Key ციფრული პიანინო;1;pending;A
94278;Casio AP-300WEC2 88-Key ციფრული პიანინო;1;pending;A
94277;Casio AP-300BNC2 88-Key ციფრული პიანინო;1;pending;A
94274;Casio AP-300BKC2 88-Key ციფრული პიანინო;1;pending;A
942391;CASIO CT-S400C2 სინთეზატორი ადაპტერით;1;pending;A
94247;CASIO PX-S1100WEC2 88-Key ციფრული პიანინო;1;pending;A
003065;Pioneer XDJ-RX3/SYXJ DJ-დიჯეი კონტროლერი;1;pending;A
TB04628;Stagg Violin VN-4/4SB ვიოლინო;1;pending;A
737387;Used Pioneer DDJ-FLX6 DJ-კონტროლერი;1;pending;A
SM57CH;SM57 დინამიური მიკროფონი;1;pending;A
024913;Used Kadence A06 Acoustic Guitar აკუსტიკური გიტარა;1;pending;A
581494;Hercules DJ Control Inpulse T7 Premium დიჯეი კონტროლერი;1;pending;A
377223;Thomann CAAS-300BM Cajon კახონი;1;pending;A
409652;Harley Benton PJ-74 VW Vintage Series ბას-გიტარა;1;pending;A
570854;Harley Benton MV-4P Burgundy Mist ბას-გიტარა;1;pending;A
570712;Harley Benton MV-4PJ Burgundy Mist ბას-გიტარა;1;pending;A
443467;Harley Benton Enhanced MP-4EB Creme ბას-გიტარა;1;pending;A
443474;Harley Benton Enhanced MP-4MN Natural ბას-გიტარა;1;pending;A
614611;Millenium Mobile Amp Stand  კომბის სადგამი;1;pending;A
534586;Ortega OAS-FL Amp Stand Black კომბის სადგამი;1;pending;A
451675;Harley Benton Delta Blues DCE VDSB ელ.აკუსტიკური გიტარა;1;pending;A
451656;Harley Benton Delta Blues O აკუსტიკური გიტარა;1;pending;A
461158;Harley Benton Delta Blues MJCE ელ.აკუსტიკური გიტარა;1;pending;A
396649;Thomann Tibetan Tinza/Cymbal medium;1;pending;A
394372;Thomann Tibetan Tinza/Cymbal large;1;pending;A
419812;Bari Esprit Alto Saxophone ალტო-საქსაფონის მუშტუკი;1;pending;A
587160;Cort G250 SE Vivid Burgundy ელ.გიტარა;1;pending;A
369733;Millenium BDP-S Bass Drum დრამის სავარჯიშო პადი;1;pending;A
603104;Kawai ES-60 88-Key ციფრული პიანინო;1;pending;A
612721;Breedlove Discovery S Dreadn Conc CE EB ელ.აკუსტიკური გიტარა;1;pending;A
612756;Breedlove Discovery S Concert Mahogany აკუსტიკური გიტარა;1;pending;A
633150;Breedlove Discovery S Concert CE BS ელ.აკუსტიკური გიტარა;1;pending;A
612719;Breedlove Discovery S Concert ED CE ელ.აკუსტიკური გიტარა;1;pending;A
549098;Millenium Rookie E-Drum Set ციფრული დრამი;1;pending;A
602465;"Mackie CR8 BT 8"" Pair სტუდიური მონიტორები წყვილი";1;pending;A
414432;TC-Helicon Talkbox Synth ვოკალის ეფექტ-პედალი;1;pending;A
448686;Thomann DP-32 B ციფრული პიანინო;1;pending;A
326890;Thomann DP-33 B ციფრული პიანინო;1;pending;A
420585;TC-Helicon Perform-VG ვოკალის/აკუსტიკური გიტარის პროცესორი;1;pending;A
284656;Electro Harmonix Voice Box ვოკალის პროცესორი;1;pending;A
467485;Harley Benton ST-62BK Hot Rod ელ.გიტარა;1;pending;A
TB04640;High Pitch Baja 4.5″ Chrome Cowbell ქაუბელი;1;pending;A
066469;WMM Cowbell ქაუბელი;1;pending;A
TB04643;Used Boss Katana Mini გიტარის კომბი;1;pending;A
TB04644;Used TC Electronic Hall of Fame Reverb გიტარის ეფექტ-პედალი;1;pending;A
02208;M-Audio Oxygen 25 MK IV MIDI-კლავიატურა;1;pending;A
TB04647;Used Ibanez RG320 DXQM ელ.გიტარა;1;pending;A
TB04649;Fifine Technology N5 Line Mixer აუდიო მიქსერი;1;pending;A
972578;"Bosphorus Syncopation SW Ride 22"" დრამის თეფში";1;pending;A
534376;"Bosphorus Lyric Crash Ride 21"" დრამის თეფში";1;pending;A
704672;"Bosphorus Traditional Hihat Dark 14"" დრამის თეფში";1;pending;A
833025;"Bosphorus New Orleans Hihat 14"" დრამის თეფში";1;pending;A
806944;"Bosphorus Syncopation SW Hihat 14"" დრამის თეფში";1;pending;A
320610;"Bosphorus Syncopation SW Hihat 15"" დრამის თეფში";1;pending;A
743621;"Bosphorus Syncopation SW Crash 1356gr 18"" დრამის თეფში";1;pending;A
552734;"Bosphorus Traditional Crash 17"" დრამის თეფში";1;pending;A
825181;"Bosphorus Gold Series Crash 18"" დრამის თეფში";1;pending;A
304167;"Bosphorus Traditional Crash Thin 16"" დრამის თეფში";1;pending;A
653054;"Bosphorus New Orleans Crash 16"" დრამის თეფში";1;pending;A
276844;"Bosphorus Traditional Crash Thin 17"" დრამის თეფში";1;pending;A
673279;"Bosphorus Turk Crash 18"" დრამის თეფში";1;pending;A
445671;"Bosphorus EBC Sibilant Crash 18"" დრამის თეფში";1;pending;A
827839;"Bosphorus Master Vintage Ride 19"" დრამის თეფში";1;pending;A
386945;"Bosphorus Antique Crash 18"" დრამის თეფში";1;pending;A
188556;"Bosphorus Antique Crash Paper Thin 16"" დრამის თეფში";1;pending;A
339143;"Bosphorus Lyric Hihat 14"" დრამის თეფში";1;pending;A
229113;Harley Benton PJ-5 HTR Deluxe Series ბას-გიტარა;1;pending;A
TB04650;BM-800 Mic Kit კონდენსატორული მიკროფონის კომპლექტი;1;pending;A
TB04651;Used Rogue Guitar Combo გიტარის ხმის გამაძლიერებელი;1;pending;A
TB04652;Used Sony Condenser Microphone Japan კონდენსატორული მიკროფონ;1;pending;A
545932;Harley Benton SC-450Plus GT Vintage Series ელ.გიტარა;1;pending;A
TB04653;Used Fulltone GT-500 Guitar Effect-Pedal გიტარის ეფექტ-პედალ;1;pending;A
TB04654;Used Casio Celviano AP-260 BR ციფრული პიანინო;1;pending;A
TB04655;Used Nux Mighty 20 MKII გიტარის კომბი;1;pending;A
019954925567;D'Addario EXL160-5 XL ბას-გიტარის სიმები 50-135;1;pending;A
019954961121;D'Addario XL165-5 ბას-გიტარის სიმები 45-135;1;pending;A
733132140527;Elixir Nickel-Plated Steel Nanoweb ბას-გიტარის სიმები 45-100;1;pending;A
730506;Epiphone Les Paul Standard Pro ელ.გიტარა;1;pending;A
011081;Used Epiphone Les Paul Traditional Pro IV Gold TopSolid Body;1;pending;A
TB04656;Used Aiersi Stratocaster ელ. გიტარა;1;pending;A
TB04657;Used LTD M17 Electric Guitar ელ. გიტარა;1;pending;A
309619;Behringer ECM8000 კონდენსატორული მიკროფონი;1;pending;A
TB04660;Used Ibanez Acoustic Guitar აკუსტიკური გიტარა;1;pending;A
799377;Sterling By Music Man Mariposa Daphne Blue ელ.გიტარა;1;pending;A
TB04662;Used Squier Stratocaster Standard Series El Guitar ელ. გიტარ;1;pending;A
TB04663;Used Casio CTK-573 სინთეზატორი;1;pending;A
206542675486636;Epiphone G-1275 Custom Double Neck Cherry Red ელ.გიტარა;1;pending;A
TB04665;Used AlphaTheta DDJ-flx2 დიჯეი კონტროლერი;1;pending;A
TB04668;Used Yamaha 255 Clarinet კლარნეტი;1;pending;A
TB04670;Used AKG K52 Closed-back სტუდიური ყურსასმენები;1;pending;A
TB04671;Ibanez AAM54-OPN Acoustic Guitar აკუსტიკური გიტარა;1;pending;A
TB04673;Used BOSS Guitar Synthesizer SY-300 გიტარის ეფექტ-პედალი;1;pending;A
921500;Electro-Harmonix Metal Muff გიტარის-ეფექტ პედალი;1;pending;A
864385;Electro-Harmonix Pocket Metal Muff გიტარის ეფექტ-პედალი;1;pending;A
TB04674;Used Harley Benton Binary  გიტარის ეფექტ-პედალი;1;pending;A
TB04676;JOYO DC-15S გიტარის კომბი;1;pending;A
TB04677;NUX Loop Core გიტარის ეფექტ-პედალი;1;pending;A
TB04679;Ibanez BTB1805 Premium Bass Guitar 5 str ბას გიტარა;1;pending;A
TB04680;Ghost Fire Electric And Bass Guitar Gig Bag ბას გიტარის ჩანთ;1;pending;A
1ZE4F2850396029721;Fender Modern Player Telecaster Plus Sunburst Solid Body Ele;0;pending;A
161233;Casio Privia PX-150 Digital Piano ციფრული პიანინო;0;pending;A
516425;Squier Affinity Jazzmaster Lake Placid Blue Electric Guitar ;0;pending;A
CC548480171DE-3;Superlux D112C Dynamic Hand Microphone for Harp დინამიური მი;0;pending;A
TB04353;JET JT-350 BSC, SS ელ.გიტარა;0;pending;A
885978522934;Fender Blues Deluxe Harmonica D ჰარმონიკა, ტუჩის გარმონი, ჰა;0;pending;A
GE1000 Li;Mooer GE1000 Li გიტარის პროცესორი, მულტი ეფექტი;0;pending;A
6943206791010;Mooer TRV1 (ShimVerb Pro) გიტარის ეფექტ/პედალი;0;pending;A
6943206790174;Mooer MRV1 (ShimVerb) გიტარის ეფექტ/პედალი;0;pending;A
6943206791072;Mooer MRT1 (Soul Shiver) გიტარის ეფექტ/პედალი;0;pending;A
6943206790167;Mooer MPS1 (Pitch Box) გიტარის ეფექტ/პედალი;0;pending;A
6943206791768;Mooer MPH2 (Liquid) გიტარის ეფექტ/პედალი;0;pending;A
6943206790143;Mooer MMD1 (Blade) გიტარის ეფექტ/პედალი;0;pending;A
6943206791775;Mooer MFT3 (Wah) გიტარის ეფექტ/პედალი;0;pending;A
6943206790099;Mooer MDS1 (Black Secret) გიტარის ეფექტ/პედალი;0;pending;A
6943206790280;Mooer MDL2 (Reecho) გიტარის ეფექტ/პედალი;0;pending;A
6943206790792;Mooer MCS2 (Yellow Comp) გიტარის ეფექტ/პედალი;0;pending;A
6943206790242;Mooer MBT2 (Pure Boost) გიტარის ეფექტ/პედალი;0;pending;A
6943206790198;Mooer MBD1 (Blues Crab) გიტარის ეფექტ/პედალი;0;pending;A
6943206792451;Mooer DPS1 (Pitch Step) გიტარის ეფექტ/პედალი;0;pending;A
6943206792321;Mooer M012 (US GOLD 100) გიტარის ეფექტ/პედალი;0;pending;A
GCA5BL;Mooer GCA5 (Cable Amplifier Blue) - გიტარის კომბი;0;pending;A
DH15iWH;Mooer DH15i (Hornet 15i White) გიტარის კომბი;0;pending;A
DH15iBK;Mooer DH15i (Hornet 15i Black) გიტარის კომბი;0;pending;A
P801DS;Mooer GTRS P801 Professional Dark Silver ჭკვიანი ელ.გიტარა;0;pending;A
S800P;S800 GTRS (Standard 800 Pink) ჭკვიანი ელ.გიტარა;0;pending;A
1Z630A8X0393940393;Dean Z Signature Red Solid Body Electric Guitar ელექტრო გიტა;0;pending;A
1ZAY26220469350583;Casio PX-870 WE Privia Digital Piano ციფრული პიანინო;0;pending;A
1ZV683630305711816;Yamaha EZ220 Portable MIDI Keyboard მიდი კლავიატურა;0;pending;A
IP-242BC-7;kirlin 10M IP-242BC ინსტრუმენტის კაბელი ჯეკი;0;pending;A
1ZW7X8720398538037;Dean Baby Z Purple Sparkle Solid Body Electric Guitar ელექტრ;0;pending;A
CC547809324DE-5;Drumprax Take 5 Practice Pads Neon Y სავარჯიშო პადები;0;pending;A
749699142270;Ernie Ball Glass Guitar Slide - S0mall გიტარის შუშის სლაიდი;0;pending;A
583813;Gretsch G9520 Jim Dandy Parlor - აკუსტიკური გიტარა;0;pending;A
376194;Meinl Byzance Mike Johnston Set დასარტყამი თეფშების სეტი;0;pending;A
1ZA934A20399087025;Dean Edge 4 String EMG Trans Green ბას-გიტარა;0;pending;A
CC544311362DE-2;Fender Redondo Player BLB Electric Acoustic Guitar ელექტრო ა;0;pending;A
349795;Harley Benton CST-24 BK - ელექტრო გიტარა;0;pending;A
881738003415;"Perri's 2"" Nylon Guitar Strap Purple NWS0-Purple გიტარის ქამ";0;pending;A
237707;Fender Mustang LT50, 230V EU გამაძლიერებელი;0;pending;A
197613;the t.bone TDJ 1000 DJ Headphones დიჯეი ყურსასმენი;0;pending;A
019954984021;D'Addario EXL120BT 09-40 Balanced Tension Super Light Gauge ;0;pending;A
526948;Harley Benton CST-24 Vintage Sunburst Electric Guitar ელექტრ;0;pending;A
1ZA2552X0332573637-12;"Perri's 2"" Nylon Guitar Strap Navy გიტარის ქამარი";0;pending;A
565995;Blackstar Debut 10E BLK Guitar Combo Amplifier გიტარის კომბი;0;pending;A
1Z60E89V0315595904;Ibanez RG2EX1 Black Solid Body Electric Guitar ელექტრო გიტარ;0;pending;A
60107;Valencia VC704CE Classical Guitar EQ ელექტრო კლასიკური გიტარ;0;pending;A
690789;Dual Electronics LU53PB Loudspeakers 60W გარე გახმოვანების ფ;0;pending;A
CC548481733DE;Korg PA-600 Synthesizer სინთეზატორი;0;pending;A
421699;Korg PA-700 Synthesizer სინთეზატორი;0;pending;A
CC548481486DE-2;Millenium KS-2010 Keyboard Stand კლავიშის სადგამი;0;pending;A
1ZE4F2850392557159;Electro-Harmonix Cathedral Stereo Reverb Effect Pedal გიტარი;0;pending;A
4033685000979;Warwick 42301 M Red Label ბას გიტარის სიმები;0;pending;A
881738000551;"Perri's 2"" Nylon Guitar Strap Navy NWS20-94 გიტარის ქამარი";0;pending;A
1ZAY26220472644778;Harley Benton Enhanced MP-4EB Lake ბას-გიტარა;0;pending;A
1ZAY26220472644803-2;Behringer WASP Deluxe სინთეზატორი;0;pending;A
361465;Harley Benton MM-85A SB Deluxe Serie ბას-გიტარა;0;pending;A
PP-E04;Smiger  PP-E04 string winder  გიტარის სიმების დამჭერი;0;pending;A
03321;Gravity SP2332B - Adjustable Speaker Pole 35 mm to M20, 1400;0;pending;A
1ZAY26220472644750-1;Harley Benton JB-62CC DR ბას-გიტარა;0;pending;A
8697755727232;Istanbul Agop 17 Agop Signature Crash ქრაში;0;pending;A
8697755728765;"Istanbul Agop 18"" Lenny White Epoch Crash Cymbal ლენი ვაითი ";0;pending;A
8697755728758;"Istanbul Agop 17"" Lenny White Epoch Crash Cymbal ლენი ვაითი ";0;pending;A
8697755750803;"Istanbul Agop 20"" Sterling Crash Ride Cymbal ქრაში რაიდი";0;pending;A
8697755707050;"Istanbul Agop 18"" Traditional Paper Thin Crash Cymbal ქრაში";0;pending;A
8697755707043;"Istanbul Agop 16"" Traditional Paper Thin Crash Cymbal ქრაში";0;pending;A
8697755707005;"Istanbul Agop 16"" Traditional Paper Thin Crash Cymbal ქრაში";0;pending;A
8697755700525;"Istanbul Agop 15"" Traditional Dark Hi-Hats ჰაიჰეტი";0;pending;A
8697755705292;"Istanbul Agop 10"" Xist Dry Dark Hi-Hats ჰაიჰეტი";0;pending;A
8697755703779;"Istanbul Agop 22"" Traditional Jazz Ride Cymbal დრამის თეფში ";0;pending;A
1Z2E510F0390707800;PRS SE Standard 24 Sunburst Solid Body Electric Guitar ელექტ;0;pending;A
1Z4R33580395146035;Dean Zx Amber Solid Body Electric Guitar ელექტრო გიტარა;0;pending;A
237584;Fender FA-125CE Dreadnought Acoustic Guitar ელექტრო აკუსტიკუ;0;pending;A
TA-CM104-YLW;Masterwork Turkish Aluminum Darbuka Marble Yellow (TA-CM104-;0;pending;A
1ZAY26220472644732-1;Thomann E-Bass Guitar Bag Eco ბას გიტარის ჩანთა;0;pending;A
CC548211308DE-4;SE Electronics X1A Condenser Microphone სტუდიური მიკროფონი;0;pending;A
CC548212419DE-3;tc electronic Honey Pot Fuzz გიტარის ეფექტ/პედალი;0;pending;A
CC548212419DE-7;the t.bone MB 7 Beta Microphone მიკროფონი;0;pending;A
19954984038;D'Addario EXL115BT Balanced Tension Medium Electric Guitar S;0;pending;A
64262;MEINL AFRICAN DJEMB ADJ7-L ჯემბე;0;pending;A
511786;Used SENNHEISER HD 650 Open-Back  Headphones სტუდიური ყურსას;0;pending;A
665895175143;Kirlin IWCX-261PNQ Jack Cable 6M ინსტრუმენტის კაბელი ჯეკი 6 ;0;pending;A
665895175150;Kirlin IWCX-261PNQ Jack Cable 10M ინსტრუმენტის კაბელი ჯეკი 1;0;pending;A
665896142861;Kirlin Instrument Cable IWCC-201PN Jack 6M ინსტრუმენტის კაბე;0;pending;A
665895148635;Kirlin Instrument Cable IWCX-201B Jack 6M ინსტრუმენტის კაბელ;0;pending;A
665895148642;Kirlin Instrument Cable IWCX-201B Jack 10M ინსტრუმენტის კაბე;0;pending;A
665895142862;Kirlin IWC-201PN Instrument Cable Jack 6M ინსტრუმენტის კაბელ;0;pending;A
CC547424187DE-2;Millenium MA9P Blue Maracas ლურჯი მარაკები;0;pending;A
02898;ALESIS SURGESEKITXEU - 8 Piece Electronic Drum Kit w/Mesh He;0;pending;A
1Z3952190390733019;Epiphone Les Paul 100 Bolt On Black And White Solid Body Ele;0;pending;A
086542;Alhambra 3F G Flamenco Guitar Natural კლასიკური გიტარა;0;pending;A
560981;Clavia Nord Stage 4 Compact ციფრული პიანინო;0;pending;A
CC548212833DE-5;Thomann 12H Ocarina C1 dark blue ოკარინა მუქი ლურჯი;0;pending;A
362649;Harley Benton DC-600 VI Vintage Series Electric Guitar ელექტ;0;pending;A
314901;Harley Benton SC-1000 SBK Progressive Line ელ. გიტარა;0;pending;A
CC548481279DE-4;Harley Benton HBV 990RD Electric ელექტრო ვიოლინო;0;pending;A
CC548480905DE-2;Harley Benton HBV 990BEM 4/4 Electri ელ ვიოლინო;0;pending;A
CC548480619DE;Korg EK-50 Synthesizer სინთეზატორი;0;pending;A
CC548480171DE-5;Harley Benton HB-T პიეზო;0;pending;A
CC548475392DE-1;Yamaha EZ-300 Synthesizer სინთეზატორი;0;pending;A
YA-3900EQ;Yamaha EC3900EQ Electric Classical Guitar ელექტრო კლასიკური ;0;pending;A
10mm;Acoustic Guitar Bag PG-A15 აკუსტიკური გიტარის ჩანთა;0;pending;A
446376;Marcus Miller V3 MA 2nd Gen ბას-გიტარა;0;pending;A
AP-710 BK;Casio AP-710 BK Celviano Grand Digital Piano ციფრული პიანინო;0;pending;A
MB60;Smartdjlite Mirror Disco Ball 60cm დისკო ბურთი;0;pending;A
749699127260;Ernie Ball Cobalt Not Even Slinky 2726 Electric Guitar Strin;0;pending;A
019954928186;"Evans G1 Coated 14"" Drumhead";0;pending;A
737681000912;GHS Boomers 09-42 Extra-Light Electric Guitar Strings გიტარი;0;pending;A
VAQ5910;Yamaha 4C Tenor Saxophone Mouthpiece ტენორ-საქსაფონის მუშტუკ;0;pending;A
019954501648;Evans Blue Hydraulic 10/12/16 Tom Pack ბას დრამის პლასტიკი;0;pending;A
881738135536;Perri's Tweed Guitar Strap Tweed CWS20-6820 გიტარიის ქამარი;0;pending;A
019954952594;Evans G2 Clear Drumhead Pack Fusion - 10/12/14;0;pending;A
659007003462;Aquarian Impact Clear Single Ply Bass Drum Head 22 in. პლასტ;0;pending;A
019954984489;D'Addario EXL170BT Balanced Tension Long Scale Electric Bass;0;pending;A
710137030848;Dunlop Nickel Plated Steel Bass Guitar Strings - Medium 5-St;0;pending;A
710137076082;Dunlop Super Bright Steel Light 5-String Bass Guitar Strings;0;pending;A
1ZAY26220471509318;"Behringer EPS500MP3 500W 8"" PA Speaker with Compact 8-Channe";0;pending;A
47028806046237;Cort RC-80 Acoustic Guitar აკუსტიკური გიტარა;0;pending;A
CC547926201DE-4;KRK Rokit RP5 G4 studio monitors;0;pending;A
CKF03-C;Kalimba CKF03-C 17keys with case კალიმბა;0;pending;A
KBT01-C;Kalimba KBT01-C 17keys with case კალიმბა;0;pending;A
60040;Valencia VA434CECSB Electric Classic Guitar ელექტრო კლასიკურ;0;pending;A
CC547926100DE-1;Pearl Bamboo Rainstick 60cm  წვიმის ხმის იმიტაცია;0;pending;A
881738135963;"Perri's The Hope Collection by Selena 2"" Jacquard Guitar Str";0;pending;A
633549;Used DigiTech Screamin’ Blues Overdrive Distortion გიტარის ე;0;pending;A
KKD01-C;Kalimba KKD01-C 21keys with case კალიმბა;0;pending;A
CKA02-GC;Kalimba CKA02-GC 17keys with case კალიმბა;0;pending;A
CKA01-GC;Kalimba CKA01-GC 17keys with case კალიმბა;0;pending;A
CF1201;"Loud Speaker 12"" speaker Precision Transducer CF1201 დინამიკ";0;pending;A
665895402041;Kirlin MPC-270 XLR Microphone cable 3M მიკროფონის კაბელი 3 მ;0;pending;A
YDP-145WH;Yamaha YDP-145 WH Arius Digital Piano ციფრული პიანინო;0;pending;A
CC547808831DE-4;Harley Benton AC TrueTone გიტარის ეფექტ-პედალი;0;pending;A
309880;Harley Benton ST-62 BK Vintage Series ელექტრო გიტარა;0;pending;A
3160138;Fender Rumble™ LT25, 230V EU ბას გიტარის გამაძლიერებელი;0;pending;A
CC547808831DE-8;Flamma FC02 Reverb Guitar Effect გიტარის ეფექტ/პედალი;0;pending;A
964407;Squier Affinity Telecaster Deluxe Pink SolidBody Electric Gu;0;pending;A
511761;Williams Allegro III Digital Piano ციფრული პიანინო;0;pending;A
1ZA2552X0343033413-14;PRS Delrin Punch Guitar Picks .73 mm გიტარის მედიატორი;0;pending;A
1ZA2552X0343033413-12;PRS Abalone Celluloid Guitar Picks Medium გიტარის მედიატორი;0;pending;A
1ZA2552X0343033413-11;PRS Red Tortoise Celluloid Guitar Picks Medium  გიტარის მედი;0;pending;A
1ZA2552X0343033413-9;PRS Delrin Picks 1.0 mm  გიტარის მედიატორი;0;pending;A
1ZA2552X0343033413-8;PRS Delrin Punch Picks .88 mm  გიტარის მედიატორი;0;pending;A
881738018846;Perri's Hootenanny Design Woven Guitar Strap Blue/Black გიტა;0;pending;A
CC547425514DE-2;Casio CT-S500 Synthesizer სინთეზატორი;0;pending;A
1ZA4R5070391461941;ESP LTD M17 7-String ელ.გიტარა;0;pending;A
RR-49D;Aiersi RR-49D Flexible piano 49 key სილიკონის პიანინო;0;pending;A
420769-19;Perri's Jacquard Guitar Strap Yellow and Blue Sun 39 to 58 i;0;pending;A
1ZA2552X0317232131.15;Fender 250H Super 250 Nickel-Plated Steel Electric Guitar St;0;pending;A
RIDEB8;SABIAN B8 CYMBAL ride 20 რაიდი;0;pending;A
046716103550;Rico Graftonite Tenor Saxophone Mouthpiece B5 ტენორის მუშტუკ;0;pending;A
812821006808;J&D Hite Premiere Bb Clarinet Mouthpiece კლარნეტის მუშტუკი;0;pending;A
4033685003734;Warwick 46301 Red Strings Nickel v ბას გიტარის სიმები;0;pending;A
CLP-775 B;Yamaha CLP-775 B Digital Piano Clavinova ციფრული პიანინო;0;pending;A
00442;Yamaha C40BLK კლასიკური გიტარა;0;pending;A
CLP-725 WH;Yamaha CLP-725 WH Digital Piano Clavinova ციფრული პიანინო;0;pending;A
CC544757543DE-2;Framus FD 14 M Dreadnougth NTS Acoustic Guitar აკუსტიკური გი;0;pending;A
1Z10F23W0393222991;Yamaha PSRE363 61 Key synthesizer სინთეზატორი;0;pending;A
538580;Pocket Trumpet ჯიბის საყვირი;0;pending;A
TB-15W;Smiger  TB-15W bass amplifier ბას გიტარის ხმის გამაძლიერებელ;0;pending;A
CC547425752DE-1;Ibanez ALT20-OPN el acoustic ელექტრო აკუსტიკური გიტარა;0;pending;A
420769-23;"Perri's The Hope Collection by Selena 2"" Jacquard Guitar Str";0;pending;A
CC547425491DE-1;Behringer HA-40R Guitar Combo Amplifier გიტარის კომბი, გამაძ;0;pending;A
717669445867;"Fender 2"" Monogrammed Guitar Strap Black, Yellow, and Brown ";0;pending;A
CC547424947DE-1;Harley Benton DC-580 CH Vintage Seri;0;pending;A
881738008403;"Perri's Pink Floyd Dark Side of the Moon 2"" Polyester Guitar";0;pending;A
557035;Evans Black Chrome Tom დრამის პლასტიკის ნაკრები Fusion - 10/;0;pending;A
1ZAY26220471513214;Yamaha P-225 WH ციფრული პიანინო;0;pending;A
881738003392;"Perri's 2"" Nylon Guitar Strap Rainbow გიტარიის ქამარი";0;pending;A
EC-309BK;Grape  EC-309-BK Classical Guitar კალასიკური გიტარა;0;pending;A
CC547424425DE-5;"Millenium 12""-14"" Djembe Bag ჯემბეს ჩანთა";0;pending;A
CC547424425DE-1;"Millenium 13""-15"" Djembe Bag ჯემბეს ჩანთა";0;pending;A
368156;Harley Benton SpaceShip 40 Guitar Pedal Board გიტარის პედალ ;0;pending;A
1ZAY26220472644750-2;Harley Benton B-550LH BK Progressive ბას-გიტარა ცაცია;0;pending;A
237145;FENDER RUMBLE 40 COMBO ბას გიტარის გამაძლიერებელი;0;pending;A
558879;Roland FP-E50 Digital Piano ციფრული პიანინო;0;pending;A
414722;Thomann SB-5 Steel Cowbell ქაუბელი;0;pending;A
1ZAY26220454082963;Korg B2 White Digital Piano ციფრული პიანინო;0;pending;A
S35;Jasmine S35 Acoustic Guitar აკუსტიკური გიტარა;0;pending;A
752192;Tascam DR-05 V2 Stereo Handheld Digital Recorder ხმის ჩამწერ;0;pending;A
306622;Dual Electronics LU43PB Studio Monitor;0;pending;A
336690;Roland KT-9 Kick Trigger Pedal ტრიგერ პედალი;0;pending;A
021676;Fender Squier Classic Vibe 70's Jazz Bass  ბას-გიტარა;0;pending;A
873226;Savarez 520 JR Nylon Classical Guitar Strings - Mixed Tensio;0;pending;A
412390;Harley Benton MA-5 Miniamp გიტარის მინი კომბი;0;pending;A
535992;Squier Cont J-Bass Gunmetal V ბას-გიტარა;0;pending;A
1Z731E7F0393453345-196640;Mitchell LC-200 CE Classical Guitar ელექტრო კლასიკური გიტარა;0;pending;A
BRK-25;BROOK Acoustic guitar BRK-25 აკუსტიკური გიტარა;0;pending;A
3160143;Jackson JS Series Dinky JS12 Gloss Black ელექტრო გიტარა;0;pending;A
636911;SG Yellow Electric Guitar ელექტრო გიტარა;0;pending;A
Montage 6;Yamaha Montage 6 Synthesizer სინთეზატორი;0;pending;A
8697755725207;"Istanbul Agop 14"" Mel Lewis Sign. Hi-Hat Drum Cymbal დრამის ";0;pending;A
8697755727119;"Istanbul Agop 21"" Agop Signature Ride Drum Cymbal დრამის თეფ";0;pending;A
8697755727102;"Istanbul Agop 20"" Agop Signature Ride Drum Cymbal დრამის თეფ";0;pending;A
8697755707425;"Istanbul Agop 17"" Traditional Dark Crash Drum Cymbal დრამის ";0;pending;A
8697755707418;"Istanbul Agop 16"" Traditional Dark Crash Drum Cymbal დრამის ";0;pending;A
8697755707159;"Istanbul Agop 18"" Traditional Thin Crash ქრაში";0;pending;A
8697755700518;"Istanbul Agop 14"" Traditional Dark Hi-Hat Drum Cymbal დრამის";0;pending;A
4033685003765;Warwick 46400 ML 6 Red Strings Nickel ბას გიტარის სიმები;0;pending;A
052944;დოლი ყავისფერი (შავი პლასტიკით);0;pending;A
6943206791829;Mooer MRV4 (ModVerb) გიტარის ეფექტ/პედალი;0;pending;A
GCA5G;Mooer GCA5 (Cable Amplifier Green) გიტარის კომბი;0;pending;A
24540133020400;Electro Harmonix Little BIg Muff გიტარის ეფექტ/პედალი;0;pending;A
1Z75AW870321622509;Squier Classic Vibe 70s Thinline Telecaster White Hollow Bod;0;pending;A
NCL-LS301;Smartdjlite RGB Laser LS301 სასცენო ლაზერი;0;pending;A
1ZR3X6830338938328;Used Aio Wolf SG Brown Solid Body Electric Guitar ელ. გიტარა;0;pending;A
HD150;Hartke HD150 Bass Guitar Combo Amplifier 150W ბას გიტარის კო;0;pending;A
8697755700037;"Istanbul Agop 15"" Traditional Medium Hi-Hats ჰაიჰეტი";0;pending;A
8697755716304;"Istanbul Agop 20"" Sultan Jazz Ride Cymbal ჯაზ რაიდი";0;pending;A
8697755716120;"Istanbul Agop 17"" Sultan Crash Cymbal სულტან ქრაში";0;pending;A
8697755716113;"Istanbul Agop 16"" Sultan Crash Cymbal სულტან ქრაში";0;pending;A
8697755716014;"Istanbul Agop 14"" Sultan Hi-Hats სულტან ჰაიჰეტი";0;pending;A
8697755713600;"Istanbul Agop 8"" Turk Bell Cymbal დრამის ბელი";0;pending;A
8697755713518;"Istanbul Agop 10"" Turk Splash Cymbal სფლეში";0;pending;A
8697755713501;"Istanbul Agop 8"" Turk Splash Cymbal სფლეში";0;pending;A
TA-CH104-BL;Masterwork Turkish Aluminum Darbuka Hammered Blue (TA-CH104-;0;pending;A
CC542408655DE-1;Epiphone Les Paul Muse Wanderlust Green Electric Guitar ელექ;0;pending;A
8697755744123;"Istanbul Agop 20"" Xist ION Crash Cymbal ქრაში";0;pending;A
252079;Vox VFS5 Footswitch ინსტრუმენტის გადამრთველი პედალი;0;pending;A
733075;Ibanez ART300 Brown CAIMAN Solid Body Electric Guitar ელექტრ;0;pending;A
683274040011;Electro-Harmonix NIC9 Nickel Wound Ultra Light Electric Guit;0;pending;A
380653;Hartke HD15 Guitar Combo Amplifier გიტარის კომბი, გამაძლიერე;0;pending;A
77872523555625;Ernie Ball 8-String Slinky 2625 Electric Guitar Strings 10-7;0;pending;A
587144;Cort C5 Deluxe Black ბას-გიტარა;0;pending;A
1ZAY26220472644769-1;Mackie 1402 VLZ4 14-channel Analog Mixer ამალოგური მიქსერი;0;pending;A
FL-1;Yamaha FL-1 Flute ფლეიტა;0;pending;A
375868;Thomann KB-15WNDM პიანისტის სკამი;0;pending;A
97222;Harley Benton D-120CE NT ელ. აკუსტიკური გიტარა;0;pending;A
CC547809324DE-13;Roth & Junius RJCB Student Cello Bag 4/4 ჩელოს ჩანთა;0;pending;A
KKF00-C;Kalimba KKF00-C 17keys with case;0;pending;A
F310TBS3143;Yamaha F310 TBS აკუსტიკური გიტარა;0;pending;A
CC548479920DE-3;Harley Benton HBV 870Y 4/4 Electric Violin ელექტრო ვიოლინო;0;pending;A
386497;Millenium KS-1010 White Keyboard Stand კლავიშის სადგამი, სტე;0;pending;A
881738003378;"Perri's 2"" Nylon Guitar Strap Tan NWS20-93 Tan გიტარის ქამარ";0;pending;A
CC547808669DE-9;TC Electronic Nether Octaver Guitar Effect/Pedal გიტარის ეფე;0;pending;A
LESCA;Electric Guitar Case გიტარის მყარი ჩანთა / ქეისი;0;pending;A
046716532350;Rico Bb Clarinet Reeds, Size 1.5 კლარნეტის ტროსტი;0;pending;A
046716532367;Rico Bb Clarinet Reeds, Strength/size 2 კლარნეტის ტროსტი;0;pending;A
VAQ5840;Yamaha 3C Alto Saxophone Mouthpiece ალტო-საქსაფონის მუშტუკი;0;pending;A
1ZAY26220471513278;Yamaha PSR-EW310 Digital Piano ციფრული პიანინო;0;pending;A
U-BKW00-C;Kalimba U-BKW00-C 17keys with case კალიმბა;0;pending;A
BKF01-C;Kalimba BKF01-C 17keys with case კალიმბა;0;pending;A
BCL01-C;Kalimba BCL01-C 17keys with case კალიმბა;0;pending;A
420769-24;Perri's Tweed Guitar Strap Tweed გიტარიის ქამარი;0;pending;A
CC540236215DE;Terre Talkingdrum 40cm თოქინგ დრამი;0;pending;A
60060;Valencia VC204CSB classical guitar, classic sunburst კლასიკუ;0;pending;A
1ZAY26220471509354;Marcus Miller D5 Alder-4 VWH ბას-გიტარა;0;pending;A
177190;Casio PX-100 Privia Digital Piano ციფრული პიანინო;0;pending;A
3063059;JACKSON JS Series Dinky® JS11 Metallic Blue ელ. გიტარა;0;pending;A
500639;Harley Benton Kahuna-C Dolphin ukulele უკულელე და სმოგზაურო;0;pending;A
494236;Ebow Electronic Bow for Guitar ელექტრო გიტარის ეფექტი;0;pending;A
TG-25W;Smiger  guitar amp TG-25W გიტარის კომბი, გამაძლიერებელი;0;pending;A
750795017225;Vic Firth Russ Miller Signature Brush RMWB დრამის დასარტყამი;0;pending;A
1ZAY26220469425430;Yamaha PSR-EW425 სინთეზატორი;0;pending;A
580265;Used Boss DS-1 Guitar Distortion Effect Pedal გიტარის ეფექტ ;0;pending;A
PE-A66;Smiger PE-A66 Thick Eva Foam Padding Strap Black გიტარის ქამ;0;pending;A
02535-1;M-Audio AIR192 4 Vocal Studio Pro, Pack ნაკრები;0;pending;A
881738018822;Perri's Hootenanny Design Woven Guitar Strap Red/Silver გიტა;0;pending;A
03119-1;"Behringer B115W 1000W 15"" Wireless Active Speaker აქტიური მა";0;pending;A
9730;Alhambra Soft Guitar Bag გიტარის ჩანთა;0;pending;A
8806;ALHAMBRA V GUITAR IBERIA ZIRICOTE;0;pending;A
00794;ALHAMBRA V GUITARRA 1 C HT EZ გიტარა;0;pending;A
00799;ALHAMBRA V GUITAR 1 C HTგიტარა;0;pending;A
7800;ALHAMBRA 7800 V GUITAR Z NATURE კლასიკური გიტარა;0;pending;A
3062942;Fender Mustang LT40S, 230V EU ელექტრო გიტარის კომბი;0;pending;A
1ZAY26220469425467-2;Marcus Miller V3 5 AWH 2nd Gen ბას-გიტარა;0;pending;A
1ZAY26220469425467-1;Marcus Miller V3P-5 BKS ბას-გიტარა;0;pending;A
749699106302;Ernie Ball 20 Ft. Braided Straight Angle Instrument Cable ინ;0;pending;A
60082;Valencia VC202 1/2 Sized l კლასიკური გიტარა;0;pending;A
Kawai CN-301 R;Kawai CN-301 R ციფრული პიანინო;0;pending;A
03116;"Behringer DR110DSP 1000W 10"" Active Speaker აქტიური მაღალი ს";0;pending;A
1ZA2552X0332573637-11;"Perri's 2"" Nylon Guitar Strap Purple გიტარის ქამარი";0;pending;A
881738003408;"Perri's 2"" Nylon Guitar Strap Teal NWS20-Teal გიტარის ქამარი";0;pending;A
109113;Tama HP30 Bass Drum Pedal დრამის პედალი;0;pending;A
8697755707333;"Istanbul Agop 18"" Traditional Medium Crash Drum Cymbal დრამი";0;pending;A
8697755707326;"Istanbul Agop 17"" Traditional Medium Crash Drum Cymbal დრამი";0;pending;A
8697755707319;"Istanbul Agop 16"" Traditional Medium Crash Drum Cymbal დრამი";0;pending;A
421687;Korg C1 Air WH Digital Piano ციფრული პიანინო;0;pending;A
225427;Millenium DHS-6918C Hi-Hat Stand დრამის ნაწილი,  სადგამი;0;pending;A
CC543937795DE-7;Squier CV 70s Jaguar Electric Guitar ელექტრო გიტარა;0;pending;A
1ZAY26220447231270-6;Harley Benton ST-Mini BK Mini Electric Guitar ელექტრო გიტარა;0;pending;A
1ZAY262204419825050-01;Ibanez AS53-TF Electric Guitar ელექტრო გიტარა;0;pending;A
379682;Teenage Engineering PO-24  drum Synthesizer, დრამ სინთეზატორ;0;pending;A
1ZAY26220464663129;Harley Benton Enhanced MJ-4EB Creme ბას-გიტარა;0;pending;A
CC546424101DE-1;Harley Benton DC-60 Junior HPM Electric Guitar ელექტრო გიტარ;0;pending;A
J-16;guitar hanger J-16 გიტარის საკიდი;0;pending;A
21U-CKO00;Kalimba 21U-CKO00 17keys with case კალიმბა;0;pending;A
757242146422;"Remo Ambassador Hazy Snare Side Head 13""";0;pending;A
4049521127144;AdamHall Cable K3MMF0600 XLR-m to XLR-f 6 m მიკროფონის კაბელ;0;pending;A
019954262549;Evans G2 Clear Tom Heads HD Dry Snare Head 10 12 14;0;pending;A
IP-201PR-1;kirlin 6M IP-201PR ინსტრუმენტის კაბელი;0;pending;A
CC544311138DE-1;Squier Para. Cabronita Tele T Electric Guitar ელექტრო გიტარა;0;pending;A
CC537093579DE-3;Harley Benton TE-53KR BL Tribute Series Tele ელექტრო გიტარა;0;pending;A
237144;FENDER Rumble 25 (V3) ბას გიტარის გამაძლიერებელი;0;pending;A
786403;Ibanez S561-SFM Electric Guitar ელქტრო გიტარა;0;pending;A
01068;TC Electronic Ditto X2 Looper გიტარის ეფექტ-პედალი;0;pending;A
710137030657;Dunlop Electric Guitar Strings DEN0942 Nickel Wound Light 09;0;pending;A
CC546301218DE-2;Harley Benton SC-Custom II Paradise LP Guitar ელექტრო გიტარა;0;pending;A
CC547925841DE-7;Thomann TKP Junior-Claves Middle საბავშვო დრამის ჯოხი;0;pending;A
237113;FENDER RUMBLE 15 COMBO კომბი;0;pending;A
00912;Behringer 1202FX-EU 12-channel Analog Mixer ანალოგური მიქსერ;0;pending;A
M-D10S;Smiger M-D10S-RD Acoustic Guitar აკუსტიკური გიტარა;0;pending;A
CC546792857DE-8;AKG K-371 Studio Headphones სტუდიური ყურსასმენი;0;pending;A
388607;Ibanez AEL20E Blue Burst Acoustic Electric Guitar ელექტრო აკ;0;pending;A
FP-61;Aiersi FP-61 Flexible piano 61 key სილიკონის პიანინო;0;pending;A
CC544672026DE-2;Cort AD880CE Black აკუსტიკური გიტარა;0;pending;A
CG-420;Smiger CG-420 Classical Guitar კლასიკური გიტარა;0;pending;A
56408739656690;Mooer D7 Mini Delay Pedal გიტარის ეფექტი / მინი პედალი / პრე;0;pending;A
1ZAY26220469425449;Casio PX-870 BK Privia Digital Piano ციფრული პიანინო;0;pending;A
153647;Evans Black Chrome Tom დრამის პლასტიკის ნაკრები - 10/12/16 i;0;pending;A
SC01MM;Aiersi SC01MM Classical Guitar კლასიკური გიტარა;0;pending;A
CG-740S;Smiger CG-740S-39 Classic Guitar კლასიკური გიტარა;0;pending;A
312570;the t.bone TWS One D Headset UHF Wireless System უკაბელო ყურ;0;pending;A
CC542408620DE-2;Angel Lopez Graciano SM-CE Classical Guitar კლასიკური გიტარა;0;pending;A
CC541382339DE-2;La Mancha Romero Granito 32-AB კლასიკური გიტარა;0;pending;A
FN-10;Smiger FN-10 Acoustic Guitar აკუსტიკური გიტარა;0;pending;A
CC548211002DE-4;Gravity SP 2332 EXTB საბის ბოძი - მოკლე, არარეგულირებადი;0;pending;A
GA-411;Smiger GA-411 Acoustic Guitar აკუსტიკური გიტარა;0;pending;A
1Z45E1F00393976574;Gretsch Les Paul G2215-P90 Streamliner Junior Natural Electr;0;pending;A
BEL00-C;Kalimba BEL00-C 17keys with case კალიმბა;0;pending;A
HD400;BEHRINGER HD400 ულტრა კომპაქტური პრიამპი;0;pending;A
504221;ISET THRESHOLD Noise Gate Pedal Suppressor Noise Killer Effe;0;pending;A
03111;Behringer DJX900USB 5-channel Pro DJ Mixer დიჯეი აუდიო მიქსე;0;pending;A
1ZA2552X0332573637-14;"Perri's 2"" Nylon Guitar Strap Rainbow გიტარის ქამარი";0;pending;A
174729;Harley Benton Blues Harmonica in Gb-Major ტუჩის გარმონი, ჰარ;0;pending;A
CC548212833DE-7;Thomann S10HS Saxophone Standard Strap საქსაფონის საკიდი ქამ;0;pending;A
468423;Focusrite Scarlett 2i2 Studio 3rd Gen სტუდიური აუდიო კომპლექ;0;pending;A
471002;Showtec Professional Mirror Disco ball 30cm დისკო ბურთი 30სმ;0;pending;A
105298;Varytec Mirror Disco ball 30cm დისკო ბურთი 30სმ;0;pending;A
MG16XU;Yamaha MG16XU 16-channel Mixer ანალოგური მიქსერი;0;pending;A
CC541485090DE-8;Meinl RS1BK-S Rainstick წვიმის ხმის იმიტაცია;0;pending;A
CC543981454DE-1;Harley Benton R-457MN WH Progressive Series 7-String ელ.გიტა;0;pending;A
CC544260175DE-1;Joyo MA-10A Portable Acoustic Guitar Amp გამაძლიერებელი/კომბ;0;pending;A
SD75;Mooer SD75 Digital Modeling Amplifier 75W 1x12 Guitar Combo ;0;pending;A
DH05-15BL;Mooer DH05 (Hornet Blue) 15 Watt Modeling Guitar Amplifier -;0;pending;A
SD3000000001;Mooer SD30 30W Modelling Guitar Combo Amplifier გიტარის კომბ;0;pending;A
1ZA2552X0342987583;"Mackie CR3-X 3"" Powered Studio Monitors Limited- Edition Gol";0;pending;A
6943206791591;Mooer MCH3 (Baby Water) გიტარის ეფექტ/პედალი;0;pending;A
6943206790129;Mooer MDS2 (Hustle Drive) Distortion Effect Pedal ეფექტ პედა;0;pending;A
6943206790150;Mooer MDS3 (Cruncher) Distortion ეფექტ პედალი;0;pending;A
FP-L;Mooer FP-L Guitar Pick Light 0.70mm მედიატორი;0;pending;A
6943206791041;Mooer MRV2 (SkyVerb) Digital Reverb Effect Pedal ეფექტ პედალ;0;pending;A
6943206790266;Mooer MMD2 (Rage Machine) Digital Various Metal Distortion E;0;pending;A
6943206791324;Mooer WCW1 (The Wahter) Wah pedal ეფექტ/პედალი;0;pending;A
PDNW-12V2A;Mooer PDNW-12V2A-EU SJ-1220-E კვების ბლოკი;0;pending;A
1ZV3Y9770395949489;Fender Tele HH FMT Blackcherry Burst Solid Body Electric Gui;0;pending;A
1ZA2552X0323987921;Mitchell MD200 White Double Cutaway Electric Guitar ელექტრო ;0;pending;A
pp-eq-c1;Guitar jack mono (output) pp-eq-c1 ჯეკის ბუდე;0;pending;A
MN241;MusicNomad MN241 2'n1 Beyond Plush Players Cloth ტილო გიტარი;0;pending;A
MN204;The Nomad Tool Set - The Original Nomad Tool & The Nomad Sli;0;pending;A
MN223;MusicNomad MN223 GRIP ONE-All in ONE String Winder, Cutter, ;0;pending;A
MN110;MusicNomad MN110 Drum Detailer USA დასარტყამი ინსტრუმენტის ს;0;pending;A
MN111;MusicNomad MN111 Cymbal Cleaner USA 240ml დასარტყამი ინსტრუმ;0;pending;A
MN300;MusicNomad The Humitar - Acoustic Humidifier გიტარის ნესტისგ;0;pending;A
MN730;MusicNomad MN730 Brass & Woodwind Untreated Cloth ტილო ჩასაბ;0;pending;A
305889;Korg SP-280 BK Digital Piano ციფრული პიანინო;0;pending;A
27471235454791;TC Electronic PolyTune 2 Mini გიტარის ეფექტი, ტუნერი;0;pending;A
1ZA2552X0332573664-3;"Perri's 2"" Nylon Guitar Strap Black გიტარის ქამარი";0;pending;A
4033685003772;Warwick 46401 Red Strings Nickel ბას გიტარის სიმები;0;pending;A
1ZAY26220447235892;Yamaha P-125a WH Digital Piano ციფრული პიანინო;0;pending;A
JG-30 GY;JET Guitar Bag Grey, 20mm padding გიტარის ჩანთა;0;pending;A
1ZAY26220440816615-1;Squier Contemp Jaguar HH LNSBM Electric Guitar ელექტრო გიტარ;0;pending;A
1Z6E46720398902049;Williams Allegro II Digital Piano ციფრული პიანინო;0;pending;A
1ZA139T10391150442;Used Casio CDP-S350 88-Key Digital Piano ციფრული პიანინო;0;pending;A
997790;Cort Action Bass V Green ბას-გიტარა;0;pending;A
1Z14V5350331498273;Behringer Eurorack UB1622FX-PRO 16-channel Analog Mixer ანალ;0;pending;A
pk-a132;Smiger  pk-a132 Colorful pick(0.46mm, mixed desings),  მედია;0;pending;A
46045;Presonus Eris E 4.5BT EU სტუდიური მონიტორი;0;pending;A
665895143982;Kirlin Instrument 6M Cable Jack IC-242 ინსტრუმენტის კაბელი ჯ;0;pending;A
665895151079;Kirlin Instrument Cable 6M BK IPCH-241 ინსტრუმენტის კაბელი 6;0;pending;A
665895125070;Kirlin Instrument Cable Jack 6M BK IP-241BC ინსტრუმენტის კაბ;0;pending;A
665895125094;Kirlin Instrument Cable Jack 10M BK IP-241BC ინსტრუმენტის კა;0;pending;A
665895125636;Kirlin Instrument Cable Jack 10M BL IP-241BC ინსტრუმენტის კა;0;pending;A
60083;Valencia VC704 Valencia Solid Top, Natural კლასიკური გიტარა;0;pending;A
60020;Valencia VC204TWR კლასიკური გიტარა;0;pending;A
60101;Valencia VC354VR classical Guitar, Ivory კლასიკური გიტარა;0;pending;A
665895121072;Kirlin Instrument Cable 6M IP-201PR BK ინსტრუმენტის კაბელი 6;0;pending;A
665895121096;Kirlin Instrument Cable 10M IP-201PR BK ინსტრუმენტის კაბელი ;0;pending;A
60102;Valencia VC354OR classical Guitar, Orange კლასიკური გიტარა;0;pending;A
665895115668;kirlin IPK-222BFGL 9.15M ble Instrument Cable ინსტრუმენტის კ;0;pending;A
PE-A92;Guitar/ Stringed Instruments Strap PE-A92 გიტარის ქამარი;0;pending;A
00977;Behringer UMC204HD აუდიო ინტერფეისი;0;pending;A
С 16425-ჩინ-8;Replica Stratocaster ელ.გიტარა;0;pending;A
TB0597;Behringer Pro VS Mini ხმის (საუნდ) მოდული;0;pending;A
GP-C60N;GP-C60N Classical GUITAR კლასიკური გიტარა;0;pending;A
CG-210;Smiger CG-210  კლასიკური გიტარა;0;pending;A
665895369542;Kirliin BLM-220BEG XLR Microphone Cable 6M მიკროფონი კაბელი ;0;pending;A
TG-15;Smiger TG-15  W Electric Guitar Amplifier გამაძლიერებელი/კომ;0;pending;A
665895719248;Kirlin AP-401PR Audio Cable 6M 2 RCA to 2 RCA აუდიო კაბელი 6;0;pending;A
1Z309YE80398178108;ESP LTD MH100QM Trans Green Solid BodyElectric Guitar ელექტრ;0;pending;A
1Z3Y076E0395003872;Jackson JS-22 Emerald Blue ელექტრო გიტარა;0;pending;A
26104492257682;Native Instruments Traktor Kontrol X1 DJ Controller დიჯეი კო;0;pending;A
60030;Valencia VC303 classical guitar 3/4, natural კლასიკური გიტარ;0;pending;A
klt-17a;KLT-17a Guitar Pickup გიტარის ხმის ამღები, ფიქაფი;0;pending;A
IPW-201BEG;Kirlin IP-221GMG PUE Instrument Cable Jack 6M ინსტრუმენტის კ;0;pending;A
AP-468PRL;Kirlin AP-468PRL Single Patch Cable პაჩ კაბელი 2მ;0;pending;A
356707;Teenage Engineering PO-14 sub Bass Synthesizer, ბას სინთეზატ;0;pending;A
Y-362PRL;Kirlin Y-362PRL Audio Patch Y-Cable 3.5mm AUX to 2xJack 1M ა;0;pending;A
01735;Behringer PSU3-EU - Power Supplies Accessories, კვების ბლოკი;0;pending;A
076113;Hosco HFS-J1-P24 გიტარის ლადები;0;pending;A
710137046344;Dunlop DHCN1150 Heavy Nickel Steel Electric Guitar Strings 1;0;pending;A
1ZE60W260390925472;LTD ESP MH-100QM NT See Thru Electric Guitar ელექტრო გიტარა;0;pending;A
079079;Glarry GMB101 4-String NT ელექტრო აკუსტიკური ბას-გიტარა;0;pending;A
262799;Drum Bottom Microphone Hole Protection ბას დრამის რეზონატორი;0;pending;A
720617;JOYO American Sound Guitar Effect Pedal გიტარის ეფექტ პედალი;0;pending;A
IP-201PR-2;Kirlin Instrument Cable 10M IP-201PR BK ინსტრუმენტის კაბელი ;0;pending;A
CC540236652DE;Afroton Cabalonga Shaker შეიქერი;0;pending;A
ph-c10;Classical Guitar Case PH-C10 კლასიკური გიტარის მყარი ჩანთა /;0;pending;A
ph-e10f;ph-e10f eleqtric guitar case ელექტრო გიტარის ქეისი;0;pending;A
ph-e10s;Les Paul Style Electric Guitar Case PH-E10S ელექტრო გიტარის ;0;pending;A
PP-M03;microphone scissor arm PP-M03 მიკროფონის დამჭერი, მაგიდის ფი;0;pending;A
21B-CKM00-C;Kalimba 21B-CKM00-C 17keys with case კალიმბა;0;pending;A
21-BKZ00-C;Kalimba 21-BKZ00-C 21keys with case კალლიმბა;0;pending;A
CC547926073DE;Blackstar Blackstar ID Core 100 Guitar Combo Amplifier გიტარ;0;pending;A
623904;Stylophone Retro Pocket Synth;0;pending;A
1Z230E9A0300062025;Sevilla PC16 Antique Classical Guitar კლასიკური გიტარა;0;pending;A
60041;Valencia VC404 Vintage Natural კლასიკური გიტარა;0;pending;A
HH2137;Cascha Student Series Classical Guitar 4/4 Set, Natural Matt;0;pending;A
EA-CH107-BK;MasterWork Egypt Aluminum Darbuka Hammered (EA-CH107-BK) დარ;0;pending;A
EA-CH107-BL;MasterWork Egypt Aluminum Darbuka Hammered (EA-CH107-BL) დარ;0;pending;A
EA-G107-BL;MasterWork Egypt Aluminium Darbuka Gnarled EA-G107-BL დარბუკ;0;pending;A
EA-V107-RD;MasterWork Egypt Darbuka Aluminum Vinnex Red (EA-V107-RD) და;0;pending;A
1ZA2552X0345203584-4;Dunlop Tortex Flow Guitar Picks STD PK-72 1.5 mm გიტარის მედ;0;pending;A
1ZA2552X0345203584-5;Dunlop Tortex Flow Guitar Picks STD PK-72 1.35 mm გიტარის მე;0;pending;A
1ZA2552X0345203584-8;Dunlop Tortex Flow Guitar Picks STD PK-72 .88 mm გიტარის მედ;0;pending;A
1ZA2552X0345203584-9;Dunlop Tortex T3 Sharp Tip Guitar Picks 73 mm გიტარის მედიატ;0;pending;A
250309;Evans EMAD System Pack 20 in.;0;pending;A
350718;Boomwhackers BW Set 04 Basic School Set;0;pending;A
396650;Thomann Tibetan Tinza/Cymbal s.medium პერკუსია, პატარა ზომის;0;pending;A
238774;Thomann Wind Gong 30 პერკუსია, დიდი ზომის მეტალის თეფში, გონ;0;pending;A
TB04637;Used Schecter Omen Elite-6 ელ.გიტარა;0;pending;A
881738134102;Perri's Jacquard Guitar Strap Yellow and Blue Sun 39 to 58 i;0;pending;A
1ZA2552X0344975814;Evans Corps Clear Tenor Drumhead 12 in.;0;pending;A
1ZA2552X0344975841;Evans Corps Clear Tenor Drumhead 10 in.;0;pending;A
01487;ALESIS TURBOMESHKITXEU - 7-piece Electronic Drum Kit w/Mesh ;0;pending;A
03126;Behringer HPS3000 Multi-Purpose Headphones სტუდიური ყურსასმე;0;pending;A
01586;Behringer HC200 DJ Headphones დიჯეი ყურსასმენი;0;pending;A
351444;Millenium Multi Speaker Wallmount MSW2 დინამიკის კედლის სამა;0;pending;A
KA60;Yamaha KA-60 6-channel Analog Mixer ანალოგური მიქსერი;0;pending;A
NCL-A063;Smartdjlite 4x 10w moving Bar (NCL-A063) სასცენო განათება, მ;0;pending;A
MB30;Smartdjlite mirror Disco ball 30cm დისკო ბურთი;0;pending;A
CC544754666DE-2;Yamaha HS 5 Black Powered Studio Monitor სტუდიური მონიტორი;0;pending;A
01481;Alesis Q25 Midi Keyboard მიდი კლავიატურა / კონტროლერი;0;pending;A
02743;Alesis V25 MK II USB MIDI Controller მიდი კონტროლერი;0;pending;A
02596-2;ALESIS V49 MKII keyboard controller მიდი კონტროლერი;0;pending;A
096775;Numark Mixtrack MT3 DJ Controller დიჯეი კონტროლერი;0;pending;A
1ZG1A0930306774368;"Rockville HP65S 6.5"" 500w Outdoor speaker ფონური და გარე გახ";0;pending;A
1Z61WA750396205236;Pioneer DJ DJM500 DJ Mixer დიჯეი მიქსერი;0;pending;A
897066;Sound Town PAC180-6 Commercial Amplifier ხმის გამაძლიერებელი;0;pending;A
698502500007;Savarez Corum Alliance 500AJ High Tension Classical Guitar S;0;pending;A
01486;ALESIS M1 Active MK3 Premium Active Studio Monitor სტუდიური ;0;pending;A
991855;Electric drum kit nux DM-7 ციფრული დრამი;0;pending;A
03136;Behringer GMC-150 - 1.5m XLR Female to XLR Male Microphone C;0;pending;A
1ZA2552X0332573637-13;"Perri's 2"" Nylon Guitar Strap Tan გიტარის ქამარი";0;pending;A
01216;Behringer PPA2000BT Compact Portable PA Systems აუდიო სისტემ;0;pending;A
03141;"Turbosound Milan M15 1100W 15"" Active Speaker აქტიური მაღალი";0;pending;A
ED6;EVP ED6 MIXER ხმის მართვის პულტი, გამანაწილებელი მიქსერი;0;pending;A
37499;MXL 990 Blaze Condenser Microphone კონდენსატორული მიკროფონი;0;pending;A
UR8D;Shure UR8D wireless MICROPHONE System მიკროფონი;0;pending;A
084155;Strymon Bluesky Reverberator - Reverb Effect Pedal 12/54 გიტ;0;pending;A
205155;"Evans Hydraulic Glass 10""/12""/14"" Fusion დრამის პლასტიკი ნაკ";0;pending;A
1Z6245190324903750;Native Instruments Traktor Kontrol S4 mk2 DJ Controller დიჯე;0;pending;A
02406;Behringer RD-6 SR Classic Analog Drum Machine დრამ-მანქანა;0;pending;A
02629;Behringer RD-6-BU Classic Analog Drum Machine დრამ-მანქანა;0;pending;A
BLX288;Shure BLX288/SM58-H10 wireless MICROPHONE უკაბელო მიკროფონი;0;pending;A
37009958916384;MXR M306 POLY BLUE OCTAVE Guitar Effect გიტარის ეფექტი/პედალ;0;pending;A
720617-1;Joyo JF-05 Classic Chorus Guitar Effect Pedal გიტარის ეფექტ ;0;pending;A
720617-3;Joyo Crunch Distortion Guitar Effect გიტარის ეფექტი/პედალი;0;pending;A
750795002887;Vic Firth Jazz Brush Plastic Handle Purple HB დრამის დასარტყ;0;pending;A
750795002825;Vic Firth Jazz Brush Plastic Handle WB white დრამის დასარტყა;0;pending;A
494414-8;Dunlop 468 Tortex Flex Jazz III .88 mm  მედიატორი;0;pending;A
352258;Thomann DP-26 digital piano 88 ციფრული პიანინო;0;pending;A
01351;Behringer B1800XP-EU - 3000W Powered Subwoofer;0;pending;A
4049521126888;AdamHall Cable K3YWPP0300 3.5 Jack to2x 6.3 Jack 3 m კაბელი;0;pending;A
1Z9072080335085193;Squier Contemporary Telecaster RH Pearl WhiteSolid Body Elec;0;pending;A
PK-A13;Smiger  pk-a13 Colorful pick(0.46mm, mixed desings), მედიატო;0;pending;A
802548;AdamHall Cable K3MMP0300 XLR-M to Jack TS 3 m აუდიო კაბელი;0;pending;A
4049521127281;AdamHall Cable K3MMP0600 XLR-M to Jack TS 6 m კაბელი;0;pending;A
042406254144;Shure BLX24RE/B58-K3E VOCAL SYSTEM W/BETA58 უკაბელო მიკროფონ;0;pending;A
18318574026889;Yamaha HS7 Studio Monitor სტუდიური მონიტორი;0;pending;A
517394;Casio CT-S1RD Keyboard სინთეზატორი;0;pending;A
01588;Behringer HC2000 Studio Headphones სტუდიური ყურსასმენი;0;pending;A
00901;Behringer HPX4000 DJ Headphones დიჯეი ყურსასმენი;0;pending;A
02984;Behringer BH30 DJ Headphones დიჯეი ყურსასმენი;0;pending;A
02985;Behringer BH40 Studio Headphones სტუდიური ყურსასმენი;0;pending;A
Roland F-701WH;Roland F-701WH Digital Piano ციფრული პიანიო;0;pending;A
C62580-5;Roland F107-BKX Digital Piano ციფრული პიანინო;0;pending;A
P7000 EVP;EVP P7000 EVP AMPLIFIER გამაძლიერებელი;0;pending;A
ET-33;Aiersi ET-33 Tuner გიტარის ამწყობი მოწყობილობა ტუნერი;0;pending;A
4104C70;Yamaha C70 Classical Guitar კლასიკური გიტარა;0;pending;A
4135F310;Yamaha F310 აკუსტიკური გიტარა;0;pending;A
CC545921277DE-1;Zoom AMS-44 USB 2.0 Audio Interface აუდიო ინტერფეისი;0;pending;A
1Z05W1100300876125;Ibanez Gio Ax Black Solid Body Electric Guitar ელექტრო გიტარ;0;pending;A
20920377031166;Ibanez Iceman Electric Guitar ელექტრო გიტარა;0;pending;A
1ZV3Y9810300088427;Used JBL LSR305P MKiii Powered Monitor დინამიკი;0;pending;A
23753942503385;TC-Helicon VoiceLive Play Acoustic Guitar and Vocal Effects ;0;pending;A
60046;Valencia VC564 კლასიკური გიტარა;0;pending;A
01338;Native Instruments Komplete Audio 1 Audio Interface აუდიო ინ;0;pending;A
UBS-03;Grape ukulele bass UBS-03 უკულელე ბას-გიტარა;0;pending;A
1ZA2552X0332678480;MXL V250 Condenser Microphone კონდენსატორული მიკროფონი;0;pending;A
749699127222;Ernie Ball 2722 Cobalt Hybrid Slinky Electric Guitar Strings;0;pending;A
749699127154;Ernie Ball 2715 Cobalt Slinky 10-52 ელ.გიტარის სიმები;0;pending;A
733132110506;Elixir 82/20 polyweb acustic guitar strings (12/53) აკუსტიკუ;0;pending;A
J6116;JET JS-400 Olympic white HSS ელ გიტარა;0;pending;A
01485;"ALESIS ELEVATE 3 MKII XEU - (Pair) 3"" Powered Studio Speaker";0;pending;A
MV7-K;Shure MV7-K XLR/USB Dynamic Microphone დინამიური მიკროფონი;0;pending;A
CC541334545DE-1;T.Akustik ISO-Pad 5 საიზოლაციო პადი;0;pending;A
CC547029853DE-3;T.Akustik ISO-Pad 8 საიზოლაციო პადი;0;pending;A
CC547029853DE-6;T.Akustik ISO-Pad 7 საიზოლაციო პადი;0;pending;A
Q-50-1;Hebikuo Keyboard Stand Extention Q-50 სადგამი, მეორე სართული;0;pending;A
279453;Millenium Laptop Stand White ლეპტოპის სადგამი;0;pending;A
H-stand;Keyboard stand H-stand კლავიშის სადგამი,მაგიდა;0;pending;A
Q-1B;Hebikuo Z stand Q-1B keyboard stand კლავიშის სადგამი,მაგიდა;0;pending;A
HSS-25;HSS-25 Studio Monitor Stand სტუდიური მონიტორის სადგამი;0;pending;A
J6201;JET JT-350 BK R,  SH ელ.გიტარა;0;pending;A
4049521128547;AdamHall Cable K3MIDI0300BLU midi cable 3 m მიდი კაბელი;0;pending;A
641652254016;Goodwood Hickory Drum Sticks 7A Wood დრამის ჯოხები;0;pending;A
pf-10a;Small Music Stand pf-10a პიუპიტრი;0;pending;A
PF-F30;Drum Throne PF-F30 დრამერის სკამი;0;pending;A
4049521127137;AdamHall Cable K3MMF0300 XLR-m to XLR-f 3 m კაბელი;0;pending;A
PM-Z10;Drum stick Bag Mix Colors PM-Z10 დრამის ჯოხების ჩანთა;0;pending;A
Q-90;Hebikuo X style Keyboard Stool Q-90 პიანინოს გასაშლელი სკამი;0;pending;A
201010;Ibanez MAXON TS9 Tube Screamer With Original Manual გიტარის ;0;pending;A
1Z63A4V20399681489;Used Squier Bullet Telecaster Seafoam Green ელექტრო გიტარა;0;pending;A
BDJ-56BK;Aiersi capo BDJ-56 გიტარი კაპო;0;pending;A
296468;Roland FP-30X WH Digital Piano ციფრული პიანინო;0;pending;A
SG01SMC;Aiersi SG01SMC-41 41 inch cutaway spruce top mahogany acosut;0;pending;A
729789587310;Martin MA535 Authentic Phosphor Bronze Acoustic Strings .011;0;pending;A
TL-10;Aiersi TL-10 tele electric guitar ელექტრო გიტარა;0;pending;A
STB-150 P style;Aiersi STB-150 P Style ბას-გიტარა;0;pending;A
NanSinEnterprice-40;Aiersi Black Guitar Strap გიტარის ქამარი შავი;0;pending;A
SU021D;"Aiersi SU021D 21"" mahogany dolphin ukulele უკულელე";0;pending;A
CC544260855DE-7;Sela Venti Chimes Air;0;pending;A
437667;"Thomann 10""x3"" Ocean Drum პერკუსია, საჩხრიალო, ტალღების ხმის";0;pending;A
441818;Thomann Mastercraft Classic Conga Set კონგა სეტი;0;pending;A
00904;Behringer XR18-EU 18-channel Digital Mixer ციფრული მიქსერი;0;pending;A
CC546791692DE-1;Harley Benton SC-550 II PAF Deluxe Series Les Paul Electric ;0;pending;A
12897;KRK S8.4 Black Powered Studio Subwoofer სტუდიური საბვუფერი;0;pending;A
430308;Tama Club Jam Vintage Kit -AQB Drum set დასარტყამი ინსტრუმენ;0;pending;A
MX4800 EVP;EVP MX4800 EVP AMPLIFIER გამაძლიერებელი;0;pending;A
CC544311075DE-2;Harley Benton DC-DLX Gotoh Shell Pin Electric Guitar ელექტრო;0;pending;A
573166;Harley Benton YSYG guitar Strap Yellow გიტარის ქამარი;0;pending;A
546248;"RCF ART 915-AX 2100W 15"" Active Speaker with Bluetooth აქტიუ";0;pending;A
513957;DAngelico Premier Lexington LS Aged Mah electric acoustic gu;0;pending;A
580296;"RCF Art 712-A MK V 1400W 12"" Active Speaker აქტიური მაღალი ს";0;pending;A
449469;On-Stage Click-It Guitar Strap გიტარის ქამარი;0;pending;A
527869;Harley Benton CST-24 Amber Stripes Electric Guitar ელექტრო გ;0;pending;A
122232;LP 449C Concert Bar Chimes წვიმა;0;pending;A
191071;LP A280 Aspire Chimes Alu წვიმა;0;pending;A
GP-310BK;Casio GP-310 BK Celviano Digital Piano ციფრული პიანინო;0;pending;A
272752;Thomann Electro Guitar XL Case ABS ელექტრო გიტარის მყარი ჩან;0;pending;A
242352;Millenium MD-2210A Marching/Fan Drum მარშის დრამი;0;pending;A
502811;Marcus Miller V3 ORG 2nd Gen Bass Guitar ბას გიტარა;0;pending;A
409669;Harley Benton PJ-75 VW Vintage Series ბას-გიტარა;0;pending;A
1ZAY26220443413956-3;Lee Oskar Major Diatonic Low C Harmonica ჰარმონიკა;0;pending;A
514466;Harley Benton JA-60CC Inca Silver Electric Guitar ელექტრო გი;0;pending;A
464719;Harley Benton ST-62CC Inca Silver ელექტრო გიტარა;0;pending;A
SLXD24E/B58-J53;Shure SLXD24E/B58-J53 SINGLE HH SYS W/ BETA58A MIC 562-606MH;0;pending;A
807581;Arty Painted Ukulele უკულელე;0;pending;A
MD1HABU;Mahalo Soprano Ukulele, Hawaii, Blue Burst უკულელე;0;pending;A
1ZE4685R0392544514;Pioneer DDJ-T1 DJ Controller დიჯეი კონტროლერი;0;pending;A
019954970390;D'Addario PW-CT-12 Micro Headstock Tuner გიტარის ამწყობი;0;pending;A
CC544946136DE-3;The T.Bone HC 444 TWS;0;pending;A
CC545921657DE-1;Sennheiser XSW 1-825 B-Band Vocal Set უკაბელო მიკროფონი;0;pending;A
CC545921997DE-1;Sennheiser XSW 1-835 A-Band Vocal Set;0;pending;A
000675;Boss FV-50L Foot Volume Pedal პედალი;0;pending;A
PG-A031;Smiger Acoustic Guitar Foam Case PG-A031 აკუსტიკური გიტარის ;0;pending;A
ph-a03;Acoustic Guitar Foam Case ph-a-03 გიტარის მყარი ჩანთა / ქეის;0;pending;A
B41-B7;Hebikuo Guitar Bag გიტარის ჩანთა / შალითა;0;pending;A
C62580-6;Casio AP-270 BK Celviano ციფრული პიანინო;0;pending;A
133419-3;Coolmusic BP60D Black Acoustic Guitar Combo Amplifier 120W გ;0;pending;A
Disco Haze machine 900w;Smartdjlite Disco Haze Stage Effect Machine 900w ჰეიზერი, ბო;0;pending;A
TB04156;NUX Plexi Crunch Guitar Distortion Effect Pedal ეფექტ პედალი;0;pending;A
38932797703727;MXR GT-OD Overdrive Effect Pedal ეფექტ პედალი;0;pending;A
SCP01A;Aiersi Cello ჩელო 1/8 1/4 1/2 3/4;0;pending;A
4047371043553;Artino Cello Bow 1/2 Special Edition ჩელოს ხემი;0;pending;A
CC544945189DE-4;Artino Cello Bow 3/4 Special Edition ჩელოს ხემი;0;pending;A
4047371043577;Artino Cello Bow 4/4 Special Edition ჩელოს ხემი;0;pending;A
4049521151415;AdamHall Cable K3MMF2000 XLR-m to XLR-f 20 m მიკროფონის კაბე;0;pending;A
19962297250;ThroBak Acoustic Guitar Strings .013-.056 Elgin Series Vinta;0;pending;A
365064-4;Jazz Drum Brushes Metal;0;pending;A
503526;Boss VE-20 Vocal Processor ვოკალის ეფექტ/პროცესორი;0;pending;A
00910;Behringer XENYX X1204USB Audio Mixer აუდიო მიქსერი;0;pending;A
NCL-M010;Smartdjlite Low Fog Machine 3000W (NCL-M010) მძიმე ბოლის აპა;0;pending;A
029661;"Guitar Strap Yellow ""POLICE LINE DO NOT Cross"" გიტარის ქამარ";0;pending;A
575041;Retractable Jazz Drum Brushes;0;pending;A
167393;Thomann Acoustic-Bass Jumbo Guitar Bag აკუსტიკური ბას გიტარი;0;pending;A
1ZV6F3830391041824;Vandoren Traditional Bb Clarinet Reeds Strength 2.5 კლარნეტი;0;pending;A
60127;Valencia VC203 3/4 კლასიკური გიტარა;0;pending;A
308208;Harley Benton Custom Line CLJ-412E NT ელ.აკუსტიკური გიტარა;0;pending;A
CC546792857DE-7;Flamma FV05 Vocal Recorder ვოკალის ეფექტი;0;pending;A
7350059690138;Wincent Daniel Erlandsson Signature Sticks ჯოხები დასარტყამი;0;pending;A
201971;Dual Electronics DBTMA100 Black Micro Wireless Bluetooth 2 C;0;pending;A
802594;Behringer Xenyx 1002SFX 10-channel Analog Mixer ანალოგური მი;0;pending;A
250094-3;Cleartone Sevilla 8452 Ball End High Tension Classical Guita;0;pending;A
9461208205499072774972;Casio Privia PX-5SWE Digital Piano ციფრული პიანინო;0;pending;A
J6112;JET Stratocaster JS-300 SB, SSS Electric Guitar ელექტრო გიტა;0;pending;A
J6115;JET Stratocaster JS-300 OW, SSS Electric Guitar ელექტრო გიტა;0;pending;A
J6113;JET Stratocaster JS-300 SFG, SSS Electric Guitar ელექტრო გიტ;0;pending;A
J6114;JET Stratocaster JS-300 BK, SSS ელ.გიტარა;0;pending;A
J6197;JET Stratocaster JS-300 LH SB, SSS Electric Guitar ელექტრო გ;0;pending;A
J6205;JET Stratocaster JS-400 VYW, HSS Electric Guitar ელექტრო გიტ;0;pending;A
J6372;JET Stratocaster JS-400 BK G, HSS Electric Guitar ელექტრო გი;0;pending;A
J6401;JET Stratocaster JS-400 CRD, HSS Electric Guitar ელექტრო გიტ;0;pending;A
J6207;JET Stratocaster JS-400 RELIC SFG, HSS vintage Electric Guit;0;pending;A
J6407;JET Stratocaster JS-450 TGR R, HSS Electric Guitar ელექტრო გ;0;pending;A
J6215;JET Les Paul JL-500 GD, HH Electric Guitar ელექტრო გიტარა;0;pending;A
J6214;JET Les Paul JL-500 SLB, HH Electric Guitar ელექტრო გიტარა;0;pending;A
J6123;JET Stratocaster JS-600 BS, HSS Electric Guitar ელექტრო გიტა;0;pending;A
J6408;JET Stratocaster JS-700 RD H, Single H Electric Guitar ელექტ;0;pending;A
J6198;JET Telecaster JT-300 BL R, SS Electric Guitar ელექტრო გიტარ;0;pending;A
J6202;JET Telecaster JT-350 SB R, SH Electric Guitar ელექტრო გიტარ;0;pending;A
J6404;JET Telecaster JT-600 BS G, SS Electric Guitar ელექტრო გიტარ;0;pending;A
J6213;JET JS-800 Relic BK, HSS ელექტრო გიტარა;0;pending;A
J6395;JET JJB-300 SB ბას-გიტარა;0;pending;A
749699120780;Ernie Ball Paradigm 2078 Phosphor Bronze Acoustic Guitar Str;0;pending;A
686194000448;Rotosound RB45 Rotobass Nickel Roundwound Bass Guitar String;0;pending;A
250094-2;Cleartone Sevilla 8442 Classical Guitar Ball End Medium Tens;0;pending;A
656295040001;La Bella C800 Criterion Classical Guitar Strings MT5 კლასიკუ;0;pending;A
710137086043;ბას გიტარის სიმების კომპლექტი Dunlop Marcus Miller Super Bri;0;pending;A
TB04638;Used Joyo Multimode Wah Wah-II - Volume გიტარის ეფექტ-პედალი;0;pending;A
NCL-F001A;Smartdjlite 8-eye Led Beam Scanner (NCL-F001A) 8-თვალა ლედ გ;0;pending;A
717669853334;Fender 250L 09-42 Super 250 Nickel-Plated Steel Electric Gui;0;pending;A
003973;Electro-Voice ZLX 15P G2 Active speaker With Bluetooth აქტიუ;0;pending;A
1ZAY26220454846683-7;DJ Power DF-V9C Fog Machine ბოლის აპარატი;0;pending;A
NCL-M031;Smart dj lite 1500w 24 Led Fog Machine With Remote Gazer ბოლ;0;pending;A
NCL-M207-1;Smartdjlite Led 3000W Fog Machine With Dmx512 & Remote ნისლი;0;pending;A
546622;Kawai ES-120 B Digital Piano ციფრული პიანინო;0;pending;A
535592;Startone BK-54 Keyboard სინთეზატორი;0;pending;A
01725;Midas M32R LIVE-EU მიქსერი;0;pending;A
662196;Fender Squier Toronado Green Electric Guitar ელექტრო გიტარა;0;pending;A
R424551;Roland TD-07dmk Drum Kit ციფრული დრამი;0;pending;A
802535;Behringer MPA100BT - All-in-One Portable 100-Watt Speaker wi;0;pending;A
802537;Behringer MPA200BT - All-in-One 200-Watt Portable PA System ;0;pending;A
967257;Sennheiser e835 Wireless Microphone უკაბელო მიკროფონი;0;pending;A
406913;Sennheiser ew300 iem g3 Bodypack Transmitter ბოდიფექ ტრანსმი;0;pending;A
NCL-D106AF;Smartdjlite NCL-D106AF 18x12w Led Par Lightპარ განათება;0;pending;A
875509;MARQ Haze 700 Haze Machine with Wired Remote ბოლის აპარატი;0;pending;A
00460;KLS Electronics Speakon KLS1-SL-4P-02-P სპიკონი;0;pending;A
018442;Joyo JF-05 Classic Chorus Guitar Effect Pedal გიტარის ეფექტ ;0;pending;A
177178;Thomann E-Guitar Double Guitar Bag გიტარის ორმაგი ჩანთა;0;pending;A
133419-4;Coolmusic BP40D Black coustic Guitar Amplifier, 80 Watt გიტა;0;pending;A
7176698534440;Fender 70XL 80/20 Bronze Acoustic Strings - Extra Light 10/4;0;pending;A
377151;Stairville SF-1000 MKII Fog Machine 1200W ბოლის აპარატი;0;pending;A
717669853440;Fender 70XL 80/20 Bronze Acoustic Guitar Strings Extra Light;0;pending;A
733132120024;Elixir Nanoweb 12002 Nickel Plated Electric Guitar Strings S;0;pending;A
PA210;Hebikuo Small folding music stand პიუპიტრი, ნოტების სადგამი;0;pending;A
PA520;Hebikuo PA520 Foldable Music Stand პიუპიტრი, ნოტების სადგამი;0;pending;A
MSP24;Hebikuo MSP24 Music Stand პიუპიტრი, ნოტების სადგამი;0;pending;A
P-05;Hebikuo P-05 Music Stand პიუპიტრი, ნოტების სადგამი;0;pending;A
J-33;Hebikuo J-33 Triple Guitar Stand გიტარის სადგამი სამ-ადგილია;0;pending;A
G710;Hebikuo G710 Double Drum Pedal დრამის ორმაგი პედალი;0;pending;A
YG-12;Hebikuo YG-12 Practice Drum Stand სავარჯიშო პადის სადგამი;0;pending;A
GD120;Hebikuo GD120 Electric Practice Drum Pad სავარჯიშო პადი;0;pending;A
4049521128677;AdamHall Cable K3YWPP0600 3.5 mm Jack Stereo to 2x6.3 Jack 6;0;pending;A
GS-2534;Hebikuo Guitar strap გიტარის ქამარი;0;pending;A
GS-2522;Hebikuo Guitar strap გიტარის ქამარი;0;pending;A
B41-A05;Hebikuo Guitar Bag გიტარის ჩანთა / შალითა;0;pending;A
B41-B3;Hebikuo Guitar Bag გიტარის ჩანთა / შალითა;0;pending;A
B41-B8;Hebikuo Guitar Bag გიტარის ჩანთა / შალითა;0;pending;A
B41-B9;Hebikuo Guitar Bag გიტარის ჩანთა / შალითა;0;pending;A
TB401-PP;Hebikuo TB401 Metronome მეტრონომი;0;pending;A
441778;"Thomann Classic Bongo Set 7"" & 8,5"" ბონგო";0;pending;A
CC541933164DE-7;Millenium MB202H NT ბონგო;0;pending;A
499309;"Used DB Technologies Opera 15"" აქტიური მაღალი სიხშირის დინამ";0;pending;A
477369;"Remo Encore 22"" Ambassador Ebony BD დრამის მემბრანა";0;pending;A
02385;ALESIS DEBUTKITXEUK - Quiet Electronic Drumkit with Everythi;0;pending;A
477347;"Remo Encore 14"" Ambassador Hazy დრამის მემბრანა";0;pending;A
019954502843;Evans S14H20 Genera 200 Snare Side 14 in. დრამის მემბრანა;0;pending;A
102879;Korg EXP2 - expression and volume pedal for Korg keyboards-კ;0;pending;A
572043;Markbass CMB 101 Blackline Combo ბას გიტარის კომბი;0;pending;A
177174;Thomann E-Bass Gigbag Elite ელექტრო ბას გიტარის ჩანთა;0;pending;A
464754;Harley Benton HB-15GXD JamBox გიტარის კომბი;0;pending;A
326183;Thomann cork grease stick საპოხი საშუალება ტრომბონის;0;pending;A
560977;Clavia Nord Stage 4 88 ციფრული პიანინო;0;pending;A
497850;Blackstar Debut 10E  Cream გიტარის კომბი;0;pending;A
228892;Thomann Lute Guitar ლუთ გიტარა;0;pending;A
518229;Ibanez GRG120QASP-BGD electric guitar ელექტრო გიტარა;0;pending;A
341277;Ibanez RG421-MOL Electric Guitar ელექტრო გიტარა;0;pending;A
441793;Thomann Dark Nature Conga Set კონგა;0;pending;A
441885;Thomann Dark Nature Street Conga Set კონგა;0;pending;A
368158;Harley Benton SpaceShip 60 Guitar Pedal Board გიტარის პედალ ;0;pending;A
494414-9;Dunlop 468 Tortex Flex Jazz III 1.5 mm მედიატორი;0;pending;A
494414-10;Dunlop 468 Tortex Flex Jazz III  გიტარის მედიატორი;0;pending;A
4047371029694;Fun Generation XLR Male - XLR female microphone cable 10m მი;0;pending;A
427252;Harley Benton R-458 MN WH MultiScale 8-String ელექტრო გიტარა;0;pending;A
221190;Pyramid Nylon Satz Black Wires კლასიკური გიტარის სიმები;0;pending;A
174334;Beyerdynamic DT-770 Pro 80 Ohm dynamic studio headphones ყურ;0;pending;A
441770;"Thomann Classic Conga Set, diameter 10"" and 11 დასარტყამი ინ";0;pending;A
4047371285137;The Sssnake XLR Male - XLR female microphone cable 10m  SM10;0;pending;A
532547;Used Irin band controller გიტარის ეფექტ-პედალი;0;pending;A
TB-60W;Smiger TB-60W ბას გიტარის გამაძლიერებელი;0;pending;A
VC104HTCE;Valencia VC104HTCE ელექტრო-კლასიკური გიტარა;0;pending;A
VC104TC;Valencia VC104TC Natural კლასიკური გიტარა;0;pending;A
VC104E;Valencia VC104E ელ.კლასიკური გიტარა;0;pending;A
VC104LBK;Valencia VC104LBK Classical Guitar, Left Handed, Black კლასი;0;pending;A
VC104PPS;Valencia VC104PPS Classical Guitar, Purple Sunburst კლასიკურ;0;pending;A
NB-37;Hebikuo NB-37 Table Microphone Stand მიკროფონის სადგამი მაგი;0;pending;A
023621;Revv Amplification G4 Distortion & Overdrive Pedal გიტარის ე;0;pending;A
001578;Pioneer XDJ-700/SYXJ Compact Digital Deck ციფრული დეკი;0;pending;A
3700673800446;Opus Two Notes Amp Simulator and DynIR Engine Pedal გიტარის ;0;pending;A
02159-3;"M-Audio BX5D3XEU - 5"" Active Studio Monitor აქტიური სტუდიური";0;pending;A
209317;La Mancha Granito 32-CE-N Electric Classical Guitar ელექტრო ;0;pending;A
209319;LA MANCHA  Granito 32-AB  Classical Guitar კლასიკური გიტარა;0;pending;A
209339;LA MANCHA  Granito 32-CEN-AB Classical Guitar კლასიკური გიტა;0;pending;A
209356;LA MANCHA  Granito 33-N-MB-3/4 Classical Guitar კლასიკური გი;0;pending;A
209383;LA MANCHA Quarzo 67-N Classical Guitar კლასიკური გიტარა;0;pending;A
209384;LA MANCHA Quarzo 67-N-MB  Classical Guitar კლასიკური გიტარა;0;pending;A
209550;LA MANCHA Marble-N-SCC Classical Guitar კლასიკური გიტარა;0;pending;A
209551;LA MANCHA Marble-N-SCR Classical Guitar კლასიკური გიტარა;0;pending;A
260001;LA MANCHA Rubinito LSM Classical Guitar კლასიკური გიტარა;0;pending;A
260003;La Mancha Rubinito LSM-N კლასიკური გიტარა;0;pending;A
260111;LA MANCHA Rubi CM Classical Guitar კლასიკური გიტარა;0;pending;A
260113;LA MANCHA Rubi CM-N Classical Guitar კლასიკური გიტარა;0;pending;A
260261;LA MANCHA Rubi C  Classical Guitar კლასიკური გიტარა;0;pending;A
260281;LA MANCHA Rubi S  Classical Guitar კლასიკური გიტარა;0;pending;A
260303;LA MANCHA Perla Ambar SM-N Classical Guitar კლასიკური გიტარა;0;pending;A
262051;LA MANCHA Cereza   Classical Guitar კლასიკური გიტარა;0;pending;A
262053;LA MANCHA Arce Classical Guitar კლასიკური გიტარა;0;pending;A
150003;Baton Rouge AR11C/ACE-W Electric-Acoustic Guitar ელექტრო-აკუ;0;pending;A
150023;Baton Rouge AR21C/ACE Electric-Acoustic Guitar ელექტრო-აკუსტ;0;pending;A
150043;Baton Rouge AR31C/ACE ელექტრო-აკუსტიკური გიტარა;0;pending;A
151303;Baton Rouge X11LS/FE-AB Acoustic Guitar აკუსტიკური გიტარა;0;pending;A
151306;Baton Rouge X11LS/F-SCC Acoustic Guitar აკუსტიკური გიტარა;0;pending;A
151308;Baton Rouge X11LS/F-SCR Acoustic Guitar აკუსტიკური გიტარა;0;pending;A
151310;BATON ROUGE X11LS/F-SBB Acoustic Guitar აკუსტიკური გიტარა;0;pending;A
151325;Baton Rouge X11LS/PE-SCC Electric-Acoustic Guitar Parlor ელე;0;pending;A
151326;Baton Rouge X11LS/P-SCR Acoustic Guitar აკუსტიკური გიტარა;0;pending;A
151329;Baton Rouge X11LS/TB-SCC Acoustic Guitar აკუსტიკური გიტარა;0;pending;A
151330;Baton Rouge X11LS/TJ Electric-Acoustic Guitar ელექტრო-აკუსტი;0;pending;A
151337;Baton Rouge X11LS/TJE-AB Electric-Acoustic Guitar ელექტრო-აკ;0;pending;A
151341;Baton Rouge X11LS/D Acoustic Guitar აკუსტიკური გიტარა;0;pending;A
151346;Baton Rouge X11C/P-SCR Acoustic Guitar აკუსტიკური გიტარა;0;pending;A
151349;Baton Rouge X11C/F Acoustic Guitar აკუსტიკური გიტარა;0;pending;A
152220;Baton Rouge L1LS/D Acoustic Guitar აკუსტიკური გიტარა;0;pending;A
152230;Baton Rouge L1LS/DCE Electric-Acoustic Guitar ელექტრო-აკუსტი;0;pending;A
750795053056;Vic Firth American Classic Seafoam Green Drum Sticks 5A Wood;0;pending;A
84934141070187;Dunlop 468 Tortex Flex Jazz III .88 mm  გიტარის მედიატორი;0;pending;A
710137050570;Dunlop Tortex T3 Sharp Tip გიტარის მედიატორი;0;pending;A
750795011193;Vic Firth American Jazz Hickory Drum Sticks Wood AJ2 დრამის ;0;pending;A
750795011186;Vic Firth American Jazz Hickory Drum Sticks Wood J1 დრამის ჯ;0;pending;A
750795011216;Vic Firth American Jazz Hickory Drum Sticks Wood AJ4 დრამის ;0;pending;A
750795011230;Vic Firth American Jazz Hickory Drum Sticks Wood AJ6 დრამის ;0;pending;A
19954959678;"Evans Onyx Heads 14"" SD Head B140NX2 დრამის პლასტიკი";0;pending;A
757242498835;Remo Ambassador Clear Pack 10/12/16  დრამის მემბრანა;0;pending;A
659007005565;Aquarian Regulator Off-Set Hole Gloss White Bass Drum Head 2;0;pending;A
710137103160;Dunlop 468 Tortex Flex Jazz III .88 mm გიტარის მედიატორი;0;pending;A
710137103245;Dunlop 468 Tortex Flex Jazz III 1.5 mm გიტარის მედიატორი;0;pending;A
710137103207;Dunlop 468 Tortex Flex Jazz III 1.14 mm გიტარის მედიატორი;0;pending;A
710137106871;Dunlop Prime Grip Delrin  Guitar Picks 1.14 mm გიტარის მედია;0;pending;A
019954959692;Evans Onyx Coated 3-piece Tom Pack - 12/13/16 inch, დრამის მ;0;pending;A
019954959678;"Evans Onyx Heads 14"" SD Head B140NX2 დრამის მემბრანა";0;pending;A
CC546423154DE-3;Muco SR-M4T Shoulder Rest Vn 4/4 ვიოლინოს მხრის დასადები;0;pending;A
756317;Handpan Drums Sets D Minor 22 inches Steel Hand Drum  ჰენდ დ;0;pending;A
509985;Ibanez GRGR221PA-AQB electric guitar, ელექტრო გიტარა;0;pending;A
579766;Tambourine for Adults Hand Held Wood Tambourine ტამბურინი და;0;pending;A
CC539922503DE-8;Terre Stickshaker Kemiri Seeds;0;pending;A
02687;"M-Audio BX4BT 4.5"" 120W Bluetooth Studio Monitors (pair) სტუ";0;pending;A
853748;Used Novation FL Key 61 MIDI Keyboard  მიდი კლავიში;0;pending;A
665898100579;Kirlin UY-C-392 3M USB Y-Cable Patch Cable პაჩ კაბელი;0;pending;A
665895007482;kirlin Adapter CC-2025PRL კონექტორი/ადაფტერი;0;pending;A
60035;Valencia VC304CEASB ელ. კლასიკური გიტარა;0;pending;A
665895165007;Kirlin IT-201BFG 3M MA Instrument Cable ინსტრუმენტის კაბელი;0;pending;A
474182;Snare Wire 30 Strand Drum Spring for 14 Inch Snare Drum, დრა;0;pending;A
591862;yamaha MG06X 6-Channel Analog Mixer with Effects ანალოგური მ;0;pending;A
687700224556;Pigtronix Disnortion series/Parallel გიტარის ეფექტ პედალი;0;pending;A
827144;Handpan Drums Sets D Minor 22 inches Steel Hand Drum (9 Note;0;pending;A
858745;Handpan Drums Sets D Minor 22 inches Steel Hand Drum (12 Not;0;pending;A
VS138;Aiersi violin strings VS138 ვიოლინოს სიმები;0;pending;A
431590;Teenage Engineering Pocket Operator PO-33 K.O.! სემპლერი, დრ;0;pending;A
158548;Ibanez TMB100-MGR Talman ბას-გიტარა;0;pending;A
042406720915;Shure GLXD24+/B58 Digital Wireless Handheld System with BETA;0;pending;A
133550;Millenium MDT2S Drum Throne Sattel  დრამერის სკამი;0;pending;A
190868;Millenium MDT4 Drum Throne Round დრამერის სკამი;0;pending;A
417280;Harley Benton HBV 990AM 4/4 Electric Violin ელექტრო ვიოლინო;0;pending;A
278157;Millenium MS 2007 Black, professional microphone stand მიკრო;0;pending;A
522524;RCF ART 935-A Active PA speaker აქტიური მაღალი სიხშირის დინა;0;pending;A
493352;Millenium MS 2014 Microhone Stand მიკროფონის სადგამი;0;pending;A
536265;D'Angelico Premier Fulton LS Sat.Vint.SB 12-string Acustic-e;0;pending;A
105454;Stairville fog fluid type E ბოლის აპარატის სითხე;0;pending;A
583328;Markbass Mini CMD 121P V Bass Guitar Combo Amplifier ბას გიტ;0;pending;A
305338;Markbass CMD JB Players School Bass Guitar Combo Amplifier ბ;0;pending;A
570325;Harley Benton DC-Custom II Cherry electric guitar ელექტრო გი;0;pending;A
599664;Gravity SP 3332 TPB Speaker Stand დინამიკის სადგამი;0;pending;A
493344;Cort CM30-R Dark Red Guitar Combo Amplifier გიტარის კომბი;0;pending;A
436237;Harley Benton HBV 990WH 4/4 Electric Violin ელექტრო ვიოლინო;0;pending;A
159520;Milennium DI-E passive DI-box პასიური დიაიბოქსი;0;pending;A
520878;Fisoma Quinton Violin Strings 4/4 ვიოლინოს სიმები;0;pending;A
409809;Genelec 8030 CP, 2-way active studio monitor სტუდიური მონიტო;0;pending;A
318312;Millenium KS-3000 B Arm;0;pending;A
208464;Sonor ZM6555, complete Hi-Hat holder for parade snare drums ;0;pending;A
164320;Millenium MX-1000 modular mixer stand  მიქსერის სადგამი;0;pending;A
588888;Mapex CM5044FTCIB Comet Fusion Indigo Blue Drum Set  აკუსტიკ;0;pending;A
495994;Millenium Focus 18 Drum Set Red დასარტყამი  ინტრუმენტების კო;0;pending;A
4044155054743;Sennheiser Drum Kit 600 e600 Drum Mic Package with Case დასა;0;pending;A
371230;Gravity SP 3332 B Speaker Stand დინამიკის სადგამი;0;pending;A
446847;"Flyht Pro HSC Hard Shell Case ""M"" დიჯეი კონტროლერის ჩანთა";0;pending;A
449800;ADJ Fog juice 3 heavy - 5 Liter   სასცენო ბოლის აპარატის სით;0;pending;A
449795;ADJ Fog juice 1 light - 5 Liter სასცენო ბოლის აპარატის სითხე;0;pending;A
292090;Bosphorus gong გონგი 44სმ დიამეტრი;0;pending;A
389586;Evans Genera 200 Snare Side Drumhead 14 in.;0;pending;A
649687501037;SIT Strings NR45105L  Bass Strings ბას გიტარის სიმები;0;pending;A
686194002121;Rotosound RN 66LD Nickel Swing Bass Strings ბას გიტარის სიმე;0;pending;A
659007001116;Aquarian Classic Clear Snare Bottom 14 in, დრამის მემბრანა;0;pending;A
291464;Evans ES SH20 DrumHead 14 in. დრამის მემბრანა;0;pending;A
031102;Used Squier 40th Anniversary Gold Edition Jazz Bass Olympic ;0;pending;A
019954929442;D'Addario CNL-3T Pro-Arte Light Tension Classical Guitar Str;0;pending;A
019954500535;Evans S14GEN20 ES SH20 Drumhead 14 in. დრამის მემბრანა;0;pending;A
733132165506;Elixir 16550 Nickel Plated Steel Electric Guitar Strings wit;0;pending;A
019954991463;D'Addario EXL156 XL Nickel Wound Bass VI Strings .024 - .084;0;pending;A
493631;Used Joyo  Revolution Series King of Kings Overdrive Guitar ;0;pending;A
710137091047;Dunlop DTC1 Chromatic Clip-on Tuner გიტარის ტუნერი;0;pending;A
710137003231;Dunlop pickholder Black Series 5005 მედიატორი ჩასადები;0;pending;A
4047371047780;pro snake TPM 5,0 CC მიკროფონის კაბელი;0;pending;A
00352;Yamaha C40 / კლასიკური გიტარა;0;pending;A
00328;Yamaha P-145 B ციფრული პიანინო;0;pending;A
3D42CM;Smartdjlite Stage Light with 3D Effect 42cm;0;pending;A
3D56CM;Smartdjlite Stage Light with 3D Effect 56cm;0;pending;A
3D80CM;Smartdjlite Stage Light with 3D Effect80cm;0;pending;A
750795014064;Vic Firth World Classic Timbale Sticks 16.5 in TMB2 დრამის ჯ;0;pending;A
019954964207;Evans G2 Coated Drumhead Pack Rock - 10/12/16 დრამის მემბრან;0;pending;A
72126;ADJ bubble juice ready mixed 5 L საპნის ბუშტის სითხე;0;pending;A
019954926083;D'Addario EPBB170 PB Soft Acoustic Bass String Set აკუსტიკურ;0;pending;A
717669853426;Fender 70CL 80/20 Bronze Acoustic Strings - Custom Light (11;0;pending;A
717669853433;Fender 70L 80/20 Bronze Acoustic Strings - Light (12) აკუსტი;0;pending;A
733132121526;Elixir 12152 Electric Guitar Strings with NANOWEB Coating, H;0;pending;A
019954925574;D'Addario EXL220-5 XL 5-String Bass Super Soft/Long String S;0;pending;A
019954952624;Evans G2 Coated Drumhead Pack Standard - 12/13/16 დრამის მემ;0;pending;A
605328;Proel speaker stand fre300 დინამიკის სადგამი;0;pending;A
705308;"Istanbul Agop 13"" Xist Dry Dark Hi-Hat ჰაიჰეტი";0;pending;A
8697755753910;"Istanbul Agop High Hat Cymbal 15""XIST Dry Dark Brilliant დრა";0;pending;A
8697755753958;"Istanbul Agop  XDDBC22   DRUM CYMBAL 22""XIST DRY DARK BRILLI";0;pending;A
594104;Ibanez Soundgear SDGR SR300E MBG ბას-გიტარა;0;pending;A
DWDRUM;DW drum set mix დრამების კომპლექტი;0;pending;A
cx3400;Behringer crossover super-x pro cx3400 ქროსოვერი;0;pending;A
signature 16;Soundcraft Signature 16 Analog Mixer ანალოგური მიქსერი;0;pending;A
LS60UBF;Evp LS60UBF Amplifier ხმის გამაძლიერებელი;0;pending;A
LS120UBF;Evp LS120UBF Audio Amplifier ხმის გამაძლიერებელი;0;pending;A
I5STRB;Ibanez 5-String ბას-გიტარა;0;pending;A
PM600;EVP PM600 Professional Active Mixer მიქსერი;0;pending;A
DB38;EVP Conference Meeting Microphone DB38 საკონფერენციო მიკროფო;0;pending;A
ML02;Mic. Stands   ML02;0;pending;A
442423;Roadworx Speaker Stand 2 დინამიკის სადგამი;0;pending;A
MG12XU;Yamaha MG12XU MIXER ხმის მართვის პულტი, აუდიო მიქსერი;0;pending;A
Akgdset;AKG High Performance Drum microphone Set Session 1 დრამის მი;0;pending;A
03289;AKAI APC64 - ABLETON CONTROLLER WITH TOUCHSTRIPS;0;pending;A
815301001300;Novation CIRCUIT RHYTHM - Sampler and groovebox with eight s;0;pending;A
815301001294;Novation CIRCUIT TRACKS - Groovebox sequencer with synth tra;0;pending;A
4033685003697;Warwick 46210 Red Strings Nickel ბას გიტარის სიმები;0;pending;A
12435;RCF ART 915-A აქტიური მაღალი სიხშირის დინამიკი;0;pending;A
510682;Roland FP-30X BK Digital Piano ციფრული პიანინო;0;pending;A
12U CASE;Flycase  12U case;0;pending;A
517387;Casio CT-S1BK Keyboard სინთეზატორი;0;pending;A
147222;Millenium MA9P Maracas მარაკები;0;pending;A
868757;Gretsch G9500 Jim Dandy აკუსტიკური გიტარა;0;pending;A
410781;Pearl Compact Traveler Kit დრამის კომპლექტი;0;pending;A
343716;Digitech The Drop Compact Polyphonic Drop Tune Pitch Shifter;0;pending;A
19954121266;D'addario EJ45 string set for classical guitar კლასიკური გიტ;0;pending;A
448565;Zultan The Stick Bag დრამის ჯოხების ჩანთა;0;pending;A
252333;Thomann Banjo Gigbag ბანჯოს ჩანთა;0;pending;A
8033829138793;Marrkbass Strings Energy 4 045-100 ნას გიტარის სიმები;0;pending;A
324286;Meinl PEMBK Egg Maracas მარაკები;0;pending;A
509958;Gewa Manoa K-CO-BBE Bambus Ukulele უკულელე;0;pending;A
539027;Gravity TSP 2332 B დინამიკის სადგამი;0;pending;A
219729;Thomann 3/4 Classic-Guitar Gigbag Eco კლასიკური გიტარის ჩანთ;0;pending;A
198578;Thomann 1/2 Classic-Guitar Gigbag Eco კლასიკური გიტარის ჩანთ;0;pending;A
517331;Startone MKL-201 Lightning Keyboard სინთეზატორი;0;pending;A
434212;the t.mix xmix 1202 FXMP USB აუდიო მიქსერი;0;pending;A
4047371118503;Zultan 5A Hickory Sticks დრამის ჯოხები;0;pending;A
422793;the t.mix xmix 1002 FX USB აუდიო მიქსერი;0;pending;A
749699191780;Ernie Ball Celluloid Mixed Color Guitar Pick  Medium მედიატო;0;pending;A
749699191360;Ernie Ball Celluloid Guitar Picks - Medium მედიატორი;0;pending;A
749699191742;Ernie Ball Nylon Guitar Picks Medium მედიატორი;0;pending;A
757242478172;Remo Pinstripe Clear 5-Piece Tom Drumhead Pack დრამის მემბრა;0;pending;A
195309;the t.bone EM 700 Stereo Set - matched pair of two condensor;0;pending;A
204691;BLACKSTAR AMPLUG 2 FLY AP2 Guitar Headphone AmpAmplifier გიტ;0;pending;A
4260752332750;Sennheiser HD 620S Closed-Back Audiophile Headphones ყურსასმ;0;pending;A
749699112648;Ernie Ball 3626 Not Even Slinky Nickel Wound 12-56 Electric ;0;pending;A
749699132202;Ernie Ball 2220 Nickel Power Slinky Electric Guitar Strings ;0;pending;A
749699132264;Ernie Ball 2226 Burly Slinky Nickel Wound Electric Guitar St;0;pending;A
749699112358;Ernie Ball 3627 Beefy Slinky Nickel Wound  Electric Guitar S;0;pending;A
749699116929;Ernie Ball 2717 Cobalt Ultra Slinky Electric Guitar Strings ;0;pending;A
019954928865;D'Addario CNH-3T Pro-Arte Hard Tension Classical Guitar Stri;0;pending;A
749699116875;Ernie Ball 2716 Cobalt Burly Slinky Electric Guitar Strings ;0;pending;A
CC538519978DE;Harley Benton SolidBass 115T ბასის კაბინეტი;0;pending;A
60039;Valencia VA434CE Nylon String Guitar natural, Cutaway ელ. კლ;0;pending;A
MBDR-22;Marching bass drum 22'' საგულშემატკივრო ბას დრამი;0;pending;A
TB04595;Used NUX Mighty 20BT გიტარის კომბი;0;pending;A
442192;Rico Alto Saxophone Reeds, Box of 25 Strength 2.5 საქსაფონის;0;pending;A
73286596297698;Guitar Pickup პიეზო (გიტარის, ვიოლინო, ფანდურის);0;pending;A
417200;Harley Benton HB-20B Bass Guitar Combo Amplifier ბას გიტარის;0;pending;A
400914;Harley Benton Extreme-84 Progressive electric guitar ელექტრო;0;pending;A
619600;Used Electro-Harmonix - POG2 - Polyphonic Octave Generator გ;0;pending;A
4959112057630;Vox AP-CR Amplug Headphone Guitar Amplifier - Classic Rock;0;pending;A
692554;Yamaha Pacifica Series PAC012 Electric Guitar White ელექტრო ;0;pending;A
749699105015;Ernie Ball 2211 Mondo Slinky Nickel Wound Electric Guitar St;0;pending;A
019954151232;D'Addario XL Nickel Wound Electric Bass Strings EXL170 Long ;0;pending;A
733132140770;Nanoweb Nickel Plated 45-105 Bass Guitar Strings ბას გიტარის;0;pending;A
733132147779;Elixir 14777 Nanoweb Stainless Light 5 Bass Guitar Strings 4;0;pending;A
3760033531656;Arturia MiniFuse 1 Black - USB-C Audio Interface აუდიო ინტერ;0;pending;A
C80;Yamaha C80 Classical guitar კლასიკური გიტარა;0;pending;A
60057;Valencia VC203TBU 3/4 Sized Classical Guitar, Trans Blue კლა;0;pending;A
60056;Valencia VC203CSB 3/4 Sized Classical Guitar, Classic Sunbur;0;pending;A
60058;Valencia VC203TWR 3/4 Sized Classical Guitar, Trans Wine Red;0;pending;A
381034;ADJ Snow Juice სითხე თოვლის გენერატორისთვის;0;pending;A
60032;Valencia VC304 classical guitar, natural კლასიკური გიტარა;0;pending;A
888430;Used Fender MTG Tube Distortion Pedal გიტარის ეფექტ-პედალი;0;pending;A
60026;Valencia VC264  კლასიკური გიტარა;0;pending;A
60027;Valencia VC264CSB კლასიკური გიტარა;0;pending;A
60050;Valencia VC564CEBSB Cutaway ელ. კლასიკური გიტარა;0;pending;A
60034;Valencia VC304CE classical guitar, Natural, Cutaway Electric;0;pending;A
519600;Precieux RB 26462 B Sax Strap Men XL საქსაფონის საკიდი;0;pending;A
190784;"Millenium 14""x12"" Classic Tom Bag ტომის ჩანთა";0;pending;A
579515;Harley Benton JAMster Guitar combo გიტარის კომბი;0;pending;A
190780;"Millenium 10""x10"" Classic Tom Bag";0;pending;A
190787;"Millenium 20""x18"" Classic Bass Drum Bag";0;pending;A
358485;Sennheiser E835 Dynamic microphone მიკროფონი;0;pending;A
Kawai CN-201 W;Kawai CN-201 W ციფრული პიანინო;0;pending;A
Kawai KDP-120 W;Kawai KDP-120 W ციფრული პიანინო;0;pending;A
00503;YAMAHA  P45B DIGITAL PIANO ციფრული პიანინო;0;pending;A
CC541382798DE-21;Supreme SP-5 Monitor Speaker Pads სტუდიო მონიტორის პანელები;0;pending;A
M07-12;Alice Electric Guitar Pick Water Drop Shaped Guitar Pick Wea;0;pending;A
M09-01;Alice Electric Guitar Pick Water Drop Shaped Guitar Pick Wea;0;pending;A
J03-03;Alice Electric Guitar Pick Water Drop Shaped Guitar Pick Wea;0;pending;A
pl-a3;Weave cable 3M PL-A3;0;pending;A
1ZA2552X0317553599;Fender Original Series Limited-Edition 5M;0;pending;A
019954189600;Evans Calftone Bass Drum 24 in. დრამის მემბრანა;0;pending;A
104122;Marshall MS-2 Guitar Amp combo გიტარის მინი კომბი;0;pending;A
pp-t40v;გიტარის ხმის ამწევი დეტალი Volume Knob PP-T40V;0;pending;A
SM169;SM169 Shoulder rest all size ვიოლინოს სამხრე;0;pending;A
31111700;Adam-Audio H200 სტუდიური ყურსასმენი;0;pending;A
180214;Millenium SS-901X Pro Series სნეარის სადგამი;0;pending;A
428348;Kelisiting  432HZ 22 Inches 10 Notes D Minor ჰენდ დრამი;0;pending;A
429490;Kelisiting 22inch 10 Sounds D Minor Silver 432hz ჰენდ დრამი;0;pending;A
447569;NooLime 22 Inches 10 Notes D Minor 432HZ ჰენდ დრამი;0;pending;A
228195;Amuzik LT-910 Chromatic Guitar Tuner Effect Pedal High Preci;0;pending;A
750795016693;Vic Firth SAT2 Ahmir Questlove Thompson Signature დრამის ჯოხ;0;pending;A
750795011681;Vic Firth SDC Danny Carey Signature Drum Sticks;0;pending;A
750795007219;Vic Firth SJM Jojo Mayer Signature Drum Sticks White;0;pending;A
750795000524;Vic Firth SJD Jack DeJohnette Signature დრამის ჯოხები;0;pending;A
750795012039;Vic Firth STL Thomas Lang Signature დრამის ჯოხები;0;pending;A
750795020164;Vic Firth Modern Jazz Collection MJC4 დრამის ჯოხები;0;pending;A
6970379930526;Alice A903 Viola Strings სიმები;0;pending;A
I4STRB;Ibanez 4-String ბას-გიტარა;0;pending;A
02595;AiAiAi TMA-2 Studio XE Preset AI76015 დიჯეი ყურსასმენები;0;pending;A
00939;Behringer HA8000V2-EU Headphone Amplifier;0;pending;A
CC541934200DE-5;Epiphone Les Paul Muse Purple Passion ელექტრო გიტარა;0;pending;A
CC543857942DE-7;K&M 168 Tuning Fork 105mm კამერტონი;0;pending;A
229214;Evans Onyx 2 დრამის პლასტიკი ნაკრები - 10/12/16;0;pending;A
547709;Used Custom ST Double Neck Electric Guitar & Bass;0;pending;A
504761;Line 6 Lowdown 110 Combo ბას გიტარის კომბი;0;pending;A
699247;Evans EC2 SST Clear დრამის პლასტიკი ნაკრები - 10/12/16;0;pending;A
6UFLIGHTCASE;FLIGHT CASE  6UFLIGHTCASE;0;pending;A
000483;Roland RPB-100WH Piano Banch პიანისტის სკამი;0;pending;A
000457;Roland RMIDI-B3 1M MIDI CABLE მიდი კაბელი;0;pending;A
000482;Roland RMIDI-B5 1.5 MIDI CABLE მიდი კაბელი;0;pending;A
175659;Harley Benton D-120CE-LH BK El. Acoustic გიტარა ცაცია;0;pending;A
317319;Harley Benton B-550FL Fretless Progressive 5-String  ბას-გიტ;0;pending;A
8697755700020;"Istanbul Mehmet 14"" Medium Hi-Hat Traditional";0;pending;A
8697755707609;Istanbul Agop 18″ Traditional Crash Ride –  ქრეშ რაიდი;0;pending;A
8697755707623;"Istanbul Agop 20"" Traditional Crash Ride ქრეშ რაიდი";0;pending;A
12695;Markbass CMB 121 BLACK LINE კომბი;0;pending;A
8697755703762;"Istanbul Agop 20"" Traditional Jazz Ride ჯაზ-რაიდი";0;pending;A
8697755744956;"Istanbul Agop 16"" Xist China Brilliant Cymbal";0;pending;A
237779;FENDER CD-140SCE Dreadnought, Sunburst ელ. აკუსტიკური გიტარა;0;pending;A
60106;Valencia VC354YW  კლასიკური გიტარა;0;pending;A
197476;Used Seymour Duncan SSL-3 Black Pickup;0;pending;A
19954262549;Evans G2 Clear დრამის პლასტიკის ნაკრები Rock - 10/12/16;0;pending;A
552326;Evans G1 Clear დრამის პლასტიკის ნაკრები Rock - 10/12/16;0;pending;A
738935;Vic Firth Corpsmaster Ralphie Jr. Indoor Marching დრამის ჯოხ;0;pending;A
BU-33;Aiersi BU-33 java ebony u bass უკულელე;0;pending;A
BU-88;Aiersi BU-88 Spalted Maple U Bass უკულელე;0;pending;A
004350;Pioneer DDJ-GRV6/YXJ DJ Controller დიჯეი კონტროლერი;0;pending;A
732867;Tama Club Jam, Compact Vintage Shell Kit, დრამის კომპლეტი;0;pending;A
815301005162;Focusrite Scarlett 2i2 3rd gen აუდიო ინტერფეისი;0;pending;A
1ZAY26220447231225-2;Harley Benton RG-Junior BK Rock Series ელ.გიტარა;0;pending;A
394122;Zaphir Sufi - the 5 season Chimes;0;pending;A
456146;Used Yamaha 4 piece Stage Custom Wine Red დასარტყამი ინსტრუმ;0;pending;A
126057;Harley Benton Classic Guitar Soundhole Strap ქამარი;0;pending;A
GP-C60YN;Smiger GP-C60-YN კლასიკური გიტარა;0;pending;A
SKC-11;Smiger SKC-11 უკულელე;0;pending;A
60061;Valencia VC204TBU კლასიკური გიტარა;0;pending;A
SRH240A-BK-EFS;Shure SRH240A-BK სტუდიური ყურსასმენი;0;pending;A
543645;Ibanez GRX120SP-MLM ელექტრო გიტარა;0;pending;A
00923-1;Behringer K5-EU Studio Monitor სტუდო მონიტორი;0;pending;A
CC543981281DE-3;Framus Legacy Series FD-14 SV ელ. აკუსტიკური;0;pending;A
511402;Baton Rouge X11LS/F-AB-12 Folk 12 სიმიანი აკუსტიკური გიტარა;0;pending;A
358601;Thomann Tibetan Singing Bowl N5, 1kg ტიბეტური თასი;0;pending;A
01584;Behringer BH470 Studio Headphones სტუდიო ყურსასმენები;0;pending;A
446371;Marcus Miller V3 5 BK 2nd Gen 5-String ბას-გიტარა;0;pending;A
273499;Roth & Junius RJVC Concert-02 Violin Case;0;pending;A
142800;Harley Benton CG-45 NS აკუსტიკური გიტარა;0;pending;A
SU024TBG;Aiersi SU024TBG Ukulele უკულელე;0;pending;A
Radar;Mooer Radar Speaker CAB Simulator გიტარის-ეფექტ პედალი;0;pending;A
1ZA2552X0343279453;"Remo Powerstroke 3 Clear 22"" with Black Dot დრამის პლასტიკი";0;pending;A
147660;Schwarz Jaw Harp 56mm Nr. 6 ვარგანი;0;pending;A
524165;Suzuki MR-200 Harpmaster C ჰარმონიკა;0;pending;A
536258;DAngelico Premier Bowery LS Sat.Vint.SB ელ.აკუსტიკური გიტარა;0;pending;A
486627;Recording King RPS-11-FE3-TBR ელ.აკუსტიკური გიტარა;0;pending;A
579989;Startone Melody 32 Melodica Black And White მელოდიკა;0;pending;A
431817;Thomann 37 Pro Melodica Red მელოდიკა;0;pending;A
306261;"Toca SFDMX-9K 9"" Freestyle Djembe ჯემბე";0;pending;A
306291;"Toca 9"" Freestyle II Djembe -SC ჯემბე";0;pending;A
509743;"Meinl ADJ12-DA 12"" Alpine Djembe ჯემბე";0;pending;A
440811;"Gewa 14"" Djembe Liberty Hook ABP ჯემბე";0;pending;A
495857;Recording King ROS-11-FE3-TBR ელ.აკუსტიკური გიტარა;0;pending;A
326750;Marshall MX112R Guitar Cabinet 80 Watt;0;pending;A
543853;Artino SN-100 Violin Strings 4/4 ვიოლინოს სიმები;0;pending;A
513344;Bumblebee Ukuleles BUS23 Soprano Blue;0;pending;A
446385;Marcus Miller M2 5 WHP 2nd Gen 5-String White Pearl  ბას-გიტ;0;pending;A
400742;Rockboard Hook and Loop Tape 100 cm;0;pending;A
513975;DAngelico Premier Fulton LS Aged Mah 12-string ელ.აკუსტიკური;0;pending;A
483271;Roth & Junius GreyLine Viol. Shaped Case 4/4 ვიოლინოს ჩანთა;0;pending;A
105679;Eurolite Bubble Fluid Concentrate საპნის ბუშტის სითხე;0;pending;A
GP-C40SB;Grape GP-C40-SB classical guitar  39''  კალასიკური გიტარა;0;pending;A
GP-C40CN;Grape GP-C40C-N 39''  კალასიკური გიტარა;0;pending;A
EC-309CYN;Grape EC-309C-YN Classical GUITAR Black კალასიკური გიტარა;0;pending;A
EC-309CSTS;Grape EC-309C-STS Classical GUITAR კალასიკური გიტარა;0;pending;A
G11;Rosen G11 აკუსტიკური გიტარა;0;pending;A
029290;Used AKAI Professional MPC One+ დრამ მანქანა;0;pending;A
757242212547;"Remo 22"" Pinstripe Clear Bass Drum Head ბას-დრამის პლასტიკი";0;pending;A
749699112471;Ernie Ball 2721 Cobalt Regular Slinky Electric GuitarStrings;0;pending;A
THC20;"ISTANBUL AGOP 20"" TRADITIONAL THIN CRASH";0;pending;A
685367;Yamaha Pacifica Series PAC012 ელ.გიტარა;0;pending;A
CKE00;Cega Kalimba  CKE00 კალიმბა;0;pending;A
BKF02-C;Byla Kalimba  BKF02-C კალიმბა;0;pending;A
BEL02-C;Byla  Kalimba Deer Blue  BEL02-C კალიმბა;0;pending;A
BCP00-C;Kalimba  BCP00-C კალიმბა;0;pending;A
BCP02-C;Kalimba Paw Blue BCP02‑C  კალიმბა;0;pending;A
BBT02-C;Kalimba Butterfly Blue BBT02-C კალიმბა;0;pending;A
CBC40-B;Kalimba Bear Shape Black  CBC40-B კალიმბა;0;pending;A
21CRA00;kalimba 21CRA00 კალიმბა;0;pending;A
21CKE00-C;Kalimba Deer  21CKE00-C კალიმბა;0;pending;A
BKD01-C;Kalimba  BKD01-C კალიმბა;0;pending;A
BOC018;Ocarina BOC018 ოკარინა;0;pending;A
GP-C50N;Grape Classical Guitar კლასიკური გიტარა;0;pending;A
237522;JACKSON JS Series Dinky JS11 Metallic Red ელ.გიტარა;0;pending;A
237466;Fender Blues Deluxe Harmonica, Key of B Flat ჰარმონიკა;0;pending;A
46049;Presonus AUDIOBOX 96K 25TH  აუდიო ინტერფეისი;0;pending;A
3160256;Gretsch Jim Dandy Dreadnought აკუსტიკური გიტარა;0;pending;A
237523;JACKSON JS Series Dinky™ JS11 Gloss Black ელ.გიტარა;0;pending;A
3160257;Squier Affinity Series Active Jazz Bass  ბას-გიტარა;0;pending;A
3160258;Squier by Fender Debut Collection Stratocaster ელ. გიტარა;0;pending;A
802520;"Tannoy Gold 5 - 200W 5"" სტუდიო მონიტორი";0;pending;A
353539;Used Alesis SamplePad 4 დრამის სემპლერი პადი;0;pending;A
700175;Used Roland TD-4 დრამის ხმის მოდული;0;pending;A
3499JP;Boss LMB-3 გიტარის ეფექტ-პედალი;0;pending;A
040539;Rogue Classic Spider Resonator აკუსტიკური გიტარა;0;pending;A
306449;Tama Iron Cobra HP200P Single Pedal  დრამის პედალი;0;pending;A
418728;pro snake TPM 15,0 CC მიკროფონის კაბელი;0;pending;A
337573;Ibanez PF1512-NT 12-String აკუსტიკური გიტარა;0;pending;A
395216;Eurolite Dynamic Faze 700 Fazer ბოლის აპარატი;0;pending;A
326263;Stairville Hz-200 Compact Hazer DMX   ბოლის აპარატი;0;pending;A
574206;Ortega Tour Player SBK LH ელ.კლასიკური გიტარა;0;pending;A
256707;Rode NT2-A Studio Solution Set  მიკროფონი;0;pending;A
585462;Vox AmPlug 3 AC30 გიტარის გამაძლიერებელი;0;pending;A
406270;Vox Amplug 2 Clean  გიტარის გამაძლიერებელი;0;pending;A
539512;Cort Luce 100C Natural Satin აკუსტიკური გიტარა;0;pending;A
524517;Startone BK-61 synthesizer სინთეზატორი;0;pending;A
343081;Startone MK-300 synthesizer სინთეზატორი;0;pending;A
254856;Cordial Multicore CYB C 8/0 -15 Multicore მულტიქორი 15M;0;pending;A
105054;the sssnake SXX8030 Multicore Cable მულტიქორი 3m;0;pending;A
608037;Framus Legacy FG 14 SV GrAud YT  აკუსტიკური გიტარა;0;pending;A
608039;Framus Legacy FJ 14 SMV 12 Jumbo VNT 12-სიმიანი აკუსტიკური გ;0;pending;A
534529;Kala Ukadelic UK-MOONRISE Soprano უკულელე;0;pending;A
525088;Kala KA-MRT-GRN-C Concert Ukulele  უკულელე;0;pending;A
603668;Ibanez GSA60 BKN Electric Guitar  ელექტრო გიტარა;0;pending;A
456243;Harley Benton D-120TB აკუსტიკური გიტარა;0;pending;A
109955;Marshall AS50D 50W აკუსტიკური გიტარის გამაძლირებელი;0;pending;A
612455;Kala Ukadelic Soprano UK-Nightlight Ukulele  უკულელე;0;pending;A
495662;Kala Ukadelic Happy Camper Ukulele  უკულელე;0;pending;A
514959;Pyle Bluetooth 2x120W Audio Power Amp - გამაძლიერებელი;0;pending;A
03127;Behringer DH100 Professional Drummer Headphones სტუდიური ყურ;0;pending;A
NanSinEnterprice-19;Aiersi SU074P Koa ukulele უკულელე;0;pending;A
471228;Used DemonFx Ghast Echo Reverb გიტარის ეფექტ-პედალი;0;pending;A
802922;Bugera BV1001M - 2,000-Watt Class-D ბას გიტარის გამაძლირებელ;0;pending;A
644250;Used Ibanez TS9 Tube Screamer გიტარის ეფექტ-პედალი;0;pending;A
194446;Used Adam Audio T8V Active სტუდიო მონიტორი;0;pending;A
338839;Yamaha P-143 88-Key ციფრული პიანინო;0;pending;A
VRS-20;Valencia VRS-20 Rosin, Round კანიფოლი;0;pending;A
523291;Harley Benton R-446 Blood Metallic ელ.გიტარა;0;pending;A
82082;Alice ATB002A Blue, Double-Ring ტამბურინი;0;pending;A
profile;SMARTDJLITE Profile Light 750W თეატრალური განათება;0;pending;A
82078;Alice ATB002 Orange, Double-Ring Tambourine ტამბურინი;0;pending;A
645578;Used Fender Billie Eilish Signature Ukulele უკულელე;0;pending;A
796208;Pyle PTA2 2 Channel Power Amplifier გამაძლიერებელი;0;pending;A
493292;Used Soundcruft GB2 Mixer აუდო მიქსერი;0;pending;A
TB04639;Used Valencia VC204H Antique Natural კლასიკური გიტარა;0;pending;A
TB0606;Used Tonor Microphone Isolation Shield საიზოლაციო პანელი;0;pending;A
TB05150;Used Fender Squier Telecaster შავი;0;pending;A
TB0707;Used Agile 8-String ელ.გიტარა;0;pending;A
TB1306;Used TC-Helicon GO GUITAR PRO გიტარის აუდიო ინტერფეისი;0;pending;A
TB0906;Used Boss MT-2 Metal Zone გიტარის ეფექტ პედალი;0;pending;A
TB1906;Used ANTMIX 8FX 8-არხიანი აუდიო მიქსერი;0;pending;A
10-548;Yamaha YDP-145 R Arius ციფრული პიანინო;0;pending;A
10-551;YAMAHA TRBX174 ბას-გიტარა;0;pending;A
10-552;Yamaha TRBX174 Old Violin Sunburst ბას-გიტარა;0;pending;A
10-553;Yamaha BB 235 5-String ბას-გიტარა;0;pending;A
10-554;Yamaha YRS-23 Soprano Recorder ბლოკ ფლეიტა;0;pending;A
10-555;YAMAHA DIGITAL KEYBOARD PSRE373 / სინთეზატორი;0;pending;A
10-557;YAMAHA DIGITAL KEYBOARD PSRE383 სინთეზატორი;0;pending;A
10-563;Line6 Spider V20 MK2 EU / გიტარის ხმის გამაძლიერებელი;0;pending;A
10-564;Ampeg RB108 30-watt ბას გიტარის გამაძლირებელი;0;pending;A
10-559;Yamaha THR30IIW Black გიტარის ხმის გამაძლიერებელი;0;pending;A
10-569;YAMAHA HS8 B /სტუდიური მონიტორი;0;pending;A
10-571;Yamaha Stage Custom Standard Set -NW  დრამის კომპლექტი;0;pending;A
10-572;Yamaha Stage Custom Standard Set -NW დრამის კომპლექტი;0;pending;A
TB0540;Casio PX S1000 privia RD ციფრული პიანინო;0;pending;A
TB0546;MOSKY AUDIO ISO 10 კვების ბლოკი;0;pending;A
TB0548;BOSS TREMOLO TR-2 გიტარის ეფექტ-პედალი;0;pending;A
TB0554;Used Behringer FX600 Multi-Effects Pedal გიტარის ეფექტ-პედალ;0;pending;A
R424141;Boss Amp Stand BAS-1 გამაძლიერებლის სადგამი;0;pending;A
R037191;Boss BD-2 Overdrive გიტარის ეფექტ-პედალი;0;pending;A
R425091;Boss CB-EG01 ელ. გიტარის შალითა;0;pending;A
R022810;Boss CE-5 Stereo Chorus გიტარის ეფექტ-პედალი;0;pending;A
R012850;Boss CS-3 Compression Sustainer გიტარის ეფექტ-პედალი;0;pending;A
R424281;Boss Dual Cube LX გიტარის კომბი,გამაძლიერებელი;0;pending;A
R024880;Boss GE-7 Equalizer გიტარის ეფექტ-პედალი;0;pending;A
R417571;Boss GT-1 Guitar Multi-FX Pedal გიტარის ეფექტ-პედალი;0;pending;A
R044220;Boss OD-3(C) Turbo Overdrive გიტარის ეფექტ-პედალი;0;pending;A
R424781;Boss RE-202 Space Echo Delay/Reverb გიტარის ეფექტ-პედალი;0;pending;A
R408971;Boss TU-3 Chromatic Tuner ტუნერი;0;pending;A
R406850;Roland Mobile Cube გამაძლიერებელი;0;pending;A
ZED16FX;Allen & Heath ZED-16FX აუდიო მიქსერი;0;pending;A
802814;Sennheiser HD 25 Light ყურსასმენი;0;pending;A
142776;Thomann Acoustic-Steel Gigbag Deluxe აკუსტიკური გიტარის ჩანთ;0;pending;A
121547;Thomann Acoustic-Steel Gigbag BK აკუსტიკური გიტარის ჩანთა;0;pending;A
60038;Valencia VA434CSB კლასიკური გიტარა;0;pending;A
611199;Used Akai APC40 mk1  ableton MIDI კონტროლერი;0;pending;A
60023;Valencia VC204 Antique Natural კლასიკური გიტარა;0;pending;A
02226;Behringer SL85S Dynamic Microphones დინამიური მიკროფონი;0;pending;A
60150;Valencia VC201 1/4 Antique Natural კლასიკური გიტარა;0;pending;A
575644;KRK Rokit RP7 G5 სტუდიური მონიტორი;0;pending;A
383899;Savarez T50J Tomatito კლასიკური გიტარის სიმები;0;pending;A
568829;KRK Classic 5 Monitor Pack სტუდიო მონიტორი;0;pending;A
142783;Thomann Acoustic-Steel Jumbo Gigbag აკუსტიკური გიტარის ჩანთა;0;pending;A
177177;Thomann Classic-Guitar Gigbag Elite კლასიკური გიტარის ჩანთა;0;pending;A
414880;Fun Generation Light Stand განათების სადგამი;0;pending;A
125343;the t.bone GM 55 დინამიური მიკროფონი;0;pending;A
446848;"Flyht Pro HSC Hard Shell Case ""S"" მყარი ჩანთა";0;pending;A
472440;Flyht Pro HSC Controller Case 3 მყარი ჩანთა;0;pending;A
578572;Ortega Deluxe Amp Stand Black გამაძლიერებლის,კომბის სადგამი;0;pending;A
10-675;Ampeg RB-110 II ბას გიტარის კომბი;0;pending;A
TB0563;Used ZOOM G2 Guitar Effects Pedal გიტარის ეფექტ-პედალი;0;pending;A
809164003403;Samson C02 კონდენსატორული მიკროფონი;0;pending;A
64274;MEINL SH5R შეიკერი;0;pending;A
EC-309YN;Grape EC-309YN Classical Guitar კლასიკური გიტარა;0;pending;A
TB05133;Used Dunlop CRY BABY Eddie Van Halen WAH EVH გიტარის ეფექტ-პ;0;pending;A
TBA322612849494;Stabcl Headphone Amplifier 8 Channel ყურსასმენის გამანაწილებ;0;pending;A
TBA322609429765;JIM DUNLOP Jazz 3 Black Picks მედიატორი;0;pending;A
934391;Dunlop Acoustic Phosphor Bronze 11-52 აკუსტიკური გიტარის სიმ;0;pending;A
R424711;Roland TD-17KV2 E-Drum Set ციფრული დრამი;0;pending;A
R424331;Roland SPD-SX PRO Sampling Pad დასარტყამი პადი;0;pending;A
TB05117;Used Joyo british გიტარის ეფექტ-პედალი;0;pending;A
TB05121;Used CASIO CTK-1550 ციფრული პიანინო;0;pending;A
TB05124;Used VOX wah-wah V847 გიტარის ეფექტ-პედალი;0;pending;A
460178;Harley Benton JB-20 BM Standard Series ბას-გიტარა;0;pending;A
3160264;Fender Standard Stratocaster 3-Color Sunburst ელ.გიტარა;0;pending;A
237953;Fender Standard Stratocaster HSS Black ელ.გიტარა;0;pending;A
237959;Fender Standard Jazz Bass 3-Color Sunburst ბას-გიტარა;0;pending;A
237967;Squier by Fender Debut Collection Telecaster 2-Color Sunburs;0;pending;A
237968;Squier by Fender Debut Collection Telecaster Dakota Red ელ.გ;0;pending;A
471179;Blackstar amPlug2 FLY Bass ბას-გიტარის ხმის გამაძლიერებელი;0;pending;A
471169;Blackstar amPlug2 FLY Guitar გიტარის ხმის გამაძლიერებელი;0;pending;A
136509;Hannabach 815MT Black კლასიკური გიტარის სიმები;0;pending;A
487195;Cascha E-Concert Ukulele Premium Mah ელ.უკულელე;0;pending;A
290730;Harley Benton DC-Ukulele CH ელ.უკულელე;0;pending;A
487197;Cascha E-Soprano Ukulele Premium Mah ელ.უკულელე;0;pending;A
332538;Hartke HD25 ბას-გიტარის გამაძლიერებელი;0;pending;A
588481;Line6 Catalyst CX 100 გიტარის კომბი გამაძლიერებელი;0;pending;A
336652;Epiphone Slash 'AFD' Les Paul Special-II Performance Pack ელ;0;pending;A
452670;Zultan Laptop Backpack ლეპტოპის ჩანთა;0;pending;A
435650;Vic Firth SIH2 Headphones დრამერის ყურსასმენი;0;pending;A
401444;D'Addario PW-CT-17RD Eclipse Tuner გიტარის ამწყობი,ტუნერი;0;pending;A
534515;Markbass MB GV4 Gloxy Val Surf Green ბას-გიტარა;0;pending;A
217575;AKG K702 Headphones სტუდიური ყურსასმენი;0;pending;A
568111;Harley Benton HBV 800SNB Violin ელექტრო ვიოლინო;0;pending;A
325873;Harley Benton HBV 990SKL 4/4 ელექტრო ვიოლინო;0;pending;A
483147;Roth & Junius GreyLine Cello Bag 4/4 ჩელოს ჩანთა;0;pending;A
433136;Pigtronix Octava Micro Pedal გიტარის ეფექტ-პედალი;0;pending;A
167390;Millenium Hardware Bag დრამის ჩანთა;0;pending;A
410170;Gator Drum Hardware Bag დრამის ჩანთა;0;pending;A
535273;Harley Benton JB-62 LH CC SFG ბას-გიტარა ცაცია;0;pending;A
275311;Höfner Shorty Bass BK ბას-გიტარა;0;pending;A
317311;Harley Benton B-450 QTB ბას-გიტარა;0;pending;A
402230;Shreyas New Pocket Trumpet, Bb, Brass Best Sound And With Ca;0;pending;A
j6206;JET JS-400 PK R, HSS ელ.გიტარა;0;pending;A
J6479;JET JS-480 WR G, HSS ელ.გიტარა;0;pending;A
J6480;JET JS-501 Stygian, HH ელ.გიტარა;0;pending;A
J6483;JET JJ-350 Baritone Moonburst, HH ელ. გიტარა;0;pending;A
J6530;JET JS-500 MGR, HH ელ.გიტარა;0;pending;A
TB05130;Used Fender Frontman 10G ელექტრო გიტარის კომბი;0;pending;A
SEN-900/9V4;SEN-900/9V4 Drum mic დრამის მიკროფონი;0;pending;A
SH-GLX6;Shure SH-GLX6 Wireless mic უკაბელო მიკროფონი;0;pending;A
IB-24 SPECIAL ELETRIC GUITAR;Ibanez Warlock ელ. გიტარა;0;pending;A
TB05134;Used Digitech RPS5 გიტარის პროცესორი;0;pending;A
237954;Fender Standard Precision Bass® ბას-გიტარა;0;pending;A
687669;Used PRS SE CE 24 Standard Satin CH ელ.გიტარა;0;pending;A
VH55BB;Vater 55BB WOOD დრამის ჯოხები;0;pending;A
VHCS311;Vater CHAD SEXTON 311 MODEL დრამის ჯოხები;0;pending;A
VHC5BW;Vater classics 5B wood tip დრამის ჯოხები;0;pending;A
VWTS;Vater brush standard დრამის ჯოხები;0;pending;A
VPYB;Vater poly-brush დრამის ჯოხები;0;pending;A
VWTR;Vater wireatap retractable brush დრამის ჯოხები;0;pending;A
VWTHW;vater heavy wire brush დრამის ჯოხები;0;pending;A
VWTW;Vater brush wood handle დრამის ჯოხები;0;pending;A
VSTKW;Vater stick-whip დრამის ჯოხები;0;pending;A
VSPS;Vater Splashstick დრამის ჯოხები;0;pending;A
VSPSH;Vater splashstick heavy დრამის ჯოხები;0;pending;A
VSPSRK;Vater splashstick rock დრამის ჯოხები;0;pending;A
VSPSB;Vater Bamboo Splashstick დრამის ჯოხები;0;pending;A
VCB6S;Vater 6 inch chop builder pad single sided soft სავარჯიშო პა;0;pending;A
VCB12D;Vater 12 inch chop builder pad double sided სავარჯიშო პადი;0;pending;A
MV2;Vater marching snare & tenor sticks MV2 დრამის ჯოხები;0;pending;A
P10PR;Vater P10PR assorted hickory sticks დრამის ჯოხები;0;pending;A
742632;Dunlop Tortex Jazz III XL Guitar Picks (72), .73mm, 498R.73 ;0;pending;A
TB05143;Used Boss Cube Street II ელ გიტარის კომბი/გამაძლიერებელი;0;pending;A
115261;Used PRS SE CE24 Standard Satin Vintage Cherry ელ.გიტარა;0;pending;A
018394;Used Pioneer DJ DDJ-400-N Limited Edition Gold დიჯეი კონტროლ;0;pending;A
561719;Rotosound Roto Yellows R10-7 10/56 ელ.გიტარის სიმები;0;pending;A
686194000523;Rotosound Roto Reds R11-7 11/58 ელ.გიტარის სიმები;0;pending;A
64251;Meinl Cabasa NINO701 კაბასა;0;pending;A
64418;"MEINL B14TC Cymbal 14"" Thin Crash Byzance ქრეში";0;pending;A
64423;"Meinl CC14DAH Cymbal 14"" Hihat ჰაი-ჰეტი";0;pending;A
64425;"Meinl CC18DAC Cymbal 18""";0;pending;A
64432;"Meinl HCS18CH Cymbal 18"" China Meinl Hcs ჩაინა";0;pending;A
WGYY22;"Meinl WGYY22 22""/55cm  გონგი";0;pending;A
60130;Mahalo MPJ1CC Lap Top Cajon, Circle კახონი;0;pending;A
3063193;Tama Superstar Hyper-Drive დრამის კომპლექტი;0;pending;A
60143;Bromo BAR1HM historic natural აკუსტიკური გიტარა;0;pending;A
4250442833001;Hannabach 500MT Medium Tension კლასიკური გიტარის სიმები;0;pending;A
60152;Valencia VC263CSB 3/4 კლასიკური გიტარა;0;pending;A
252287;Hannabach Goldin Super Carbon Treble Set კლასიკური გიტარის ს;0;pending;A
64511;"Meinl HIB18BK Hanging Iron Bell 18""/45cm, Black ზარი";0;pending;A
64492;Meinl SB-U-1500 Singing Bowl Set Universal Series ტიბეტური თ;0;pending;A
60085;Mahalo MJ1VNA Ukulele უკულელე შალითით;0;pending;A
60091;MP1BK Pearl Series Soprano Ukulele  უკულელე შალითით;0;pending;A
60121;Mahalo MP1EBK Pearl Series MEQ2 Preamp უკულელე შალითით;0;pending;A
60129;Mahalo MPJ1BD Lap Top Cajon, Bird კახონი;0;pending;A
60138;Mahalo MA1PY soprano ukulele, python უკულელე;0;pending;A
60142;Bromo BAR1H აკუსტიკური გიტარა;0;pending;A
60161;Mahalo MD1HAGNB Soprano Ukulele უკულელე შალითით;0;pending;A
60164;Mahalo MKA17SK kalimba, 17 keys, skull კალიმბა;0;pending;A
RST5MOC;Ortega RST5MOC კლასიკური გიტარა;0;pending;A
536782;Yamaha YDP-165 WH Arius ციფრული პიანინო;0;pending;A
TB04186;Korg Krome Music Workstation სინთეზატორი;0;pending;A
TB04159;Digiton Electron Poliphonic Digital Synthesizer;0;pending;A
01433;AdamHall Stands SPADECO2 265 x 330 mm სტუდიური მონიტორის საი;0;pending;A
00628;AdamHall Stands Mic Stand S5BE მიკროფონის სადგამი,სტენდი;0;pending;A
TB04168;Used Audac COM108 გამაძლიერებელი;0;pending;A
R423751;Boss Cube-St2 Battery-Powered Stereo Amp გიტარის კომბი/გამაძ;0;pending;A
802919;Behringer GIC-150 - 1.5m Instrument Cable ინსტრუმენტის კაბელ;0;pending;A
01742;Behringer SX2442FX-EU ანალოგური აუდიო მიქსერი;0;pending;A
802916;Behringer MS16 სტუდიური მონიტორები;0;pending;A
02170;Behringer TD-3-AM-EU Synthesizers and Samplers;0;pending;A
4033653032278;Behringer TD-3-BK-EU Synthesizers and Samplers;0;pending;A
02174;Behringer TD-3-SR-EU Synthesizers and Samplers;0;pending;A
02164;Behringer MS-1-RD-EU სინთეზატორი;0;pending;A
Casio AP-270 BN Celviano;Casio AP-270 BN Celviano ციფრული პიანინო;0;pending;A
10-779;Yamaha NCX1-NT Cutaway ელ.კლასიკური გიტარა;0;pending;A
1ZA2552X0364638669;Epiphone Les Paul Special-I Limited-Edition El Guitar Worn C;0;pending;A
1Z8AF6170391391523;Used Gibson SG Special 2016 ელ. გიტარა;0;pending;A
1Z14V36V4210386373;Used Gibson SG Special Faded – Worn Cherry 2011 ელ. გიტარა;0;pending;A
XLRca-6m;EV XLR cable 6m კაბელი;0;pending;A
TB04189;Used LTD MH-100QMNT ელ.გიტარა;0;pending;A
60151;Valencia VC201TBU 1/4 Transparent Blue კლასიკური გიტარა;0;pending;A
VG500140;GEWA Classic guitar student  4/4 NATURE კლასიკური გიტარა;0;pending;A
60153;Valencia VC304CEL classical guitar, cutawy electric acoustic;0;pending;A
PA14MSG-WH;IBANEZ PICK PA14MSG-WH SAND GRIP 0.8mm მედიატორი;0;pending;A
PA16HSG-BK;IBANEZ PICK PA16HSG-BK SAND GRIP 1.0mm მედიატორი;0;pending;A
PA16HSG-WH;IBANEZ PICK PA16HSG-WH SAND GRIP 1.0mm მედიატორი;0;pending;A
PA16HSG-YE;IBANEZ PICK PA16HSG-YE SAND GRIP 1.0mm მედიატორი;0;pending;A
PA16MSG-WH;IBANEZ PICK PA16MSG-WH SAND GRIP 0.8mm მედიატორი;0;pending;A
PA16MSG-YE;IBANEZ PICK PA16MSG-YE SAND GRIP 0.8mm მედიატორი;0;pending;A
PA16XSG-DB;IBANEZ PICK PA16XSG-DB SAND GRIP 1.2mm მედიატორი;0;pending;A
PA16XSG-WH;IBANEZ PICK PA16XSG-WH SAND GRIP 1.2mm მედიატორი;0;pending;A
PA14MSG-BK;IBANEZ PICK PA14MSG-BK SAND GRIP 0.8mm მედიატორი;0;pending;A
PA16MRG-WH;IBANEZ PICK PA16MRG-WH RUBBER GRIP 0.8mm მედიატორი;0;pending;A
PA16XSG-YE;IBANEZ PICK PA16XSG-YE SAND GRIP 1.2mm მედიატორი;0;pending;A
GSF50-MGN;IBANEZ GSF50-MGN გიტარის ქამარი;0;pending;A
2370344;Ibanez DCS50-OC Designer Strap გიტარის ქამარი;0;pending;A
237211;IBANEZ IGB541-BE ელექტრო გიტარის შალითა;0;pending;A
IGB541-DB;IBANEZ IGB541-DB ელექტრო გიტარის შალითა;0;pending;A
IGB541-MGN;Ibanez IGB541-MGN ელექტრო გიტარის შალითა;0;pending;A
237210;IBANEZ POWERPAD ICB541-BR კლასიკური გიტარის შალითა;0;pending;A
IHB541-BK;IBANEZ IHB541-BK ელექტრო გიტარის შალითა;0;pending;A
ICB541D-BL;IBANEZ ICB541D-BL კლასიკური გიტარის შალითა;0;pending;A
IGB541TW;IBANEZ IGB541TW ელექტრო გიტარის შალითა;0;pending;A
IBB541TW;IBANEZ IBB541TW ბას გიტარის შალითა;0;pending;A
IGB651-GY;Ibanez IGB651-GY Gig Bag ელექტრო გიტარის შალითა;0;pending;A
2370201;IBANEZ IBZ10G V2 ელექტრო გიტარის კომბი,გამაძლიერებელი;0;pending;A
IAB724-CGY;IBANEZ IAB724-CGY აკუსტიკური გიტარის შალითა;0;pending;A
3063171;IBANEZ T15II აკუსტიკური გიტარის კომბი,გამაძლიერებელი;0;pending;A
GA3-OAM;IBANEZ GA3-OAM კლასიკური გიტარა;0;pending;A
3063175;IBANEZ V40-OPN აკუსტიკური გიტარა;0;pending;A
3063177;IBANEZ VC44-OPN აკუსტიკური გიტარა;0;pending;A
3063220;IBANEZ V44MINIE-OPN 3/4 ელ.აკუსტიკური გიტარა;0;pending;A
3063178;IBANEZ VC44CE-OPN ელექტრო აკუსტიკური გიტარა;0;pending;A
GA3ECE-OAM;Ibanez GA3ECE-OAM ელექტრო კლასიკური გიტარა;0;pending;A
VC40WSCE-OPB;Ibanez VC40WSCE-OPB ელ.აკუსტიკური გიტარა;0;pending;A
PJ50E-OAH;Ibanez PJ50E-OAH ელ.აკუსტიკური გიტარა;0;pending;A
237828;Ibanez GRX40-CA ელ.გიტარა;0;pending;A
3063172;Ibanez T30II Acoustic Combo აკუსტიკური გიტარის გამაძლიერებელ;0;pending;A
3063153;IBANEZ GRX70QA-SB ელ.გიტარა;0;pending;A
2370187;Ibanez GRX70QA-TKS ელ.გიტარა;0;pending;A
237489;Ibanez GRG131DX ელ.გიტარა;0;pending;A
GSRM20B-WNF;Ibanez GSRM20B-WNF ბას-გიტარა;0;pending;A
AAM50-OPN;IBANEZ AAM50-OPN აკუსტიკური გიტარა;0;pending;A
237318;IBANEZ PC12MHCE OPN ელ.აკუსტიკური გიტარა;0;pending;A
2370189;Ibanez GSA60 Black Night Electric Guitar ელ.გიტარა;0;pending;A
2370285;IBANEZ GSA60 Brown Sunburst Electric Guitar ელ.გიტარა;0;pending;A
2370190;Ibanez GSA60-WNF Electric Guitar ელ.გიტარა;0;pending;A
TB04196;USED MIX12FX 12-channel აუდიო მიქსერი;0;pending;A
603021;Thomann 12H Ocarina C3 Dark Blue Rivo ოკარინა;0;pending;A
332504;Harley Benton Custom Line CLA-15M აკუსტიკური გიტარა;0;pending;A
238781;Thomann Wind Gong 55 გონგი;0;pending;A
512876;Marcus Miller P5 Alder-4 MLG ბას-გიტარა;0;pending;A
446375;Marcus Miller V3 BK 2nd Gen ბას-გიტარა;0;pending;A
536924;Marcus Miller V3P-4 BKS ბას-გიტარა;0;pending;A
570231;Harley Benton SC-Custom III Purple Burst ელ.გიტარა;0;pending;A
536932;Marcus Miller V3P-4 SNB ბას-გიტარა;0;pending;A
446387;Marcus Miller M2 WHP 2nd Gen ბას-გიტარა;0;pending;A
00595;AdamHall Stands SPS023 დინამიკის სადგამი;0;pending;A
416998;Thomann KB-47BM პიანისტის სკამი;0;pending;A
375867;Thomann KB-15WNM  პიანისტის სკამი;0;pending;A
1ZAY26220471513394;Yamaha P-225 B ციფრული პიანინო;0;pending;A
TB04204;Used Behringer u-phoria umc404hd ინტერფეისი;0;pending;A
TB04205;Used Yamaha powered speaker system HS7 აქტიური სტუდიური მონი;0;pending;A
1Z4F433E0312660768;Used Pioneer DJ DDJ-REV1 DJ Controller დიჯეი კონტროლერი;0;pending;A
851632;Used Pioneer DDJ-200 DJ Controller დიჯეი კონტროლერი;0;pending;A
1ZA2552X0365073017;TASCAM TH-100X სტუდიური ყურსასმენები;0;pending;A
1ZA2552X0364981243-14;Rogue P22 Bulk 12-Pack .022 Plain Steel ელექტრო გიტარის სიმე;0;pending;A
1ZA2552X0364981243-15;Rogue P8 Bulk 12-Pack .008 Plain Steel ელექტრო გიტარის სიმებ;0;pending;A
1ZA2552X0364981243-18;Rogue W36 Single .036 Nickel ელექტრო გიტარის სიმი;0;pending;A
1ZA2552X0364981243-20;Rogue W38 Bulk 12-Pack .038 Nickel ელექტრო გიტარის სიმები;0;pending;A
1ZA2552X0364981243-21;Rogue W26 Bulk 12-Pack .026 Nickel ელექტრო გიტარის სიმები;0;pending;A
1ZA2552X0364981243-22;Rogue W24 Bulk 12-Pack .024 Nickel ელექტრო გიტარის სიმები;0;pending;A
757242491034;"Remo Vintage Emperor Drum Head 8""  დრამის პლასტიკი";0;pending;A
934814;AdamHall Cable K3MMF3000 XLR-m to XLR-f 30 m მიკროფონის კაბე;0;pending;A
934958;AdamHall Cable K4BVV0150 6.3 Stereo Jack to 6.3 Stereo Jack ;0;pending;A
12676;RCF Sub 8003-AS MK3 დაბალი სიხშირის დინამიკი;0;pending;A
140512531;Fender Player II Stratocaster ელ. გიტარა;0;pending;A
140512515;Fender Player II Stratocaster ელ. გიტარა;0;pending;A
140512545;Fender Player II Stratocaster ელ. გიტარა;0;pending;A
140510565;Fender Player II Stratocaster ელ. გიტარა;0;pending;A
140510515;Fender Player II Stratocaster  ელ.გიტარა;0;pending;A
140480565;Fender Player II Jazz Bass Birch Green ბას-გიტარა;0;pending;A
140482515;Fender Player II Jazz Bass Polar White ბას-გიტარა;0;pending;A
140480500;Fender Player II Jazz Bass 3-Color Sunburst ბას-გიტარა;0;pending;A
140540500;Fender Player II Stratocaster HSS 3-Color Sunburst ელ.გიტარა;0;pending;A
140540565;Fender Player II Stratocaster HSS Birch Green ელ.გიტარა;0;pending;A
140542561;Fender Player II Stratocaster HSS Hialeah Yellow ელ. გიტარა;0;pending;A
140512518;Fender Player II Stratocaster Aquatone Blue ელ. გიტარა;0;pending;A
019954984939;"EVANS Reso 7 B16RES7 16"" დრამის პლასტიკი";0;pending;A
TB04210;Used Ibanez RG Series RG7321 ელ.გიტარა;0;pending;A
TB04221;Used Denon DN-X300 დიჯეი აუდიო მიქსერი;0;pending;A
TB04218;Used Plexi Tone carl martin გიტარის ეფექტ-პედალი;0;pending;A
19954151263;D'Addario EXL165 XL ბას-გიტარის სიმები 45-105;0;pending;A
733132190270;Elixir Optiweb 19027 Custom Light ელექტრო გიტარის სიმები 9-4;0;pending;A
733132190775;Elixir Optiweb 19077 Light/Heavy ელექტრო გიტარის სიმები 10-5;0;pending;A
1ZA2552X0365590413-3;Remo Spring Drum Thunder Tube Stormy 7 x 2 in. ჭექა-ქუხილის ;0;pending;A
710137046368;Dunlop Heavy Core ელექტრო გიტარის სიმები 12-54;0;pending;A
1ZA2552X0365590413-17;Dunlop Nickel Plated ელექტრო გიტარის სიმები 11-50;0;pending;A
1ZA2552X0365590413-20;Everly Star Guitar Picks .88 mm მედიატორი;0;pending;A
1ZA2552X0365590413-21;Everly Star Guitar Picks 1.0 mm მედიატორი;0;pending;A
862826;Pyle Pro PDMICR42 SL Vintage Retro style დინამიური მიკროფონი;0;pending;A
TB04228;Used Alto Saxophone Jean Paul usa ალტ საქსაფონი;0;pending;A
00905;Behringer X32 COMPACT-EU Digital Mixer  ციფრული მიქსერი;0;pending;A
686960;ფანდური თუთა;0;pending;A
802914;Behringer BH470-BK სტუდიური ყურსასმენი;0;pending;A
418724;pro snake TPM მიკროფონის კაბელი 3m;0;pending;A
585457;Vox AmPlug 3 Bass ბას-გიტარის გამაძლიერებელი;0;pending;A
356706;Teenage Engineering PO-12 rhythm სემპლერი, დრამ სინთეზატორი;0;pending;A
591804;pro snake 70th Mic Cable 10m Neutrik XLR connector მიკროფონი;0;pending;A
434641;"Millenium 12"" True Stroke Practice Pad WH სავარჯიშო პადი";0;pending;A
238780;Thomann Wind Gong 50cm გონგი;0;pending;A
236040;Asian Sound SHG-L Chinese Opera Gong 21cm გონგი;0;pending;A
238778;Thomann Wind Gong 45cm გონგი;0;pending;A
238715;Thomann Wuhan Tam Tam 50cm გონგი;0;pending;A
749699108962;Ernie Ball 2856 Regular Slinky ბას-გიტარის სიმები 45-105;0;pending;A
733132120277;Elixir Nanoweb Custom Light აკუსტიკური გიტარის სიმები 11-52;0;pending;A
1Z731E7F0394113380;Used Gibson LPJ 2 Tone ელ. გიტარა;0;pending;A
TBA325281216526-1;ORKELS DJ Controller Case დიჯეი კონტროლერის ჩანთა;0;pending;A
TB04239;Used JOYO JBA35 ბას გიტარის გამაძლიერებელი,კომბი;0;pending;A
60094;Mahalo MR1WT Ukulele white, With bag უკულელე შალითით;0;pending;A
151035;Harley Benton Victory-BK Classic Series ელ.გიტარა;0;pending;A
180212;Millenium HH-902 Pro Series Hi-Hat Stand დრამის ნაწილი,ჰეთის;0;pending;A
576318;Millenium MPS-1000 Cymbal Stand დრამის თეფშის სადგამი;0;pending;A
TBA325318265777-1;Adjustable Guitar String Dampener გიტარის ხმის დამხშობი;0;pending;A
TBA325318265777-4;Jim Dunlop Jazz III Nylon Pick 1.38MM - Red მედიატორი;0;pending;A
60146;Bromo BAT4MC Natural ელ.აკუსტიკური გიტარა;0;pending;A
TB04244;NUX Stageman II AC-80 აკუსტიკური გიტარის კომბი, გამაძლიერებე;0;pending;A
TB04248;Used Ibanez AF55-TF El Guitar ელ. გიტარა;0;pending;A
1Z5XW2950337348453;Used BOSS CE5 Chorus Ensemble გიტარის ეფექტ-პედალი;0;pending;A
16507901274418;Smartdjlite Mirror Disco Ball 80cm დისკოს ბურთი;0;pending;A
SLXD24E/B58-G59;Shure SLXD24E/B58-G59 BETA58A MIC 470-514MHz უკაბელო მიკროფო;0;pending;A
823423;Boss Metal Core ML-2 Distortion გიტარის ეფექტ-პედალი;0;pending;A
940009;Boss SD-1 Super Overdrive გიტარის ეფექტ-პედალი;0;pending;A
939292;Boss OS-2 OverDrive/Distortion გიტარის ეფექტ-პედალი;0;pending;A
PS510198;GEWA PURE E-Acoustic classical Basicელ.კლასიკური გიტარა;0;pending;A
130010;GEWA Black High-gloss პიანინოს სკამი;0;pending;A
170950;Gewa Headphone Black Hp Six სტუდიური ყურსასმენი;0;pending;A
190125;GEWA Y-Cable Basic Line 3M 3,5 JACK ST/ 2X 6,3 JACK აუდიო კა;0;pending;A
190130;GEWA Y-Cable Basic Line 6M 3,5 JACK ST/ 2X 6,3 JACK აუდიო კა;0;pending;A
F540050;GEWA GUITAR STAND BLACK გიტარის სადგამი;0;pending;A
1ZA2552X0332573637-5;Dunlop Tortex T3 Sharp Tip გიტარის მედიატორი;0;pending;A
237802;Fender Squier Affinity Series Stratocaster HSS Pack ელ. გიტა;0;pending;A
3160016;Fender Squier Sonic Esquire H ელ.გიტარა;0;pending;A
237424;FENDER Affinity Series Telecaster Butterscotch Blonde ელ.გიტ;0;pending;A
0379630506;Squier by Fender Debut Collection Stratocaster HT HSS Black ;0;pending;A
0379700506;Fender Debut Collection Precision ელექტრო ბას-გიტარა;0;pending;A
3062937;Fender FA-135CE Concert Sunburst ელ.აკუსტიკური გიტარა;0;pending;A
3160089;Fender FA-135CE Concert Natural ელ.აკუსტიკური გიტარა;0;pending;A
237813;IBANEZ SR300E Cerulean Aura Burst ბას-გიტარა;0;pending;A
LHF01-BR;Cega Lyra (ლირა) 16 strings with case LHF01-BR [CLONE];0;pending;A
TB04294;Used Acoustic Guitar Case აკუსტიკური გიტარის ჩანთა;0;pending;A
829164-1;Hohner Hoodoo Blues Harmonica  C ჰარმონიკა;0;pending;A
1ZX558870394893448;Musician's Gear 49-Key კლავიშის ჩანთა;0;pending;A
252720;MFL 3-Pin XLR Cable Connectors – Nickel & Silver, Yellow კონ;0;pending;A
CC540071785DE-1;Harley Benton ST-Junior BK Standard Series ელ.გიტარა;0;pending;A
10-1363;Yamaha HS7I B სტუდიური მონიტორი;0;pending;A
60086;Mahalo MS1TBK Transparent Black Soprano Ukulele  უკულელე შალ;0;pending;A
60088;Mahalo MS1TBU Transparent Blue Soprano Ukulele უკულელე შალით;0;pending;A
ML1AB;Mahalo ML1AB Aqua Blue Soprano Ukulele უკულელე;0;pending;A
VC263;Valencia VC263 3/4 Antique Natural კლასიკური გიტარა;0;pending;A
VC714;Valencia VC714 Natural კლასიკური გიტარა;0;pending;A
60128;Valencia VC774TCE Natural ელ.კლასიკური გიტარა;0;pending;A
60148;Bromo BAT9MEBK Black ელ.აკუსტიკური გიტარა;0;pending;A
60116;Bromo BAA1 Dreadnought Natural აკუსტიკური გიტარა;0;pending;A
60117;Bromo BAA2 Natural აკუსტიკური გიტარა;0;pending;A
60118;Bromo BAA2CE Cutaway Natural ელ.აკუსტიკური გიტარა;0;pending;A
TB04303;Used Schecter Omen Elite 7-String ელ.გიტარა;0;pending;A
65211786-2;"Aquarian 14"" Texture Coated Power Dot დრამის პლასტიკი";0;pending;A
65211786-18;"Remo 14"" Diplomat Snare Side Head დრამის პლასტიკი";0;pending;A
65211786-25;"Remo Emperor 20"" SMT Clear Bass Drum Head დრამის პლასტიკი";0;pending;A
757242500743;"Remo Ambassador X Standard Drumhead 13"" AX-0113-00 დრამის პლ";0;pending;A
757242500736;"Remo Ambassador X Standard Drumhead 12"" AX-0112-00 დრამის პლ";0;pending;A
950762;Wool Felt Drum Mallets დრამის ჯოხები;0;pending;A
1ZA2552X0367465322;Epiphone Dove Studio Limited-Edition Alpine White ელ.აკუსტიკ;0;pending;A
MBS52RZS-MSL;Tama MBS52RZS-MSL StarClassic Performer Molten Steel Blue Bu;0;pending;A
WBR42S-ROY;Tama WBR42S-ROY Starclassic Wulnut/Birch Red Oyster დრამის კ;0;pending;A
3063082;Tama HC43BSN Cymbal Boom Stand თეფშის სადგამი;0;pending;A
237311;Tama HH205 ჰაი-ჰეტის სადგამი;0;pending;A
3063069;Tama IPS145-BRM HW Chrome Tom - ბარაბანი;0;pending;A
TB04310;Used Jet JS-400 El Guitar ელ.გიტარა;0;pending;A
3063081;Tama HC42SN Cymbal Stand თეფშის სადგამი;0;pending;A
3063083;Tama HS40SN Snare Stand სნეარის სადგამი;0;pending;A
HT130;Tama HT130 Drum Throne დრამის სკამი;0;pending;A
3063257;Tama HS40WN Stage Master სნეარის სადგამი;0;pending;A
BST1055MBK;Tama BST1055 10x5.5 Metalworks w/tom bracket სნეარი;0;pending;A
3063076;Tama WP1465BK BOW Woodwork 6.5X14 Black Oak Wrap სნეარი;0;pending;A
3063274;Tama BST1465BK Metalworks Matte black, 6.5X14 სნეარი;0;pending;A
HH915D;Tama HH915D Speed Cobra ჰაი-ჰეტის სადგამი;0;pending;A
1Z80V1200392079941;"Evans EQ4 Batter Head Clear 22"" ბას–დრამის მემბრანა,პლასტიკი";0;pending;A
TB04318;ფანდური (თელა);0;pending;A
TB04327;Used Squier Affinity Stratocaster Sunburst ელ.გიტარა;0;pending;A
60089;Mahalo MS1TRD Soprano Ukulele Transparent Red უკულელე შალითი;0;pending;A
60120;Mahalo ML1SG Soprano Ukulele Sea Green უკულელე შალითით;0;pending;A
TB04330;Used VOX Looper LOOP1 ეფექტ-პედალი;0;pending;A
TB04331;Used Mitchell MD150 Black Solid Body ელ. გიტარა;0;pending;A
TB04332;Used JOYO Vintage Phase ელ.გიტარის ეფექტ-პედალი;0;pending;A
CGM-20-N;Smiger Classical Guitar CGM-20-N კლასიკური გიტარა;0;pending;A
GN-30J;Smiger GN-30J აკუსტიკური გიტარა;0;pending;A
G-B1-4-BTS;Smiger Bass Guitar ბას-გიტარა;0;pending;A
G-B1-4-MBL;Smiger Bass Guitar ბას-გიტარა;0;pending;A
L-G1MR-BK;Smiger Stratocaster ელ. გიტარა;0;pending;A
L-G1MR-WH;Smiger Stratocaster ელ. გიტარა;0;pending;A
L-G2-PRO-3TS;Smiger Stratocaster ელ. გიტარა;0;pending;A
PK-Z10;PK-Z10 Guitar picks box მედიატორის ჩასადები;0;pending;A
PP-B02-GD;Classical Guitar Tuning Machine Head-Golden სიმების მომჭერი;0;pending;A
179369;D'Addario  EZ890 85/15 Bronze აკუსტიკური გიტარის სიმები;0;pending;A
295656;Epiphone J-200 EC Studio Black ელექტრო აკუსტიკური გიტარა;0;pending;A
294097;Epiphone J-200 EC Studio Vintage Sunburst ელექტრო აკუსტიკური;0;pending;A
509220;Harley Benton Valuestrings Singles 6x0.10 გიტარის სიმები;0;pending;A
509218;Harley Benton Valuestrings Singles 6x009 გიტარის სიმები;0;pending;A
514332;Harley Benton High Quality Strings Single 6x011 გიტარის სიმე;0;pending;A
514336;Harley Benton High Quality Strings Single 6 x 012 გიტარის სი;0;pending;A
170496;Daddario EXL165TP ელექტრო ბას-გიტარის სიმები;0;pending;A
514277;Harley Benton HQS Bass-5 Flatwound ელექტრო ბას-გიტარის სიმებ;0;pending;A
514274;Harley Benton HQS Bass Flatwound ელექტრო ბას-გიტარის სიმები ;0;pending;A
422293;Warwick Acoustic Bass Strings 4-String აკუსტიკური ბას გიტარი;0;pending;A
265101;Millenium KS-3000 S კლავიშის ორმაგი სადგამი;0;pending;A
292481;the sssnake MC 24/8 Multicore 32 Channel multicore მულტიკორ ;0;pending;A
277710;"Zultan 08"" Aja Splash დრამის თეფში - სფლეში";0;pending;A
514271;Harley Benton HQS Bass-6 ბას-გიტარის სიმები 30-128;0;pending;A
147899;Vandoren V16 Tenor Saxophone 2.0 ტენორ საქსაფონის ტროსტი;0;pending;A
514263;Harley Benton HQS Bass-5 ბას-გიტარის სიმები 45-130;0;pending;A
488725;Epiphone SG Special P-90 Faded Pelham Blue ელ.გიტარა;0;pending;A
622616;Valeton GP-5 გიტარის ეფექტ-პედალი;0;pending;A
630998;Epiphone SG Tribute Plus Vintage Sunburst ელ.გიტარა;0;pending;A
510835;"Millenium Focus 12""x9"" Tom ტომ დრამი";0;pending;A
510817;"Millenium Focus 10""x8"" Tom ტომ დრამი";0;pending;A
523536;Harley Benton JB-62 CC OW ბას-გიტარა;0;pending;A
445910;Marcus Miller V7 Alder-4 AWH 2nd Gen ბას-გიტარა;0;pending;A
560053;Applause Jump Slope Shoulder Peach აკუსტიკური გიტარა;0;pending;A
560055;Applause Jump Slope Shoulder Peach აკუსტიკური გიტარა;0;pending;A
529206;Sela SE 254 Kalimba Little Monster კალიმბა;0;pending;A
603329;Thomann Cajon Adjustable Snare Cobalt კახონი;0;pending;A
398225;Harley Benton HB JA-60 OW ელ.გიტარა;0;pending;A
631315;Epiphone SG Tribute Plus Ebony Burst ელ.გიტარა;0;pending;A
153578;Harley Benton ST-20 SB Standard Series ელ.გიტარა;0;pending;A
TB04335;Used Wolfgang EVH Standard ელ. გიტარა;0;pending;A
TB04338;Used Neuron Gain Intelligence გიტარის ეფექტ-პედალი;0;pending;A
TB04341;Used Jackson JS Series Monarkh SC JS22 Black ელ.გიტარა;0;pending;A
1Z14V36V0326886493;Used BOSS ME-8B Bass Multi-Effects Pedal System For Bass ბას;0;pending;A
1Z8A404F0323743175;Used Xotic SP Compressor გიტარის ეფექტ-პედალი;0;pending;A
628261;Used Battalion electro-harmonix bass preamp & DI ეფექტ-პედალ;0;pending;A
329356;Tc Electronic Ditto X2 Looper გიტარის ეფექტ-პედალი;0;pending;A
469683;Harley Benton TUBE15 Celestion გიტარის კომბი,გამაძლიერებელი;0;pending;A
TB04342;Used Morley Bad Horsie2 Contour Wah გიტარის ეფექტ-პედალი;0;pending;A
TB04344;Used Mooer MPW1 (Micro Power) 8 Ports Isolated Power Supply ;0;pending;A
TB04343;"მთის ბროლის მომღერალი თასი ""11"" 256 Hz-C4 <432>";0;pending;A
TB04345;"მთის ბროლის მომღერალი თასი ""8"" 298 Hz-D4 <442>";0;pending;A
665895103238;Kirlin GOB CS-6 CT-3 24AWG IW-241BCG 3M ინსტრუმენტის კაბელი;0;pending;A
665895103474;Kirlin GOB CS-6 CT-3 24AWG IW-242BCG 3M ინსტურმენტის კაბელი;0;pending;A
237703;FENDER CD-60S Dreadnough Black აკუსტიკური გიტარა;0;pending;A
3160234;Fender CD-60 Dreadnought V3 w/Case აკუსტიკური გიტარა;0;pending;A
0239979007;Fender Original Tuner ტუნერი;0;pending;A
362633;Harley Benton SC-500 BK Vintage Series ელ.გიტარა;0;pending;A
TB04347;Used SDGR by Ibanez ბას-გიტარა;0;pending;A
TB04349;Used Behringer DD400 Digital Delay გიტარის ეფექტ-პედალი;0;pending;A
CL50RS-TPB;TAMA CL50RS-TPB Superstar HW Finish - Chrome აკუსტიკური დრამ;0;pending;A
935032;Native-instruments Traktor MX2 Creative 2-channel დიჯეი კონტ;0;pending;A
TB04357;Used JOYO JBA10 ბას გიტარის კომბი,გამაძლიერებელი;0;pending;A
TB04358;Used Ibanez GIO GRG120EX WH ელ.გიტარა;0;pending;A
897980-2;Used AMMOON Noise Gate Nano Series Pedal გიტარის ეფექტ-პედალ;0;pending;A
TB04362;Used Rowin Guitar Equalize გიტარის ეფექტ-პედალი;0;pending;A
TB04367;TC Electronic Bodyrez Acoustic Pickup Enhancer გიტარის ეფექტ;0;pending;A
003279;Joyo R-12 Band Controller EQ გიტარის ეფექტ-პედალი;0;pending;A
TB04372;Used Biyang Rv-10 გიტარის ეფექტ-პედალი;0;pending;A
882518;Ampeg Scrambler Bass Overdrive Pedal ბასის ეფექტ-პედალი;0;pending;A
TB04375;DigiTech Polara Pedal გიტარის ეფექტ-პედალი;0;pending;A
TB04376;Used Keeley Compressor Plus გიტარის ეფექტ-პედალი;0;pending;A
TB04378;Used Ibanez AEB10EDVS1202 აკუსტიკური ბას-გიტარა;0;pending;A
237795;FENDER Classic Vibe '60s Mustang Olympic White ბას-გიტარა;0;pending;A
0379700554;Squier by Fender Debut Collection Precision Bass Dakota Red ;0;pending;A
CDT1204;Djembe CDT1204 ჯემბე;0;pending;A
446386;Marcus Miller M2 TBK 2nd Gen ბას-გიტარა;0;pending;A
TB04384;Used Morley Power Wah Volume pedal გიტარის ეფექტ-პედალი;0;pending;A
TB04388;Used Jumbo Case აკუსტიკური გიტარის მყარი ქეისი;0;pending;A
497871;Blackstar Debut 15E 15W გიტარის კომბი;0;pending;A
935060;Bugera V22 INFINIUM გიტარის ლამპური გამაძლიერებელი;0;pending;A
935043;Bugera 333XL Infinium გიტარის ლამპური გამაძლიერებელი;0;pending;A
00745;Shure BLX288E/SM58-K3E უკაბელო მიკროფონის სისტემა;0;pending;A
934903;TC Electronic The Prophet Digital Delay გიტარის ეფექტ-პედალი;0;pending;A
TB04395;Tonos Style Violin 4/4 ვიოლინო;0;pending;A
TB04397;Electric Violin 4\4 ელექტრო ვიოლინო;0;pending;A
TB04398;Used PDP Drum Set All-Maple X7 Series დრამის კომპლექტი;0;pending;A
TB04399;Used DW 3000 Series Single Bass Pedal დრამის პედალი;0;pending;A
TB04401;DW Drum Stool დრამის სკამი;0;pending;A
10-1646;Yamaha YRS-20 GB ბლოკ-ფლეიტა;0;pending;A
10-1647;Yamaha YRS-20 GG ბლოკ-ფლეიტა;0;pending;A
10-1650;Yamaha NTX1NT NAT ელ.კლასიკური გიტარა;0;pending;A
10-1640;Yamaha PSR-E473 სინთეზატორი;0;pending;A
10-1643;Yamaha YRS-23 ბლოკ-ფლეიტა;0;pending;A
10-1644;Yamaha YRS-20 BB ბლოკ-ფლეიტა;0;pending;A
10-1658;Yamaha C40M კლასიკური გიტარა;0;pending;A
TB04411;Used Harley Benton R-458BK 8-String ელ.გიტარა;0;pending;A
536825;Marcus Miller V5R Alder-5 ბას-გიტარა;0;pending;A
597998;Stylophone Theremin Portable სინთეზატორი;0;pending;A
445940;Marcus Miller V7 Alder-4 Fretless Bass ბას-გიტარა;0;pending;A
483590;Markbass Groove NPS 4 ბას გიტარის სიმები 45-105;0;pending;A
513932;Cort B4 Element Open Pore Black ბას-გიტარა;0;pending;A
379681;Teenage Engineering PO-20 arcade სემპლერი, დრამ სინთეზატორი;0;pending;A
596980;"Blackstar Combo 100R 1x12"" Beige გიტარის გამაძლირებელი";0;pending;A
TB04416;Used PRS SE Series Gig Bag გიტარის ჩანთა;0;pending;A
3062901;Ibanez ICB540 BK კლასიკური გიტარის ჩანთა;0;pending;A
3160034;Fender FA-345CE ელ.აკუსტიკური გიტარა;0;pending;A
11532;Markbass Standard 104 HR კაბინეტი;0;pending;A
13333;Markbass CMD 102 P V ბას-გიტარის გამაძლიერებელი;0;pending;A
11529;Markbass Little Mark Tube 800 გამაძლიერებელი;0;pending;A
02387;M-Audio Oxygen Pro 61 MIDI-კლავიატურა;0;pending;A
NOVFLK49MK1;Novation FLkey 49 MIDI-კლავიატურა;0;pending;A
NOVFLK61MK1;Novation FLkey 61 MIDI-კლავიატურა;0;pending;A
1ZE4685R0393790050;Used AlphaTheta DDJ-FLX2 DJ Controller;0;pending;A
TB04427;Used Ibanez AZ24S1F-VLS ელ.გიტარა;0;pending;A
TB04428;Used J.Michael Alto Saxophone ალტ-საქსაფონი;0;pending;A
TB04429;Used  Joyo MA-10E გიტარის გამაძლირებელი;0;pending;A
TB04431;Plexi Sound Mini Headphone Amp გიტარის გამაძლირებელი;0;pending;A
R425991;BOSS VE-22 Vocal Performer ვოკალის პროცესორი;0;pending;A
TB04441;Fender Squier Sonic Stratocaster HSS ელ.გიტარა;0;pending;A
TB04439;Used Chord CG-2 Guitar Amplifier გიტარის ხმის გამაძლიერებელი;0;pending;A
TB04445;Marshall Code 50 გიტარის გამაძლიერებელი;0;pending;A
1Z106F8F0315977313;Gibson Long Scale Brite Wire Ultra Light ბას-გიტარის სიმები ;0;pending;A
094582;Samson S-amp Stereo Headphone Amp Amplifier;0;pending;A
526054;IK Multimedia iRig Stream Pro აუდიო ინტერფეისი;0;pending;A
TB04454;Used AMC IMX63 Preamplifier;0;pending;A
TB04455;Used Tc.Helicon Voice Works;0;pending;A
VG500160;GEWA E-Acoustic Student 4/4 nature with preamp ელ. აკუსტიკურ;0;pending;A
530800;Gewa Guitar Strap Nylon გიტარის ქამარი;0;pending;A
PS510390;Gewa Pure BasicPlus ელ. კლასიკური გიტარა;0;pending;A
TB04462;Used Harley Benton Victory Active SBK ელ.გიტარა;0;pending;A
237216;Ibanez PF15ECE NT ელ.აკუსტიკური გიტარა;0;pending;A
1Z3V913E0390130343;Godin Metropolis CW Natural ელ.აკუსტიკური გიტარა;0;pending;A
RP8G5-EU;"KRK Rokit 8"" Generation Five სტუდიური მონიტორი";0;pending;A
TB04471;Arturia MicroFreak სინთეზატორი;0;pending;A
TB04472;Used NUX DM-1X ციფრული დრამი;0;pending;A
TB04473;Used Hartke Bass Attack 2 გიტარის ეფექტ-პედალი;0;pending;A
237232;Ibanez GRG170DX-BKN ელ.გიტარა;0;pending;A
802913;Behringer QX2222USB აუდიო მიქსერი;0;pending;A
TB04490;Used Ibanez Gio GRX20-CA ელ. გიტარა;0;pending;A
TB04493;Used Alhambra 3c classic guitar კლასიკური გიტარა;0;pending;A
TB04496;Silos Multi-Generational Time Reflection Delay გიტარის ეფექტ;0;pending;A
13249;Audes SOU0140 ციფრული პიანინოს სადგამი;0;pending;A
13259;MM-10P-R Soundsation მეტრონომი;0;pending;A
TB04499;Used Cort CM30R BL გიტარის გამაძლიერებელი;0;pending;A
NITROULTIMTKITXEUK;ALESIS Nitro Ultimate Drum Kit ელექტრო დრამის კომპლექტი;0;pending;A
TB04500;Focusrite Scarlett OctoPre Preamplifier;0;pending;A
11018;Orange Crush-12 გიტარის გამაძლიერებელი;0;pending;A
TB04502;Used VOX StompLab 2B გიტარის პროცესორი;0;pending;A
614606;Cort Essence GA4 Natural ელ.აკსუტიკური გიტარა;0;pending;A
208939;Millenium Pro Series DT-902 დრამის სკამი;0;pending;A
596981;Blackstar Combo 100R Debut Beige გიტარის გამაძლიერებელი;0;pending;A
590796;Nux Mighty 8BT MKII გიტარის გამაძლიერებელი;0;pending;A
350399;Blackstar FLY 3 Mini Amp BK გიტარის გამაძლირებელი;0;pending;A
358602;Thomann Tibetan Singing Bowl No5, 1500g ტიბეტური თასი;0;pending;A
526188;Millenium NonaPad ციფრული პერკუსიის პადი;0;pending;A
451977;Harley Benton DB02-SB ელექტრო კონტრაბასი;0;pending;A
607537;Vox AmPlug 3 Modern Bass ბას-გიტარის გამაძლიერებელი;0;pending;A
512777;Hughes & Kettner Spirit AmpMan Classic Pedal-Amp გიტარის გამ;0;pending;A
934810;Gravity GKSAKS01B კლავიშის სადგამი;0;pending;A
TB04504;Used Ibanez IBZ10GV2 გიტარის გამაძლიერებელი;0;pending;A
TB04507;Used Fender Frontman 20G გიტარის გამაძლიერებელი;0;pending;A
019954929589;D'Addario RNN-3T Pro-Arte კლასიკური გიტარის სიმები;0;pending;A
019954953270;D'Addario EJ83M აკუსტიკური/Gypsy გიტარის სიმები 11-45;0;pending;A
TB04512;Used Vox Valvetronix VT40+ გიტარის გამაძლიერებელი;0;pending;A
MV7+-K;Shure MV7+-K დინამიური მიკროფონი;0;pending;A
TB04523;Used Mitchell MB200 ბას-გიტარა;0;pending;A
EC-309CSB;Grape EC-309C-SB Classical Guitar კლასიკური გიტარა;0;pending;A
8698546100494;Pitbull SCG NT  (Normal Tension) Classical Guitar Strings სი;0;pending;A
8698546100166;Pitbull GAG Extra Light აკუსტიკური გიტარის სიმები 11-52;0;pending;A
8698546100050;Pitbull VCG NT (Normal Tension) კლასიკური გიტარის სიმები;0;pending;A
8698546100845;Pitbull CCG Normal Tension კლასიკური გიტარის სიმები;0;pending;A
8684325360159;Pitbull CEG Light ელექტრო გიტარის სიმები 10-46;0;pending;A
8684325360365;Pitbull Guitar Strap გიტარის ქამარი;0;pending;A
TB04533;Used Aria ელექტრო გიტარა;0;pending;A
TB04535;Used Ibaznez RG370DX ელ.გიტარა;0;pending;A
6399;JET JS-300 BGD SSS ელ.გიტარა;0;pending;A
422811;Boss Acs-Livelt Compact Acoustic Amp აკუსტიკური გიტარის კომბ;0;pending;A
TB04541;Used Harley Benton PJ-4 HTR Delux Series ბას-გიტარა;0;pending;A
94203;Casio CT-X3000C2 61-Key სინთეზატორი;0;pending;A
TB04550;Used Focusrite Scarlett Solo 3rd gen ხმის ბარათი/ინტერფეისი;0;pending;A
502455;Kawai ES-920 W 88-Key ციფრული პიანინო;0;pending;A
431R114;Dunlop Guitar Picks Tortex Tri (Triangle) 1.14mm მედიატორი;0;pending;A
478R114;Dunlop Guitar Picks  Tortex White Jazz III Size 1.14mm მედია;0;pending;A
MSC10Pro-GR;Mooer MSC10 Pro Surf Green ელ.გიტარა;0;pending;A
MSC10Pro-BK;Mooer MSC10 Pro Black ელ.გიტარა;0;pending;A
MSC10Pro-DS;Mooer MSC10 Pro Dark Silver ელ.გიტარა;0;pending;A
MSC11Pro-PWH;Mooer MSC11 Pro Polar White ელ.გიტარა;0;pending;A
MSC11Pro-BK;Mooer MSC11 Pro Black ელ.გიტარა;0;pending;A
MSC40-BL;Mooer MSC40 Pro Dreamy Blue ელ.გიტარა;0;pending;A
MSC50Pro-PurPle;Mooer MSC50 Pro Magic Crystal ელ.გიტარა;0;pending;A
MMT100-GR;Mooer MMT100 FR Aurora Green ელ.გიტარა;0;pending;A
M800PWH;Mooer Modern M800 Pearl White ჭკვიანი ელ.გიტარა;0;pending;A
M810-NB;Mooer GTRS Modern 810 Natural Burst ჭკვიანი ელ.გიტარა;0;pending;A
SD10i-GR;Mooer SD10i Gray გიტარის კომბი;0;pending;A
F15iLi-BK;Mooer F15i Li Phantom Black გიტარის კომბი;0;pending;A
F15iLi-WH;Mooer F15i Li Snow White გიტარის კომბი;0;pending;A
F40i-BK;Mooer F40i Phantom Black გიტარის კომბი;0;pending;A
F40i-WH;Mooer F40i Snowfall White გიტარის კომბი;0;pending;A
F40i-GD;Mooer F40i Imperial Gold გიტარის კომბი;0;pending;A
F40iLi-BK;Mooer F40i Li Phantom Black გიტარის კომბი;0;pending;A
F40iLi-GD;Mooer F40i Li Imperial Gold გიტარის კომბი;0;pending;A
F40iLi-WH;Mooer F40i Li Snowfall White გიტარის კომბი;0;pending;A
496870;Used CoolMusic Echolation Delay გიტარის ეფექტ-პედალი;0;pending;A
TB04551;Used DW Cymbal stand დრამის თეფშის სადგამი;0;pending;A
237166;Fender CD-60S Dreadnought Natural აკუსტიკური გიტარა;0;pending;A
237552;Fender Classic Vibe '70s Jaguar Black ელ.გიტარა;0;pending;A
3062989;"Fender Pasadena Woven Strap Red Snowflake 2"" გიტარის ქამარი";0;pending;A
3160023;Fender Squier Sonic Precision California Blue ბას-გიტარა;0;pending;A
237530;JACKSON JS Series Dinky JS22 DKA ელ.გიტარა;0;pending;A
2370334;Jackson JS Series Dinky JS24 DKAM ელ.გიტარა;0;pending;A
2910224503;Jackson JS Series King V JS32 ელ.გიტარა;0;pending;A
0974200521;Fender California Standard Redondo Natural აკუსტიკური გიტარა;0;pending;A
TB04556;Used Behringer X1222USB-EU ანალოგური მიქსერი;0;pending;A
177010;Harley Benton TE-40 TBK Deluxe Series ელ.გიტარა;0;pending;A
455849;Harley Benton S-620 TB Rock Series ელ.გიტარა;0;pending;A
570111;Thomann Stage Piano Bag M Black კლავიშის ჩანთა;0;pending;A
645164;Alto Professional ZMX122FX ანალოგური მიქსერი;0;pending;A
TB04567;Used CROWN 135MA Mixer Amplifier მიქსერის გამაძლიერებელი;0;pending;A
504900;Recording King RP-G6-CFE5 ელ.აკუსტიკური გიტარა;0;pending;A
541408;Cort G110 Open Pore Black Cherry ელ.გიტარა;0;pending;A
327174;Hohner Superforce 37-Key Melodica Black მელოდიკა;0;pending;A
165297;Harley Benton CG300CE NT კლასიკური გიტარა;0;pending;A
586019;Stylophone Beat Mini Drum Machine სტილოფონი;0;pending;A
544426;Gotoh 510T-FE2 Tremolo C გიტარის ხიდი,ტრემოლო სისტემა;0;pending;A
376596;Harley Benton CST-24T Black Cherry Flame ელ.გიტარა;0;pending;A
477539;Varytec Hero Spot 230 სასცენო განათება;0;pending;A
523539;Harley Benton JB-62CC BK ბას-გიტარა;0;pending;A
408647;Harley Benton HBO-850 Blue ელ.აკუსტიკური გიტარა;0;pending;A
489768;Thomann Keyboard Bag 11 კლავიშის ჩანთა;0;pending;A
373355;Hohner Rocket-Amp D major ჰარმონიკა;0;pending;A
4047371126164;Harley Benton HQS Bass ბას-გიტარის სიმები 45-105;0;pending;A
RCLS4F-G-000-0;REAN RCLS4F-G-000-0 Loudspeaker speakON კონექტორი;0;pending;A
TB04570;Used Invasion ელ.გიტარა;0;pending;A
TB04571;Used JET JS-400 LPB HSS Placid Blue ელ.გიტარა;0;pending;A
TB04572;Used ფანდური;0;pending;A
TB04573;Used ფანდური;0;pending;A
TB04592;Used Thomann SP-320 ციფრული პიანინო;0;pending;A
8697755750209;"Istanbul Agop Sultan Cymbal Set (14""/16""/20"") დრამის თეფშები";0;pending;A
03121;"Behringer B115MP3 1000W 15"" აქტიური მაღალი სიხშირის დინამიკი";0;pending;A
MPCSAMPLE;AKAI MPC SAMPLE - სემპლერი;0;pending;A
R424302;Roland RP107-BKX 88-Key ციფრული პიანინო;0;pending;A
R424061;Roland E-X50 სინთეზატორი;0;pending;A
821751;Gewa Brushes Steel Extendable დრამის ჯაგრისი;0;pending;A
GI804510;Gibraltar 5000 Series 5709 Medium Weight თეფშის სადგამი;0;pending;A
TB04610;Used Ibanez IBZ10A აკუსტიკური გიტარის კომბი;0;pending;A
TB04614;Used Zoom MultiStomp MS-50G გიტარის პროცესორი;0;pending;A
TB04619;Used Caline CP-36 “Big Dipper” Pitch Shifter გიტარის ეფექტ-პ;0;pending;A
942231;Casio LK-S250C2 სინთეზატორი ადაპტერით;0;pending;A
TB04622;Used YAMAHA GL1 Guitalele;0;pending;A
1ZAY26220440816651;Millenium RT6810 როტო-ტომი;0;pending;A
TB04627;Used NUX NPK-20 88-Key ციფრული პიანინო;0;pending;A
TB04629;Used Harley Benton HB-35 ელ.გიტარა;0;pending;A
563336;Meinl Studiomix Shaker Medium შეიქერი;0;pending;A
351782;Harley Benton HBV 990BK ელექტრო ვიოლინო;0;pending;A
139024;Harley Benton PJ-4 HTR Deluxe Series ბას-გიტარა;0;pending;A
513909;Cort B5 Element Open Pore Natural ბას-გიტარა;0;pending;A
615163;Beyerdynamic DT 72 IE ყურის მონიტორი;0;pending;A
620203;Korg B2+ White ციფრული პიანინო;0;pending;A
934902;TC Electronic Cinders Overdrive Pedal გიტარის ეფექტ-პედალი;0;pending;A
00979;Behringer S32-EU - I/O Interface Mixer სთეიჯ ბოქსი;0;pending;A
RP7G5-EU;KRK Rokit 7 Generation 5 სტუდიური მონიტორი;0;pending;A
TB04642;Used Saranda classical guitar კლასიკური გიტარა;0;pending;A
TB04645;Used Epiphone Les Paul 100 Cherry Sunburst ელ.გიტარა;0;pending;A
TB04646;Used Line6 POD Go გიტარის პროცესორი;0;pending;A
TB04667;Used Yamaha Pacifica ელ.გიტარა;0;pending;A
TB04669;Used Pioneer 2-channel DDJ-FLX4 დიჯეი კონტროლერი;0;pending;A
4250442833506;Hannabach 500 High Tension კლასიკური გიტარის სიმები;0;pending;A
698502500076;Savarez 500CJ High Tension კლასიკური გიტარის სიმები;0;pending;A
548346;Roadworx Monitor Speaker Stand Table სტუდიური მონიტორის სადგ;0;pending;A
546320;Harley Benton PJ-4 SBK Deluxe Series ბას-გიტარა;0;pending;A
TB04678;Used Epiphone Special Model Dark Red ელ.გიტარა;0;pending;A
641970;PreSonus M7 MKII კონდენსატორული მიკროფონი;1;pending;D
787257;Fender Japan ST-45 Stratocaster Electric Guitar Made in Japa;0;pending;D
10929;"DB Technologies Opera 1200W 15"" Active Speaker აქტიური მაღალ";0;pending;D
135271;PreSonus M7 Cardioid Condenser Microphone With Cable კაბელია;0;pending;D
6943206791805;Mooer MDV1 (EchoVerb) გიტარის ეფექტ/პედალი;0;pending;D
6943206792178;Mooer M008 (CAli-MK3) გიტარის ეფექტ/პედალი;0;pending;D
CPT1R;Mooer CPT1 (Red Truck) Combined Effects Pedal კომბინირებული ;0;pending;D
P800DS;GTRS P800 (Professional 800 Dark Silver) ელექტრო გიტარა;0;pending;D
S801P;GTRS S801(Standard 801 Pink) ელ. გიტარა;1;pending;D
S801GR;GTRS S801 (Standard 801 Green) ელექტრო გიტარა;1;pending;D
S800G;S800 GTRS (Standard 800 Gold) ჭკვიანი ელექტრო გიტარა;0;pending;D
6971889222156;Mooer M729 (Harmony X2) Guitar Effect Pedal გიტარის ეფექტ პე;0;pending;D
IP-242BC-6;kirlin 6M IP-242BC BK ინსტრუმენტის კაბელი;0;pending;D
4018097301005;Pyramid 009-042 Acoustic Silver Plated WoundSuper Light;1;pending;D
1ZV7407F0327666735;Schecter Guitar Research C1 Standard Vintage Sunburst Solid ;0;pending;D
773939;Schecter 2004 Diamond Series C-4 Quilt Top Bass Guitar ბას გ;0;pending;D
1Z0EY7340399867954;Epiphone Les Paul Traditional Pro IV Satin Black Solid Body ;0;pending;D
1Z6129EX0399834256;Schecter Guitar Research C-1 Sgr Black Solid Body Electric G;0;pending;D
816654004529;KRK RP8 RoKit Classic სტუდიური მონიტორი;0;pending;D
AS-4C;Yamaha Alto Sax Mouthpiece 4C ალტო-საქსაფონის მუშტუკი;0;pending;D
816654000125;KRK RP7 RoKit Classic სტუდიური მონიტორი;0;pending;D
480744-951130;Casio LK-S250 synthesizer სინთეზატორი;0;pending;D
GP-C40CSB;Grape GP-C40CSB Classical Sunburst 39'' Cutaway კალასიკური გ;2;pending;D
1Z4R33580309164070;Schecter Guitar Research Omen 6 Ocean Blue Burst Solid Body ;0;pending;D
1ZV3X2900336721537;Schecter Diamond Series Spit Fire 6 Black Electric Guitar ელ;0;pending;D
60029;Valencia VC264HCSB Classical Guitar კლასიკური გიტარა;0;pending;D
1ZX052670331612425;Schecter Guitar Research C-1 SGR Candy Apple Red Solid Body ;0;pending;D
1Z3F16V40396876755;Schecter Guitar Research C1 Plus Red Solid Body Electric Gui;0;pending;D
1Z095E6W0398089907;Schecter Guitar Research C-6 Deluxe Metallic Blue Solid Body;0;pending;D
CC548480579DE;Millenium SR-2008 თარო;0;pending;D
CC548480517DE-2;Harley Benton HBV 990SKL 4/4 Electric Violin ელექტრო ვიოლინო;0;pending;D
CC547808669DE-3;Evans EQPC2 Bassdrum Head Protection დრამის დამცავი სტიკერი;0;pending;D
GBSG;Gibson Electric Guitar ელექტრო გიტარა;0;pending;D
CC548212833DE-1;The T.Bone BD 300 Dynamic Bass Drum Microphone დინამიური დრა;0;pending;D
1Z0188FR0397970061;Epiphone Les Paul Standard 2 Tone Tobacco Sunburst Solid Bod;0;pending;D
1ZAY26220472644714;Cort C5 Deluxe Black Bass Guitar ბას გიტარა;0;pending;D
1ZAY26220472644796;Harley Benton HBO-850 Acoustic Bass Black აკუსტიკური ბას გიტ;0;pending;D
237876;Affinity Series Precision Bass PJ Pack ბას გიტარის კომპლექტი;2;pending;D
1ZAY26220472644723-2;Harley Benton JB-62CC LPB Bass Guitar ბას გიტარა;0;pending;D
1ZAY26220472644741-2;Harley Benton PJ-5 SBK Deluxe ბას გიტარა;0;pending;D
506998;Harley Benton PB-20LH SBK Bass Guitar ბას გიტარა ცაცია;0;pending;D
8697755713013;Istanbul Agop 14″ Turk Hi-Hats ჰაიჰეტი;1;pending;D
CC548479920DE-5;Harley Benton Double Agent Guitar Effect Pedal გიტარის ეფექტ;0;pending;D
CC547808709DE-2;Native Instruments Traktor S4 MK3 dj controler დიჯეი კონტროლ;1;pending;D
665896142854;Kirlin Instrument Cable IWCC-201PN Jack 3M ინსტრუმენტის კაბე;0;pending;D
665895142855;Kirlin IWC-201PN Instrument Cable Jack 3M ინსტრუმენტის კაბელ;0;pending;D
749699102779;Ernie Ball 2226 Burly Slinky Nickel Wound Electric Guitar St;20;pending;D
1Z3952190392472664;Schecter SGR C-7 Red Electric Guitar ელექტრო გიტარა;0;pending;D
511756;Epiphone Power Players SG Electric Guitar - Dark Matter Ebon;0;pending;D
749699104001;Ernie Ball 2615 7-String 10/62 Skinny Top Heavy Bottom Guita;0;pending;D
625165;SG Black Electric Guitar ელექტრო გიტარა (T116);0;pending;D
PP-C01-C;Classical Guitar Nut კლასიკური გიტარის ჯორაკი;0;pending;D
01157;Behringer C-1 კონდენსატორული მიკროფონი;0;pending;D
CC548212833DE-8;Harley Benton SC-500 Lp BK Vintage Seri ელ. გიტარა;0;pending;D
995735;Sennheiser Consumer Audio HD 599 Studio Headphones სტუდიური ;0;pending;D
1ZV357R70314644533;Used Gibson LPJ 2 Color Sunburst Solid Body Electric Guitar ;0;pending;D
PICKUP;GUITAR PICKUP;5;pending;D
CC548481543DE-1;Cort CM40B Black გიტარის კომბი;0;pending;D
3062996;Fender Affinity Series Stratocaster FMT HSS;0;pending;D
237350;Fender FA-125 Dreadnought, Sunburst აკუსტიკური გიტარა;0;pending;D
95282691559827;Epiphone Les Paul Prophecy Custom Plus EX Sapphire Electric ;0;pending;D
4049521126826;AdamHall Cable K3TCC0100 2 RCA to 2 RCA 1m აუდიო კაბელი;0;pending;D
CC548480171DE-4;Harley Benton Sidecar Guitar Effect Pedal გიტარის ეფექტ პედა;0;pending;D
10mm-1;10mm Bass Guitar Bag ბას გიტარის ჩანთა;0;pending;D
CC548209644DE;KRK Rokit RP7 G4 White Noise სტუდიური მონიტორი;0;pending;D
3760033531434;Arturia MicroLAB-Orange - Compact USB-MIDI Controller მიდი კ;0;pending;D
749699127215;Ernie Ball Cobalt Regular Slinky 2721 Electric Guitar String;0;pending;D
LHF01-BR;Cega Lyra (ლირა) 16 strings with case LHF01-BR;0;pending;D
019954933784;D'Addario EXL170 TP Round Wound Bass Guitar Strings ბას გიტა;0;pending;D
757242515686;"Remo Clear Pinstripe Pro Pack 12"" 13"" 16"" დრამის პლასტიკის კ";0;pending;D
757242498873;"Remo Clear Pinstripe Pro Pack 10""12""16""";0;pending;D
019954952617;Evans G2 Coated Drum Head Pack Fusion - 10/12/14 დრამის პლას;0;pending;D
1Z25277V0338604853-3;Promark Classic Forward Hickory Oval Wood Tip Drum Sticks 2B;0;pending;D
659007003660;Aquarian Regulator Black Resonant Kick Drumhead Black 22 in.;0;pending;D
303472;Yamaha DGX-660 Digital Piano ციფრული პიანინო;1;pending;D
4049521128608;AdamHall Cable K3TCC0300 2 RCA to 2 RCA 3m;0;pending;D
177071;Used Yamaha THR10II 20 Watt Authentic Tube Tone გიტარის გამა;0;pending;D
1ZAY26220471509336;Millenium SR-2012 Professional 12U Studio Rack საკომუნიკაციო;0;pending;D
15141949114874;Behringer Xenyx 802S 8-channel Analog Streaming Mixer ანალოგ;0;pending;D
CKZ00-C;Kalimba CKZ00-C 17keys with case კალიმბა;0;pending;D
341257;Used Cordoba Iberia C7 Classic Guitar კლასიკური გიტარა;0;pending;D
CC547926039DE;Boss Katana 50 MKI Guitar Combo Amplifier გიტარის კომბი, გამ;0;pending;D
1Z4X27R40396410064;Epiphone Les Paul Studio Dark Red Solid Body Electric Guitar;0;pending;D
BAG;GUITAR BAG;33;pending;D
EN-PS10;REMO DRUM HEAD;3;pending;D
CRW08;Kalimba CRW08 8 KEYS პატარა კალიმბა;0;pending;D
1ZA2552X0343279471-3;Musician's Gear Hickory Drum Sticks;77;pending;D
YDP-145 B;Yamaha YDP-145 B Arius ციფრული პიანინო;1;pending;D
717669994129;Fender Glass Slide Standard Medium გიტარის შუშის სლაიდი;0;pending;D
1ZA2552X0343033413-16;PRS Classic 10-52 Electric Guitar Strings, Light Top Heavy B;0;pending;D
1ZA2552X0343033413-15;PRS Classic Electric Guitar Strings, Custom Light(.095-.044);0;pending;D
1ZA2552X0343033413-5;PRS Classic 11-49 Electric Guitar Strings, Medium Gauge გიტა;0;pending;D
1ZA2552X0343033413-4;PRS Classic Electric Guitar Strings, Ultra Light გიტარის სიმ;0;pending;D
749699122203;Ernie Ball 2220 Power Slinky Electric Guitar Strings ელექტრო;18;pending;D
1ZE4F2850399421710;BOSS SD1 Super Overdrive Effect Pedal გიტარის ეფექტ/პედალი;0;pending;D
CC547425559DE-2;Framus FD 14 M Dreadnougth NT;1;pending;D
1Z14V3880332120340;IBanez SoundGear SR 500 FL Bass Guitar ულადო ბას გიტარა;0;pending;D
CM30R;Cort CM30R Dark Blue Guitar Combo Amplifier გიტარის კომბი, გ;0;pending;D
154259;Vox Pathfinder 10 გიტარის კომბი, გამაძლიერებელი;0;pending;D
CRSHRB8;SABIAN B8 CYMBAL crash ride 18 რაიდი;0;pending;D
HIHETB8;SABIAN B8 CYMBAL hihet 14 ჰაი-ჰეტი;0;pending;D
517396;Casio CT-S400 synthesizer სინთეზატორი;0;pending;D
CC547424765DE-1;Orange Crush 12 გიტარის გამაძლიერებელი;0;pending;D
1Z3F16V40393325337;Godin LG Brown Electric Guitar ელექტრო გიტარა;0;pending;D
02386;M-Audio AIR192/14XEU - 8 In 4 Out Audio/MIDI Interface ინტერ;0;pending;D
049035;Olp 5 String ბას-გიტარა;1;pending;D
60104;Valencia VC354PP classical Guitar, Purple კლასიკური გიტარა;0;pending;D
F3000;Yamaha F3000 Acoustic Guitar აკუსტიკური გიტარა;0;pending;D
815301005209;Focusrite Scarlett 18i8 3rd Gen Audio Interface აუდიო ინტერფ;0;pending;D
1ZA119420332684073;Roland VT4 Vocal Processor ვოკალის პროცესორი;0;pending;D
CC546792857DE-4;AKG K-701 Studio Headphones სტუდიური ყურსასმენი;0;pending;D
881738001749;"Perri's 2.5"" Leather Guitar Strap with Embossed Design Blue ";0;pending;D
511814;NUX Mighty 20BT Electric Guitar Amplifier გიტარის კომბი;0;pending;D
CC547425752DE-2;Harley Benton Custom Line Superior-E Electric Acoustic Guita;0;pending;D
438784;Jackson Gigbag Economy KV/RR/KE/WR გიტარის ჩანთა;0;pending;D
1Z25277V0328247277;Epiphone Les Paul 100 Bolt On Sunburst Solid Body Electric G;0;pending;D
227501;"Behringer B215D 550W 15"" Active High Frequency Speaker აქტიუ";0;pending;D
371676;Used Pioneer DJ DDJ-FLX6 WH დიჯეი კონტროლერი;0;pending;D
FD212;FD-212 SOLO COMBO;1;pending;D
4/4VI;Violin 4/4 ვიოლინო;0;pending;D
665895514621;kirlin SBC-147N 2M BK დინამიკის კაბელი;41;pending;D
CC540235776DE-4;Yuer YS-10B Portable Bass Amp Bluetooth პორტატული ბასის კომბ;0;pending;D
757242491058;"Remo Vintage Emperor Drum Head 10"" 12"" 16""";14;pending;D
GP-C40RDS;Grape  GP-C40RDS Red 39''  კალასიკური გიტარა;2;pending;D
CC540236051DE-1;Harley Benton HB-20R Bluetooth გამაძლიერებელი კომბი;0;pending;D
CC540235776DE-7;Harley Benton TableAmp V2 BlueTooth კომპაკტური კომბი;0;pending;D
4033685000993;Warwick 42401 M Red Label ბას გიტარის სიმები;0;pending;D
349380;Used LEA G-15 Guıtar Amplıfıer გიტარის კომბი;0;pending;D
8697755744819;"Istanbul Agop 14"" XIST Hi-Hat Drum Cymbal დრამის თეფში ჰაიჰე";0;pending;D
1ZR23F960395941631;Epiphone Les Paul Standard Black Electric Guitar ელექტრო გიტ;0;pending;D
237939;Fender Tim Armstrong Hellcat ელ. აკუსტიკური გიტარა;0;pending;D
25298093288958;Boss Turbo Overdrive OD-2 გიტარის ეფექტ/პედალი;0;pending;D
58456827335948;Used Boss OverDrive / Distortion OS-2 გიტარის ეფექტ/პედალი;0;pending;D
770792;Used Boss MT-2 Metal Zone Distortion გიტარის ეფექტ/პედალი;0;pending;D
02483;Behringer C-2 Condenser Microphones კონდენსატორული მიკროფონი;1;pending;D
IP-242BC-4;kirlin 6M IP-242BC GR ინსტრუმენტის კაბელი;0;pending;D
566510;Used Hercules DJ Control Inpulse 200 MK2 დიჯეი კონტროლერი;0;pending;D
717669994198;Fender Brass Slide Stand Medium FBS1 - გიტარის სლაიდი;0;pending;D
GP-C40CBK;Grape  GP-C40CBK classical  Black 39'' cutway კალასიკური გიტ;0;pending;D
67825508360529;Yerasov DM-7 Delay guitar pedal გიტარის ეფექტი, პედალი;0;pending;D
TB05151;Used Audio-Technica AT2035 კონდენსატორული მიკროფონი;0;pending;D
517392;Casio CT-S1WE Synthesizer სინთეზატორი;0;pending;D
1Z2RY7010398984731;Epiphone SG Gothic Black Solid Body Electric Guitar ელექტრო ;0;pending;D
1Z309YE80394509776;Epiphone Les Paul 2 Color Sunburst Solid Body Electric Guita;0;pending;D
1ZW3109Y0394435653;Gibson LPJ Wine Red Solid Body Electric Guitar ელექტრო გიტარ;0;pending;D
355902;Harley Benton JB-75MN Black Vintage Series ბას გიტარა;0;pending;D
8697755713037;Istanbul Agop 15″ Turk Hi-Hats ჰაიჰეტი;1;pending;D
NCL-M059A;Smartdjlite 24x10w led par (NCL-M059A) სასცენო ლედ განათება;0;pending;D
MB80;Smartdjlite Mirror Disco Ball 80cm დისკო ბურთი DZVELIIIIIIII;2;pending;D
02155;M-audio AIR 192|4 Audio Interface აუდიო ინტერფეისი / ხმის ბა;0;pending;D
1Z3760E80310488340;Schecter SGR C-7 Silver Burst Electric Guitar ელექტრო გიტარა;0;pending;D
96236564873896;Ernie Ball 2623 7-String Electric Guitar Strings 9-52 ელექტრ;0;pending;D
CC548211149DE-3;Harley Benton HBO-850BK Electric Acoustic Guitar ელექტრო აკუ;0;pending;D
CC548480295DE-1;Harley Benton Binary Guitar Effect Pedal გიტარის ეფექტ პედალ;0;pending;D
000477;Boss NEX-Stage გიტარის კომბი, გამაძლიერებელი;1;pending;D
420769-22;"Perri's 2.5"" Leather Guitar Strap with Embossed Design Blue ";0;pending;D
1ZA2552X0343033413-10;Gibson pick APRGG-73T 1/2 Gross Wedge Style TrianglePicks Th;0;pending;D
CC548475392DE-2;Harley Benton HBO-850 Electric Classical Natural ელექტრო კლა;1;pending;D
CC548211373DE -4;Harley Benton HBO-850NT ელ. კლასიკური გიტარა;0;pending;D
081275;Epiphone EJ-200SCE Electric Acoustic Jumbo Guitar SB ელექტრო;0;pending;D
02422;M-Audio M-Track Solo Audio Interface ხმის ბარათი / აუდიო ინტ;0;pending;D
U-BKM00C;Kalimba U-BKM00C 17keys with case კალიმბა;0;pending;D
237351;Fender FA-125 Dreadnought, Black აკუსტიკური გიტარა;0;pending;D
665895727908;Kirlin Y-370PBL Y-Cable Patch Cable 1M აუდიო კაბელი 1 მ;0;pending;D
835747;Used Focusrite Scarlett 2i2 4th Gen Audio Interface აუდიო ინ;0;pending;D
4047371126195;Harley Benton HQS Bass-5 45-130 ბას გიტარის სიმები;0;pending;D
121995;Aluminum Alloy Kazoo Lot Mouth Flute პატარა ფლეიტა კაზუ;5;pending;D
TBA310561901504;Mahalo MPJ1KU Lap Top Cajon, Kuba კახონი;1;pending;D
1Z4R33580317495984;TC-Helicon Perform VE Vocal Processor ვოკალის პროცესორი;0;pending;D
160777;Replica Les Paul ელ.გიტარა;1;pending;D
EV880;Electrovoice 880 Wireless Microphone System უკაბელო მიკროფონ;0;pending;D
EV990;Electrovoice 990 Wireless Microphone System უკაბელო მიკროფონ;0;pending;D
CC547809324DE-10;Harley Benton Loud & Louder guitar effect გიტარის ეფექტი;0;pending;D
820912;Evans EC2 SST Coated დრამის პლასტიკი ნაკრები Fusion - 10/12/;0;pending;D
CRASHB8;SABIAN B8 CYMBAL crash 16 ქრაში;0;pending;D
KK101;Kalimba KK101 17keys with case კალიმბა;0;pending;D
MF01-C;Kalimba MF01-C 17keys with case კალიმბა;0;pending;D
4049521127557;AdamHall Cable K3TCC0600 2 RCA to 2 RCA 6m აუდიო კაბელი;0;pending;D
7028;ALHAMBRA V GUITAR IBERIA ZIRICOTE ctw e8 გიტარა;1;pending;D
1ZA746T50390520790;Casio WK-1200 Synthesizer სინთეზატორი;0;pending;D
SM-413;"Smiger 41""Acoustic Guitar SM-413 ელ.აკუსტიკური გიტარა";0;pending;D
826483;TC-Helicon Perform-VG Vocal and Acoustic Guitar Processor ვო;0;pending;D
ES3;KAWAI ES3;1;pending;D
GA-H11BK;Smiger Acoustic Guitar (GA-H11BK) აკუსტიკური გიტარა;5;pending;D
1Z6Y532Y0395509188;Fender Mexico Modern Player Stratocaster Electric Guitar ელე;0;pending;D
CC543980935DE-2;Harley Benton Blues Harmonica in C-Major ტუჩის გარმონი, ჰარმ;0;pending;D
CC544260113DE-3;Squier CV 70s Strat HSS LR Electric Guitar ელექტრო გიტარა;0;pending;D
CC544260232DE-2;Squier Aff. Tele Deluxe MN Black ელექტრო გიტარა;0;pending;D
1ZAY26220443413947-4;Harley Benton TE-90FLT Black Blast Telecaster Electric Guita;0;pending;D
CC540235538DE-3;Focusrite Scarlett 8i6 3rd Gen აუდიო ინტერფეისი;0;pending;D
02477;Alesis Prestige 88-key Digital Piano ციფრული პიანინო;0;pending;D
59122777653990;Boss Mega Distortion MD-2 გიტარის ეფექტ/პედალი;1;pending;D
NanSinEnterprice-8;Aiersi STB-202B Jazz Bass Guitar ბას გიტარა;0;pending;D
1Z3E6Y280396530378;Ibanez EX SERIES EX160 Black Electric Guitar ( Left Handed );0;pending;D
1ZAY26220446169760-6;Ibanez GRX40-MGN ელექტრო გიტარა;3;pending;D
428911;Slap Happy Weed Wackers Kevlar Core Nylon STD / BR ბას გიტარ;0;pending;D
IP-201PR;kirlin 3M IP-201PR ინსტრუმენტის კაბელი;0;pending;D
1ZV8925V0320365929;Kramer Focus Vt211S Black Electric guitar ელექტრო გიტარა;0;pending;D
CC545922079DE-1;Fender PO-220E Natural ელექტრო აკუსტიკური გიტარა;0;pending;D
JS-600 BS;JET Stratocaster JS-600 BS, HSS Electric Guitar ელექტრო გიტა;0;pending;D
325171;Boss PS-2 Digital Pitch Shifter Delay პედალი;0;pending;D
1ZAY26220469425412;Casio PX-S7000 BK Digital Piano ციფრული პიანინო;1;pending;D
J-11;J-11 გიტარის საკიდი;0;pending;D
468072;Used Korg microKorg XL Keyboard Synthesizer სინთეზატორი;0;pending;D
U-BKZ00-C;Kalimba U-BKZ00-C 17keys with case კალიმბა;0;pending;D
60109;Valencia VC304CEL Electric Classical Guitar (left-handed) Na;0;pending;D
P801TBL;GTRS P801 (Professional 801 Tiffany Blue) ელ. გიტარა;0;pending;D
P800TBL;GTRS P800 (Professional 800 Tiffany Blue) ელექტრო გიტარა;0;pending;D
659007001154;Aquarian Hi-Performance Snare Bottom Drumhead 14 in.;0;pending;D
CC548209370DE-1;Millenium Laptopstand Dock ლეპტოპის სადგამი;0;pending;D
1ZAY26220447231369-2;Harley Benton JA-20HH Active Jaguar Electric Guitar ელექტრო ;0;pending;D
1Z10F23W0399303857;Kramer Focus VT211S Gray Solid Body Electric Guitar ელექტრო ;0;pending;D
1Z251R2A0399499876;1981 Ibanez Blazer Series MIJ Worn Natural Electric Guitar ე;0;pending;D
1Z0EY7340390159191;Fender Player Lead II Black Solid Body Electric Guitar ელექტ;0;pending;D
CC539922741DE-3;Harley Benton TE-90FLT Green Blast Telecaster Electric Guita;0;pending;D
CC541484559DE-3;Harley Benton TE-40 TBK Deluxe Series Telecaster ელექტრო გიტ;0;pending;D
CC543935168DE-6;Harley Benton Extreme EX-76 Classic AN Electric Guitar ელექტ;0;pending;D
710137030688;Dunlop DEN1052 Electric Guitar Strings 10-52 ელექტრო გიტარის;0;pending;D
815301001485;Focusrite Scarlett 2i2 4th Gen Audio Interface აუდიო ინტერფე;1;pending;D
CC546791692DE-2;Harley Benton SC-450 P90 GT Classic Electric Guitar ელექტრო ;0;pending;D
CC546792596DE-2;Harley Benton SC-Custom II P90 LP Electric Guitar ელექტრო გი;0;pending;D
1ZE39W480396800800;Epiphone Les Paul Classic Red Electric Guitar ელეტრო გიტარა;0;pending;D
815301005223;Focusrite Scarlett Solo Studio 3rd Gen Bundle სტუდური აუდიო ;0;pending;D
CC542408704DE-1;Ortega RSTC5M Classic Guitar კლასიკური გიტარა;0;pending;D
771136;Guitar Hanger Wall Mount გიტარის საკიდი;12;pending;D
M-4160-EQ-1;Smiger Ovation M-4160-EQ Electric Acoustic Guitar (Blue) ელე;0;pending;D
749699120032;Ernie Ball 2003 Earthwood 80/20 Bronze Medium Light Acoustic;17;pending;D
331986;Fender Rumble 100 Bass Guitar Combo Amplifier ბას გიტარის კო;1;pending;D
1078889;STUDIOFINIX 6.5 Inches Indoor Outdoor Speakers Waterproof Wi;0;pending;D
CC546301133DE-2;Cort AP550M Parlor Body Acoustic Guitar აკუსტიკური გიტარა;0;pending;D
CC548211373DE-2;Harley Benton HBO-850SB Electric Acoustic Guitar ელექტრო აკუ;0;pending;D
1Z074R5A0391975313;Yamaha PSR E373 61 Key Portable Keyboard სინთეზატორი;0;pending;D
841161;Gibson 2015 Les Paul 100 Blue ელექტრო გიტარა;0;pending;D
815301005186;Focusrite Scarlett 4i4 3rd Gen interface აუდიო ინტერფეისი;0;pending;D
U-BKM00-EQ;Kalimba U-BKM00-EQ 17keys with case,with EQ კალიმბა;0;pending;D
1ZAY26220454082918-1;Harley Benton Nashville-Steel Electric Acoustic Guitar ელექტ;0;pending;D
CC546792358DE-1;Cort AF590MF Open Pore Acoustic Guitar აკუსტიკური გიტარა;0;pending;D
30162435814944;Schecter C-6 Deluxe SBK Elecric Guitar ელექტრო გიტარა;0;pending;D
1ZV571310394984010;Fender Mexico Standard Stratocaster HSS Brown Sunburst Elect;0;pending;D
00914;Behringer X2222USB-EU 22-channel Analog Mixer ანალოგური მიქს;1;pending;D
3160236;Fender Champion™ II 50 ელ. გიტარის კომბი;0;pending;D
9474-5A;Vic Firth Black Extreme Drum Extreme 5A Wood დრამის ჯოხი;9;pending;D
4177-5B;Vic Firth Black Extreme Drum Sticks 5B Wood დრამის ჯოხი;0;pending;D
1Z93AV830337330690;Used Yamaha PSR-E273 სინთეზატორი;0;pending;D
64633398238492;Orange Micro Terror Hybrid Electric Guitar Amp Head გიტარის ;0;pending;D
00307;Yamaha PSR-E473 სინთეზატორი;0;pending;D
1ZAY26220443413983-2;Thomann Tibetan Singing Bowl No12, 1kg  ტიბეტური თასი;0;pending;D
CC548211002DE-5;Millenium Multi Cymbal Bag დრამის თეფშების ჩანთა/ ქეისი;0;pending;D
792810;Pioneer DDJ-RB Portable 2-Channel Controller for Rekordbox დ;0;pending;D
02156;M-Audio AIR 192|6 Audio Interface ხმის ბარათი / აუდიო ინტერფ;0;pending;D
CC546791953DE-2;Millenium Quick Table უნივერსალური სადგამი, გასაშლელი მაგიდა;0;pending;D
1Z4R33580300398067;Pioneer DJ DDJSR DJ Controller დიჯეი კონტროლერი;0;pending;D
60004;Mahalo MR1bu ukulele უკულელე;0;pending;D
004101;Yamaha HS7 I WHITE სტუდიური მონიტორი;0;pending;D
21B-CKZ00-C;Kalimba 21B-CKZ00-C 17keys with case კალიმბა;0;pending;D
DH03-15P;Mooer DH03 (Hornet Pink) 15 Watt Modeling Guitar Amplifier -;0;pending;D
3063044;Fender Squier Sonic Stratocaster Pack ელექტრო გიტარის კომპლე;1;pending;D
S900PWH;Mooer S900 GTRS (Standard 900 Pearl White) - ჭკვიანი ელექტრო;0;pending;D
TB05149;Used Ibanez Tube Screamer Mini გიტარის ეფექტ-პედალი;0;pending;D
479629;Joyo  JBA-10 Bass Amp  10w ბას გიტარის გამაძლიერებელი;0;pending;D
MN140;MusicNomad MN140 Premium Guitar Care Pack USA (ნაკრები) გიტა;0;pending;D
1ZV86F960323950285;Soundcraft Ui12 12-channel Digital Mixer ციფრული მიქსერი;0;pending;D
37074898705749;XTUGA Recording Microphone Isolation Shield მიკროფონის დამცა;0;pending;D
274636518309;Pioneer DDJ-ERGO-V Digital DJ Controller დიჯეი კონტროლერი;0;pending;D
3160009;Fender Squier Sonic Stratocaster Pack ელ. გიტარის კომპლექტი;0;pending;D
704098;Mxr Super Badass Distortion გიტარის ეფექტ/პედალი;0;pending;D
785428;Gibson Les Paul SL Worn Cherry Solid Body Electric Guitar ელ;0;pending;D
665895143524;Kirlin Instrument Cable IC-241 6M Jack ინსტრუმენტის კაბელი ჯ;0;pending;D
665895143630;Kirlin Instrument Cable IC-241 10M Jack ინსტრუმენტის კაბელი ;0;pending;D
665895143999;Kirlin Instrument 10M Cable Jack IC-242 ინსტრუმენტის კაბელი ;0;pending;D
665895151253;Kirlin Instrument Cable 6M IPCH-241 ინსტრუმენტის კაბელი 6 მ;0;pending;D
665895151369;Kirlin Instrument Cable 10M IPCH-241 ინსტრუმენტის კაბელი 10 ;1;pending;D
665895151550;KIRLIN Instrument Cable 6M IPCH-242 24AWG ინსტრუმენტის კაბელ;0;pending;D
665895125612;Kirlin Instrument Cable Jack 6M BL IP-241BC ინსტრუმენტის კაბ;0;pending;D
665895125438;Kirlin Instrument Cable 6M Jack IP-242BC RD ინსტრუმენტის კაბ;0;pending;D
665895126244;Kirlin Instrument Cable 6M Jack IP-242BC GR ინსტრუმენტის კაბ;0;pending;D
665895121058;Kirlin Instrument Cable 3M IP-201PR BK ინსტრუმენტის კაბელი 3;0;pending;D
665895121188;Kirlin Instrument Cable 10M Jack IP-202PR ინსტრუმენტის კაბელ;0;pending;D
665895115644;kirlin IPK-222BFGL 9.15M bke Instrument Cable ინსტრუმენტის კ;0;pending;D
665895108103;Kirlin Instrument Cable BLI-201WEG 3M Jack ინსტრუმენტის კაბე;0;pending;D
665895103078;Kirlin Instrument Cable IW-241BCG Jack 6M ინსტრუმენტის კაბელ;0;pending;D
665895103443;Kirlin Instrument Cable IW-242BCG Jack 3M ინსტრუმენტის კაბელ;0;pending;D
665895103450;Kirlin Instrument Cable IW-242BCG Jack 6M ინსტრუმენტის კაბელ;0;pending;D
665895110915-1;Kirlin IWB-202WEGL Instrument Cable Jack 6M ინსტრუმენტის კაბ;0;pending;D
45073737442730;Ibanez Tube Screamer Mini გიტარის ეფექტი;0;pending;D
EC-330 -39;Grape EC-330-39 BK Classic Guitar კლასიკური გიტარა;0;pending;D
070930;Fender Japan ST-STD Stratocaster ელ. გიტარა;0;pending;D
CGM-10N;Grape CGM-10 N Classical Guitar კლასიკური გიტარა;0;pending;D
665895719231;Kirlin AP-401PR Audio Cable 3M აუდიო კაბელი 3 მეტრი;0;pending;D
46044;Presonus Eris E 3.5 BT EU სტუდიური მონიტორი;0;pending;D
475811;Used Arturia Microbrute Analog Synthesizer Keyboard;1;pending;D
YX-15;Smiger YX-15W Electric Guitar Amplifier გამაძლიერებელი/კომბი;0;pending;D
637225;Used AMT Electronics P1 Legend Amps – JFET guitar preamp გიტ;0;pending;D
IP-242BC/YE;Kirlin Instrument Cable 3M Jack IP-242BC YE ინსტრუმენტის კაბ;0;pending;D
IC-241/LE;Kirlin IC-241 LE 3M  ინსტრუმენტის კაბელი;0;pending;D
PG-A12;Deviser PG-A12 Guitar Bag გიტარის ჩანთა;120;pending;D
shureX5;Wireless Microphone X5  უკაბელო მიკროფონი;0;pending;D
501685;Used Electro Harmonix Metal Muff გიტარის ეფექტ-პედალი;0;pending;D
MTB-1601-30M/BK;Kirlin MTB-1601 /BK 16 Channel Multi-track/ multicore Cable ;0;pending;D
082562071568;Tudor Consort Recorders Soprano TD185 ფლეიტა;0;pending;D
1Z90V6860394813626;First Act Volkswagen Electric Guitar ელექტრო გიტარა;0;pending;D
IP-242BC-5;Kirlin Instrument Cable 6M Jack IP-242BC YE ინსტრუმენტის კაბ;0;pending;D
019954255619;D'Addario EJ27N Classical Guitar Normal Tension Strings კლას;16;pending;D
CC540071556DE;Gravity LTST 01 Folding Music Stand პიუპუტრი, ნოტების, ლეპტო;0;pending;D
649687904234;Rogue W42 Bulk 042 Nickel Electric Guitar Strings ელექტრო გი;0;pending;D
PF-G10;Microphone Stand PF-G10 მიკროფონის სადგამი;24;pending;D
PG-B11;PG-B11 Eleqtric bass cotton bag;18;pending;D
PG-e40;Smiger PG-e40 Electric Guitar Bag ელექტრო გიტარის ჩანთა;6;pending;D
PG-a15-41;PG-a15-41 Eleqtric guitar cotton bag;0;pending;D
PG-E13;PG-E13 Eleqtric guitar cotton bag;4;pending;D
ph-a10;ph-a10 acoustic guitar case;1;pending;D
ph-e10-l;ph-e10-l eleqtric guitar case;2;pending;D
1ZA2552X0344193776;D'Addario EXL110-3D Nickel Light Electric Guitar Strings ელე;0;pending;D
8697755751046;Istanbul Agop Deluxe Cymbal Bag (With Hi-Hat Section) თეფშებ;0;pending;D
1ZE4F2850390239069;Pioneer DJM600 DJ Mixer დიჯეი მიქსერი;0;pending;D
PE-A93;Guitar Nylon Strap Black PE-A93 გიტარის ქამარი;6;pending;D
PS510156;GEWA pure CLASSIC GUITAR VGS BASIC 4/4 BLACK კლასიკური გიტარ;2;pending;D
bow-tr;violin bow 4/4 ვიოლინოს ხემი;3;pending;D
554016-6;"Thomann Crystal Bowl CF Singing Bowl Size: 7"" - Note: A სასი";0;pending;D
460522;Midas M32 Live Digital Mixing Console;0;pending;D
m00202;Guitar Pick Plectrum Holder მედიატორების ჩასადები;0;pending;D
01296;AdamHall Cable K3MMF0300 XLR-m to XLR-f 3 m კაბელი;3;pending;D
01580;Behringer GI100 DI Boxes Signal Processors პროცესორი;0;pending;D
568490;Used Harley Benton SC-Custom II Vintage Black ელ.გიტარა;0;pending;D
01734;Behringer HC2000BNC - Wireless Headphones უკაბელო ყურსასმენი;0;pending;D
894799;AUDIO TECHNICA AT2020 CARDIOID XLR MICROPHONE მიკროფონი;0;pending;D
635987;Cort Greg Curbow With Bartolini Mk1 Pickup System Bass Guita;0;pending;D
TB04305;ფანდური;0;pending;D
1Z990A3E0391604632;Fender CD100CE Natural Acoustic Electric Guitar ელექტრო აკუს;0;pending;D
MB100;Smartdjlite mirror Disco ball 100cm დისკო ბურთი;3;pending;D
NCL-F020B;Smartdjlite Simple Pin Spot Changing Color სასცენო განათება ;0;pending;D
NCL-F024;Smartdjlite simple pin spot სასცენო განათება წითელი;13;pending;D
NCL-F025;Smartdjlite simple pin spot სასცენო განათება მწვანე;14;pending;D
NCL-F026;Smartdjlite simple pin spot სასცენო განათება ლურჯი;17;pending;D
GP-C40YW;Grape  GP-C40YW classical guitar YW 39''  კალასიკური გიტარა;1;pending;D
13732311967044;Pioneer DJ DDJ-200 Smart DJ Controller დიჯეი კონტროლერი;0;pending;D
pJ010097;Connector (PowerCon NAC3FCA) კონექტორი;0;pending;D
10348349703867;Case for Pioneer DJ DDJ Series Controllers დიჯეი კონტროლერის;0;pending;D
749699126270;Ernie Ball 2627 Beefy Slinky Nickel Wound ElectricGuitar Str;20;pending;D
02460-3;M-Audio Oxygen 49 MK5 MIDI-კლავიატურა;1;pending;D
003351;Pioneer DDJ-FLX6-GT Dj Contoller დიჯეი კონტროლერი;0;pending;D
BC-wh;Big Clamp Silver განათების საკიდი, კროშტეინი;0;pending;D
BLX14E/P31-K3E;BLX14 HEADSET SYSTEM W/PGA31 თავზე გასაკეთებელი მიკროფონი;0;pending;D
00937;Behringer HA400-EU Headphone Amplifier ყურსასმენის ხმის გამა;0;pending;D
03140;"Turbosound Milan M12 1100W 12"" Active High Frequency Speaker";1;pending;D
HA400;Behringer HA400 Headphone Amplifier ყურსასმენის ხმის გამაძლი;1;pending;D
EVPMKII;EVP MK2 Wireless Microphone უკაბელო მიკროფონი (DZVELIIIIIIII;0;pending;D
44963957759760;Used Mooer Blues Mood Drive Pedal გიტარის ეფექტი / მინი პედა;0;pending;D
4049521127151;AdamHall Cable K3MMF1000 XLR-m to XLR-f 10m მიკროფონის კაბელ;0;pending;D
73878241176778;BOSS GT-100 Multi-Effects Guitar Effect Pedal გიტარის ეფექტი;0;pending;D
01743;Behringer P1 - In-Ear Monitoring Signal Processors ყურის სიგ;0;pending;D
26667455844337;Akai Professional E2 Head Rush გიტარის მულტი ეფექტ-პედალი;0;pending;D
9474-5A;Vic Firth American Classic Extreme 5A Black Wood დრამის ჯოხი;9;pending;D
740217;ფანდური;0;pending;D
002139;Pioneer DJ DDJ-200 DJ Controller დიჯეი კონტროლერი;1;pending;D
1ZAC98200339906387;Dual Electronics LU53PB 3-Way High Performance Outdoor Indoo;0;pending;D
815301005179;Focusrite Scarlett Solo 3rd gen ხმის ბარათი/ინტერფეისი;0;pending;D
1ZX245930396728051;Epiphone Les Paul Standard Pro Blue Burst Electric Guitar ელ;0;pending;D
1Z8V15100300622060;Epiphone Les Paul Standard Black Solid Body Electric Guitar ;0;pending;D
1Z074R5A0391511439;Pioneer DJ DDJ-SB3 DJ Controller დიჯეი კონტროლერი;0;pending;D
1Z63A4V20392644746;Epiphone SG G400 Black Solid Body Electric Guitar ელექტრო გი;0;pending;D
1Z9072080309619861;Pioneer DJ DDJ400 DJ Controller დიჯეი კონტროლერი;0;pending;D
4049521127540;AdamHall Cable K3TPC0300 2RCA to 2 6.3 Jack mono 3m კაბელი;0;pending;D
4049521128479;AdamHall Cable K3MMP0300 XLR-M to Jack TS 3 m კაბელი;0;pending;D
GA-20RD;Fender FD-20W GUITAR COMBO Red GA-20 ხმის გამაძლიერებელი;1;pending;D
02913;Behringer HPM1000-BK Studio Headphones სტუდიური ყურსასმენი;1;pending;D
1ZV9X7050392293240;Pioneer DJ DDJ-RB DJ Controller დიჯეი კონტროლერი;0;pending;D
802099;Kazoos Musical Instruments Metal Kazo კაზუ;1;pending;D
HDJ2000;ElectroVoice HDJ2000 Headphones ყურსასმენი;0;pending;D
02361;AKAI MPK Mini MK3 Midi Controller Grey მიდი კონტროლერი;1;pending;D
52053969574227;Swissonic UA 2x2 Audio Interface აუდიო ინტერფეისი;0;pending;D
34368742281452;Electro-Harmonix Oceans 3-VERB Multi-function Mini Pedal მინ;0;pending;D
4103C45;yamaha C45 classical guitar კლასიკური გიტარა;0;pending;D
099830;Ibanez RGA42FM DEF Solid Body Electric Guitar ელექტრო გიტარა;0;pending;D
60022;Valencia VC204HCSB კლასიკური გიტარა;0;pending;D
01348;Behringer C-1U Condenser Microphone კონდენსატორული მიკროფონი;0;pending;D
331815;Ibanez AS53 Black Electric Guitar ელექტრო გიტარა;0;pending;D
63065832131860;Korg Toneworks AX5B Bass Guitar Multi Effects Modeling Signa;0;pending;D
322507;MXL 770 Cardioid Condenser Microphone კონდენსატორული მიკროფო;0;pending;D
02536;Alesis Prestige Artist XE UK 88-key Digital Piano with Grade;0;pending;D
42240685386678;Casha Classical Guitar Bag Black 4/4 კლასიკური გიტარის ჩანთა;0;pending;D
710137051461;Dunlop Guitar Strings Electric Nickel Wound Light 10-46 ელექ;1;pending;D
IS505;Speaker Stand IS505 დინამიკის სადგამი;0;pending;D
MA81;Hebikuo MA81 Guitar Stool with Stand სკამი გიტარის სადგამით;1;pending;D
HSS-07;Studio monitor stand HSS-07 სტუდიური მონიტორის სადგამი;1;pending;D
PF-J10;Speaker Stand PF-J10 დინამიკის სადგამი;0;pending;D
PF-E11;Double X keyboard stand PF-E11 კლავიშის სადგამი;0;pending;D
J-40B;Hebikuo J-40B Guitar Stand გიტარის სადგამი;0;pending;D
088800;Panduri (Lime) ფანდური (ცაცხვი) წითელი დამცავით;0;pending;D
pad-40;Smiger Pad-40 Pad Stand Metal სავარჯიშო პადის სადგამი;0;pending;D
12061;Novation Launchpad X MIDI Grid Controller კონტროლერი;1;pending;D
422040;Fender Japan 2006 - 2008 ST-50 Stratocaster Electric Guitar ;0;pending;D
422029;Fender Japan 2007-2010 JB-STD Jazz Bass guitar Black ბას გიტ;0;pending;D
511516;Yamaha DGX-670 WH 88-Key ციფრული პიანინო;2;pending;D
CC545287276DE-1;Thomann Tibetan Zen Singing Bowl 3kg ტიბეტური თასი;0;pending;D
1Z095E6W0394819205;Used Pioneer DJ DDJERGO DJ Controller დიჯეი კონტროლერი;0;pending;D
88259928929013;Used Gibson Les Paul electro Electric Guitar;0;pending;D
725262;Used Tone City Fuxx Fuzz გიტარის ეფექტ-პედალი;0;pending;D
HDJ8000;ElectroVoice HDJ8000 Headphones ყურსასმენი;0;pending;D
HDJ500;ElectroVoice HDJ500 Headphones ყურსასმენი;0;pending;D
STB-202B J;Aiersi STB-202B J style bass electric guitar ელ გიტარა;0;pending;D
AP-470 WE;Casio AP-470 WE Celviano 88-Keys ციფრული პიანინო;0;pending;D
089350;Akai APC40 Ableton MIDI Controller კონტროლერი;0;pending;D
GKL-30;Smiger GKL-30 Ukulele უკულელე;0;pending;D
M-4160-EQ;Smiger Ovation M-4160-EQ  ელ.აკუსტიკური გიტარა;0;pending;D
EA-CH107-RD;Egypt Aluminium Darbuka Hammered EA-CH107-RD დარბუკა/ტამტამი;0;pending;D
hachi0150;Shakuhachi Japanese Flute Hoboro Ogange შაკუჰაჩი ფლეიტა;0;pending;D
kosmo180;Shakuhachi Japanese Flute Kosmo შაკუჰაჩი ფლეიტა;0;pending;D
bambuki350;Shakuhachi Japanese bamboo flute შაკუჰაჩი ფლეიტა;0;pending;D
hoboro300;Shakuhachi Japanese Flute hoboro შაკუჰაჩი ფლეიტა;0;pending;D
mwvane200;Shakuhachi Japanese Flute Hoboro Green ფლეიტა;0;pending;D
287957;Used Ibanez TS9DX Turbo Tube Screamer;2;pending;D
CC541028214DE-6;Thomann Tibetan Singing Bowl No3, 700g ტიბეტური თასი;0;pending;D
CC547030587DE-1;Nino 600 Chimes წვიმა;0;pending;D
899327-7;Behringer SD251-CK ყურის მონიტორი;0;pending;D
12889;KRK Rokit SCOTT STORCH CLASSIC 8 BLACK ხმამაღლამოლაპარაკე;0;pending;D
12262;KRK S10.4 Black Powered Studio Subwoofer სტუდიური საბვუფერი;1;pending;D
1Z2015Y00394199117;Used Roland TD-17KV Electric Drum Set დრამის კომპლექტი;0;pending;D
404835;Electro-Harmonix EHX Nano Metal Muff Distortion Effect Pedal;0;pending;D
1Z05W1100319484540;Squier Jaguar Affinity Series Charcoal Frost Metallic Bass G;0;pending;D
491458;Harley Benton TE-20HH SBK Standard Series Electric Guitar ელ;0;pending;D
474872;Boss Katana 50 MKII კომბი;0;pending;D
545379;Yamaha THR30IIW Black Modeling Guitar Combo Amplifier გიტარი;0;pending;D
580301;RCF Art 715-A MK V Active Full-Range Speaker აქტიური, მაღალი;0;pending;D
416769;"RCF ART 310 A MK IV 400W 10"" Active Speaker აქტიური მაღალი ს";1;pending;D
374032;Behringer Powerplay PM1 mobile volume control of in-ear moni;2;pending;D
135304;Harley Benton ST-20 WH Standard Series electric guitar ელექტ;0;pending;D
371850;Harley Benton SC-450Plus HB Vintage Electric Guitar ელექტრო ;0;pending;D
448426;Meinl CH27ST Chimes  წვიმა;8;pending;D
474878;Used Boss Katana 100 MKII;0;pending;D
CC539922741DE-2;Harley Benton DC-200LH BK Student Series Electric Guitar ელე;0;pending;D
CC537093579DE-4;Harley Benton TE-52 NA Vintage Series ელექტრო გიტარა;0;pending;D
369835;Harley Benton SC-400 SBK Classic Series electric guitar ელექ;0;pending;D
498884;Zoom V3 Vocal Processor ვოკალის პროცესორი;1;pending;D
238350-2;Shure SM57 Dynamic Instrument Microphone უკაბელო მიკროფონი;0;pending;D
384728;Harley Benton TE-70 Black Paisley Telecaster ელექტრო გიტარა;2;pending;D
1Z3952190390740565;Used Peavey 6505 MH Micro 20W Tube Guitar Amp Head კაბინეტის;0;pending;D
575642;KRK Rokit RP5 G5 სტუდიური მონიტორი;0;pending;D
1Z3A297X0396715390;Pioneer DJ DDJ-SB2 DJ Controller დიჯეი კონტროლერი;1;pending;D
1Z3Y908F0390550068;Ibanez Gio Ax Candy Apple Red Solid Body Electric Guitar ელე;1;pending;D
1Z18Y58A0398060735;Squier Bullet Mustang HH Surf Green Solid Body Electric Guit;0;pending;D
1ZV3X2900315280017;Pioneer DJ DDJ-REV1 DJ Controller დიჯეი კონტროლერი;0;pending;D
01478;ALESIS SamplePad 4XEU - 4-Pad Percussion & Sample-Triggering;0;pending;D
CC545922119DE-2;Roland SPD-SX PRO Sampling Pad;0;pending;D
1ZV86F960304959017;Used Squier Telecaster Butterscotch Solid Body Electric Guit;1;pending;D
CC546423154DE-10;The T.Bone TWS One C Headset უკაბელო მიკროფონი;0;pending;D
1ZV683630326442407;Marshall Valvestate VS65R Electric Guitar Combo Amplifier გი;1;pending;D
SM57-lc;Shure SM57-lc დინამიური მიკროფონი;0;pending;D
Kawai KDP-120 B;Kawai KDP-120 Black Digital Piano ციფრული პიანინო;0;pending;D
55511511475858;Hartke Bass Attack VXL Tone-Shaper Preamp გიტარის ეფექტი;0;pending;D
QSC WK181s;QSC WK181s ACTIVE SUB (copy) დაბალი სიხშირის დინამიკი, საბი;3;pending;D
kp612;Evp kp612 Passive Speaker პასიური დინამიკი;0;pending;D
KP610;EVP KP610 Passive Speaker პასიური დინამიკი;0;pending;D
373160;Fender Japan ST-STD Stratocaster Electric Guitar ელექტრო გიტ;0;pending;D
Ph-A50;Luxars Ph-A50-41 guitar bag;1;pending;D
1ZAY26220462296502;Casio PX-S1100BK ციფრული პიანინო;1;pending;D
TB04170;Used Fender Squier JAZZ BASS ელექტრო ბას-გიტარა;0;pending;D
1Z09Y4F70322039920;Epiphone SG Special Bolt On Black Solid Body Electric Guitar;0;pending;D
TA-CM104-RD;Turkish Darbuka Aluminium Colored დარბუკა / ტამტამი;0;pending;D
000701;Boss ODB-3 Bass Overdrive Effect Pedal ეფექტ პედალი;1;pending;D
897980-2;Ammoon Noise Gate Guitar Effect Pedal გიტარის ეფექტ პედალი;0;pending;D
273308;Used Manuel Rodriguez Caballero 11 Natural Classical Acousti;1;pending;D
25679797504908;JOYO DC-30 გიტარის გამაძლიერებელი/კომბი;0;pending;D
NanSinEnterprice-46;Guitar stool გიტარისტის სკამი, გიტარის სადგამით;0;pending;D
CC543981689DE-1;Arnolds & Sons Trumpet 3C Mouthpiece;1;pending;D
NanSinEnterprice-1;Aiersi Ovation Electric Acoustic Guitar ელექტრო აკუსტიკური გ;0;pending;D
639690002034;Augustine Concert Red Classical Guitar Nylon Strings კლასიკუ;0;pending;D
639690000412;Augustine Regal HT Classical Guitar Strings, Treble Set კლას;0;pending;D
320353;Audio-Technica AT2020 USB Cardioid Condenser USB Microphone;0;pending;D
656295000517;La Bella 900-B Elite კლასიკური გიტარის სიმები;2;pending;D
749699128335;Ernie Ball 2833 Hybrid Slinky Round Wound Bass Strings ბას გ;1;pending;D
521050;Harley Benton SC-550 II BCF ელ.გიტარა;0;pending;D
737691;Used Hartke Model 410TP Transporter Bass Cabinet კაბინეტი;0;pending;D
009816;Used Fender Squier Bullet Stratocaster Dark Blue & White ელ.;0;pending;D
830446;Used Marshall MG15CF 40W Guitar Combo Amp, გიტარის კომბი;0;pending;D
293207;Used Hartke Systems Model 3500 Transient Attack Bass Amp Hea;0;pending;D
180300;Morley Mark Tremonti Power Wah პედალი;0;pending;D
639690002041;Augustine Concert Black Classical Guitar Nylon Strings კლასი;0;pending;D
J6373;JET Stratocaster JS-400 LPB, HSS Electric Guitar ელექტრო გიტ;1;pending;D
4047371126201;Harley Benton HQS Electric Bass Strings 30-128 ელექტრო ბას გ;0;pending;D
112403;Used Pioneer DDJSB2 DJ Controller დიჯეი კონტროლერი;0;pending;D
740316;Used Pioneer DJ Controller DDj-200;0;pending;D
733379;Fender Stratocaster Japan ST-43 2004-2005 Electric Guitar ელ;0;pending;D
1Z56AV870307235966;Line 6 Spider II HD75 75W Guitar Amplifier Head გიტარის კომბ;0;pending;D
1Z0352XX0398605893;Fender Squier Bronco Bass Black Bass Guitar ბას გიტარა;0;pending;D
079509;Ibanez SDGR sr305dx Soundgear 4 String Blue Bass Guitar ბას ;0;pending;D
970514;ZOOM G1Xon Guitar Multi-Effects Processor Pedal Tested Worki;0;pending;D
1Z2XF2460331038800;Used Yamaha YPG 225 Keyboard Workstation;0;pending;D
100592;ZOOM G1Xon Guitar Multi-Effects Guitar Processor Pedal გიტარ;0;pending;D
110335;Sennheiser ew100 G3 Wireless Microphone Transmitter უკაბელო ;0;pending;D
143283;Ebow Electronic BoW for Guitar ელექტრო გიტარის ეფექტი;0;pending;D
JBL-EON715;"JBL EON 715 1300W 15"" Active Speaker with Bluetooth";1;pending;D
JBL-EON718;"JBL EON 718 1500W 18"" Active High Frequency Subwoofer აქტიურ";0;pending;D
530930;Used Soundcraft EFX8 High-Performance mixer მიქსერი;0;pending;D
1Z6245190311262422;Used BOSS OS2 Overdrive Distortion Effect Pedal გიტარის ეფექ;0;pending;D
WSS-908;Hebikuo WSS-908 Speaker Wall Mount დინამიკის კედელზე საკიდი;1;pending;D
B40-A01;Hebikuo Guitar Bag გიტარის ჩანთა / შალითა;20;pending;D
B41-B4;Hebikuo Guitar Bag გიტარის ჩანთა / შალითა;0;pending;D
BBJ01-88;Hebikuo Keyboard Bag კლავიშის ჩანთა;0;pending;D
VN180-4/4;Hebikuo Violin HV01A ვიოლინო;9;pending;D
1ZF6Y8414291690028;Used Ibanez GRX70QA Maple Flame Burst Solid Body Electric Gu;0;pending;D
093313;Shure SM137 Condenser Cable Microphone კონდენსატორული მიკროფ;0;pending;D
1Z56AV870308599698;Stagg P BASS Black Bass Guitar ბას გიტარა;0;pending;D
410340;Harley Benton ST-Acoustic Black ელ.აკუსტიკური გიტარა;1;pending;D
477357;"Remo Encore 14"" Ambassador Coated დრამის პლასტიკი,მემბრანა";12;pending;D
362628;Harley Benton SC-450Plus VB Vintage Series electric guitar ე;0;pending;D
480513;Thomann Gypsy Nylon CE N classical guitar კლასიკური გიტარა;0;pending;D
546135;"Zoom V6 SP; Vocal Processor პროცესორი";0;pending;D
477373;"Remo Encore 14"" Ambassador CS Coated დრამის მემბრანა";5;pending;D
429897;Meinl Snarecraft Cajon 80 Almond Almond Birch კახონი;0;pending;D
26982-3;Ibanez Gio GRX120SP-MLM electric guitar ელექტრო გიტარა;0;pending;D
01726;Midas MR18-EU digital mixer მიქსერი;0;pending;D
4047371029687;Fun Generation XLR Male - XLR female microphone cable 5m მიკ;0;pending;D
532637;TC-Helicon VoiceLive Touch2  Play-Guitar Vocal Effect Proces;0;pending;D
EC-309BL;Grape  EC-309 -39BL Classical GUITAR Blue კალასიკური გიტარა;0;pending;D
TB301-WD;Hebikuo Metronome Wood მეტრონომი;4;pending;D
TB301-RD;Hebikuo Metronome Red მეტრონომი;2;pending;D
482016;Used Schecter Stealth C-1 Satin Silver ელ.გიტარა;0;pending;D
VC103RDS;Valencia VC103RDS 3/4 Classical Guitar, Red Sunburst კლასიკუ;0;pending;D
VC103BK;Valencia VC103BK 3/4 Classical Guitar, Black კლასიკური გიტარ;0;pending;D
VC104HTCBK;Valencia VC104HTCBK Classical Guitar, Thin Body Cutaway With;0;pending;D
VC104HTC;Valencia VC104HTC Classical Guitar, Thin Body Cutaway With H;0;pending;D
VC104TCEBK;Valencia VC104TCEBK  ელექტრო კლასიკური გიტარა;0;pending;D
VC104CVTBK;Valencia VC104CVTBK Classical Guitar, Black, Cutaway Electri;0;pending;D
VC104CVT;Valencia VC104CVT Classical Guitar, Natural, Cutaway Electri;0;pending;D
VC104CEBK;Valencia VC104CEBK ელექტრო კლასიკური გიტარა;0;pending;D
VC104CBK;Valencia VC104CBK Classical Guitar, Cutaway, Black  კლასიკურ;0;pending;D
VC104CE;Valencia VC104CE Electric Classical Guitar, With Cutaway And;0;pending;D
206542675486636;Epiphone G-1275 Custom Double Neck Cherry Red Electric Guita;1;pending;D
VC104L;Valencia VC104L Classical Guitar, Left Handed, Natural კლასი;0;pending;D
VC104RDS;Valencia VC104RDS Classical Guitar, Red Sunburst კლასიკური გ;0;pending;D
VC104BK;Valencia VC104BK Classical Guitar, Black კლასიკური გიტარა;0;pending;D
999834;Audio-Technica ATH-M40x Studio and DJ Headphones ყურსასმენი;0;pending;D
1Z54WA780391144784;Revv Amplification G2 Guitar Effect Pedal გიტარის ეფექტ პედა;0;pending;D
461844;Used M-Audio AIR 192|4 - 2-In 2-Out USB Audio Interface აუდი;0;pending;D
151340;Baton Rouge X11LS/D-W-SCC Acoustic Guitar აკუსტიკური გიტარა;0;pending;D
478594;Gibson Les Paul Modern Studio Electric guitar Smokehouese sa;0;pending;D
19954959692;"Evans Onyx Heads  12"", 13"", 16"" Pack B16onx2 დრამის მემბრანა";0;pending;D
757242510797;Remo Controlled Sound X CX With Black Dot on Bottom 14 in. C;0;pending;D
675248;Used  Vox VT20X Modeling Electric Guitar Amplifier გიტარის კ;0;pending;D
642050;Fender Squier Precision Bass California Blue ბას გიტარა;0;pending;D
728167;Used Zoom BFX-708 Bass Effects Processor ბას გიტარის ეფექტ პ;0;pending;D
054450;Used Voodoo Lab Superfuzz Pedal,  გიტარის პედალი;0;pending;D
792896;Used Boss katana Mini Combo Amp, გიტარის კომბი;0;pending;D
169871;Used TC Electronic Iron Curtain Noise Gate  გიტარის ეფექტ პე;0;pending;D
296701;Used Jackson js series dinky js11 Electric Guitar ელექტრო გი;0;pending;D
306377;Behringer DI100 DI Boxes Signal Processors პროცესორი;2;pending;D
676326;Used Element BM25 Guitar Combo Amplifier გიტარის კომბი;0;pending;D
747770;Used MOOER A7 AMBIANCE MICRO PEDAL (reverb)  გიტარის ეფექტ პ;0;pending;D
418536;Used Joyo Multimode Wah and Volume Pedal Wah-II გიტარის ეფექ;0;pending;D
108126;Used Electro-Harmonix Nano Battalion Bass Preamp & Overdrive;0;pending;D
892106;Used Ibanez TS9B Bass Tube Screamer ბას გიტარის ეფექტ პედალი;0;pending;D
955474;Behringer CMD MM-1 Mixer, მიქსერი;0;pending;D
8697755750308;"Istanbul Agop IXS3 XIST 3-PACK 14""16""20"" დრამის თეფშების ნაკ";2;pending;D
8697755750353;"Istanbul Agop IXBS3 XIST BR 3-PACK14""16""20"" დრამის თეფშების ";3;pending;D
577998;Used Schecter Diammond Series Omen-6 Black Electric Guitar ე;0;pending;D
1ZV3X2900331648733;Used Ibanez TR Series Electric Bass Guitar ბას გიტარა;0;pending;D
379292;Sennheiser HD-25 Plus Monitoring Headphones სტუდიური ყურსასმ;0;pending;D
596983;"Blackstar Guitar Combo 100R 1x12"" Black გიტარის კომბი";0;pending;D
590618;Boss Katana 100 Gen 3 Guitar Combo Amplifier გიტარის კომბი;1;pending;D
590613;Boss Katana 50 Gen 3 Guitar Combo Amplifier გიტარის კომბი;0;pending;D
495993;Millenium Focus 18 Drum Set Black დასარტყამის ნაკრები;0;pending;D
447835;Sennheiser HD-300 Pro professional monitoring headphones ყურ;1;pending;D
588889;Mapex CM5044FTCIR Comet Fusion Infra Red;0;pending;D
452094;Millenium MX420 Studio Set BL complete drumset დასარტყამის ნ;0;pending;D
452096;Millenium MX420 Studio Set RL დრამის კომპლექტი;0;pending;D
322197;Used Fender Mustang LT50 Guitar Modeling Amplifier გიტარის ც;0;pending;D
280587;Used EPIPHONE SLASHER FX 2001 ELECTRIC GUITAR ელექტრო გიტარა;0;pending;D
698502503466;Savarez New Cristal Classical Guitar Strings 540CJ High Tens;0;pending;D
1Z3F16R80398048866;Used 2015 Gibson Les Paul Studio 100th AnniversaryWine Red S;0;pending;D
1ZA5809E0390183899;Used Gibson Les Paul Studio Satin Ebony Solid Body Electric ;0;pending;D
1Z92V5380399558018;Used 2014 Gibson SGJ 120th anniversary Red Solid Body Electr;0;pending;D
894791;Used Joyo R-09 Guitar Effect Pedal Vision Multi-Effect True ;0;pending;D
775109;Used JOYO R-07 Aquarius Multi Mode Delay Looper Guitar Effec;0;pending;D
282784;Used JOYO R-14 ATMOSPHERE Reverb Electric Guitar Effect Peda;0;pending;D
4033685000894;Warwick 42200 M Red Label 4 string electric bass strings ბას;0;pending;D
750795053827;Vic Firth American Classic Terra Series Value 5B Wood, დრამი;0;pending;D
3D46CM;Smartdjlite Stage Light with 3D Effect 46cm;0;pending;D
750795053827;Vic Firth American Classic Terra Series Value 5B Wood დრამის;0;pending;D
717669853075;Fender 7060 Phoshpor Bronze Acoustic Bass Strings  .045-.100;0;pending;D
610840;Wampler Phenom Distortion Pedal გიტარის ეფექტ პედალი;0;pending;D
820127;AMT Electronics Legend Amps D2 Guitar preamp გიტარის ეფექტ პ;0;pending;D
469563;Used Fender Squier Stratocaster Sunburst ელ.გიტარა;0;pending;D
341375;Gibson SG Cherry Red Electric Guitar ელეგტრო გიტარა;0;pending;D
LS240UBF;EVP AMPLIFIER  LS240UBF ხმის გამაძლიერებელი;0;pending;D
EFX8/4;Soundcraft EFX8/4USB Professional Audio Mixer მიქსერი;0;pending;D
P9500S;EVP Power Amplifier P9500S ხმის გამაძლიერებელი;0;pending;D
MegaphoneM8;MEGAPHONE strong M8 მეგაფონი;0;pending;D
MK-2;EVP Wirless Microphone System Max MKII უკაბელო მიკროფონის სი;2;pending;D
KRK5;Rockit KRK 5, studio monitor სტუდიური მონიტორი;0;pending;D
D4;D4 Portable 4 Channel Mixer მიქსერი;0;pending;D
ML04;Microphone stand circle მიკროფონის სადგამი;16;pending;D
MFX12/2;soundcraft mixer  mfx12/2 აუდიო მიქსერი;0;pending;D
IC-241;Kirlin IC-241 MG 3M ინსტრუმენტის კაბელი;0;pending;D
4033653055796;Behringer TM1 - Large-diaphragm condenser microphone კონდენს;0;pending;D
PM800;EVP Professional Active mixer PM80 აქტიური მიქსერი;1;pending;D
Y-f4;Yamaha f4 4 Channel USB Mixer აუდიო მიქსერი;0;pending;D
749699128342;Ernie Ball 2834 Super Slinky Round Wound Bass Strings ბას გი;0;pending;D
MG10XU;Yamaha MG10XU Mixer აუდიო მიქსერი;0;pending;D
561068;Zultan 5A Hickory დრამის ჯოხი;0;pending;D
925187;ფანდური;1;pending;D
312568;the t.bone TWS One B Vocal რადიო მიკროფონი DZVELIIIIIII;2;pending;D
8033829138816;"Markbass Strings Energy 5 040-120; strings for electric bass";0;pending;D
312561;the t.bone TWS One D Lapel რადიო მიკროფონი;0;pending;D
406283;Digitech FreqOut natural feedback creator, feedback generato;0;pending;D
385946;Rohema Smooth Poly Brush, rubber handle დასარტყამი ინსტრუმენ;0;pending;D
948421;Used Focusrite Scarlet Solo 3rd Gen აუდიო ინტერფეისი;0;pending;D
246493;ADJ Bubble Juice, 5 l ბუშტების სითხე;8;pending;D
312564;the t.bone TWS One C Vocal რადიო მიკროფონი;1;pending;D
8033829139424;Markbass Studio Tuned Balanced Strings 4 045-105 ბას გიტარის;0;pending;D
8033829138762;Markbass Strings Groove NS 5 045-125 ბას გიტარის სიმები;0;pending;D
237374;Thomann 1/2 Classic-Guitar Gigbag კლასიკური გიტარის ჩანთა;0;pending;D
569516;Roland E-X10 Keyboard Synthesizer სინთეზატორი;1;pending;D
733132110520;Elixir 82/20 Phosphor Bronze Acoustic Guitar Strings with NA;15;pending;D
733132160525;Elixir 82/20 Phosphor Bronze Acoustic Guitar Strings with NA;2;pending;D
749699192251;Ernie Ball Super Glow Guitar Picks Medium მედიატორი;0;pending;D
733132160273;Elixir Phosphor Bronze Acoustic Guitar Strings with NANOWEB ;12;pending;D
905360;Focal Bathys Closed-back Bluetooth Wireless Active Noise-Can;0;pending;D
749699132158;Ernie Ball 3215 Nickel Skinny Top/Heavy Bottom Electric Guit;0;pending;D
749699132226;Ernie Ball 2222 Nickel Hybrid Slinky Electric Guitar Strings;0;pending;D
749699132233;Ernie Ball 3223 Nickel Super Slinky Electric Guitar Strings ;0;pending;D
749699112457;Ernie Ball 2224 Turbo Slinky Nickel Wound Electric Guitar St;0;pending;D
019954126056;D'Addario EJ15 Phosphor Bronze Extra Light Acoustic Strings ;3;pending;D
749699116844;Ernie Ball 2712 Cobalt Primo Slinky Electric Guitar Strings ;0;pending;D
1Z8Y59E40300011728;Used Yamaha P80 Stage Piano ციფრული პიანინო;0;pending;D
MBDr-20;Marching bass drum 20'' საგულშემატკივრო ბას დრამი;0;pending;D
MaBaDr-24;Marching bass drum 24'' საგულშემატკივრო ბას დრამი;0;pending;D
011296;Used TC Helicon PERFORM VG Effect Processor;0;pending;D
174076;Used VOX AP-BS AmPLug Bass Preamp Headphone Amplifire;0;pending;D
Shield;Studio Mic Isolation Shield Black, Medium 5 Panel მიკროფონის;0;pending;D
URX9900;JBL URX9900 wireless Microphone უკაბელო მიკროფონი;0;pending;D
749699116936;Ernie Ball 2714 Cobalt Mammoth Slinky Electric Guitar String;0;pending;D
716143;Used Spider V 20 MkII 1 x 8-inch 20-watt Modeling Combo Amp ;0;pending;D
019954502881;"Evans Snare Side Head 300 14""  S14H30";0;pending;D
019954952471;"Evans EC Reverse Dot Snare Batter 14""  დრამის მემბრანა";1;pending;D
749699104018;Ernie Ball 2618 Magnum Slinky Nickel Wound Electric Guitar S;1;pending;D
749699103158;Ernie Ball 2214 Mammoth Slinky Nickel Wound Electric Guitar ;0;pending;D
60099;Valencia VC354BK classical Guitar, Black კლასიკური გიტარა;1;pending;D
60028;VALENCIA VC264H კლასიკური გიტარა;0;pending;D
60059;Valencia VC204 classical guitar, antique natural კლასიკური გ;3;pending;D
381525;Thomann SP-320 ციფრული პიანინო;1;pending;D
3760033531847;Arturia MiniFuse 4 White - USB-C Audio Interface აუდიო ინტერ;1;pending;D
694318025574;AKAI LPK25 MK2 - Laptop Performance keyboard;0;pending;D
160699;SG White Electric Guitar ელექტრო გიტარა;0;pending;D
190318;"Millenium 08""x08"" Classic Tom Bag";1;pending;D
585368;beyerdynamic DT 770 PRO X Limited Edition;0;pending;D
pp-t42;Guitar knob გიტარის ხმის მარეგულირებლის დეტალი;11;pending;D
PP-C01-A;Acoustic Guitar Nut აკუსტიკური გიტარის ჯორაკი;0;pending;D
554242;Used Korg Pitchblack Chromatic Tuner ტუნერი/ გიტარის ამწყობი;0;pending;D
380447;Used Shift Line Screamer Deluxe;1;pending;D
422841;Used BOSS Katana 50 MKII  KTN50-Gen 2  გიტარის კომბი;1;pending;D
384516;Used Boss ST-2 Power Stack გიტარის ეფექტ პედალი;0;pending;D
000697;Used Boss NS-2 NOISE SUPPRESSER გიტარის ეფექტ პედალი;0;pending;D
107399;Used Boss RV-5 Digital Reverb გიტარის ეფექტ პედალი;0;pending;D
428998;Used BOSS SD-1 Super Overdrive გიტარის ეფექტ პედალი;0;pending;D
074389;Used Boss DD-2 Delay გიტარის ეფექტ პედალი;0;pending;D
143535;Used Boss AC-2 Acoustic Simulator გიტარის ეფექტ პედალი;0;pending;D
250288;Used BOSS LMB-3 Bass Limiter Enhancer გიტარის ეფექტ პედალი;0;pending;D
437046;Used Boss DS-2 Electric Guitar Distortion გიტარის ეფექტ პედა;0;pending;D
765718;Used Millenium NonaPad Sampling დრამ პადი;0;pending;D
768508;Used Stagg 20 GA  20-Watt გიტარის კომბი, გამაძლიერებელი;0;pending;D
02098;Violin AV-105 4/4 ვიოლინო;0;pending;D
252644;Used Marshall DSL20CR 20-Watt Tube გიტარის კომბი;0;pending;D
573142;Used Harley Benton TE-62CC SFG Sea Foam Green ელექტრო გიტარა;0;pending;D
998728;Used Joyo DC-15 15-Watts Digital Guitar Combo, Amplifier გიტ;0;pending;D
750795011223;Vic Firth AJ5 American Jazz დრამის ჯოხები;5;pending;D
971593;Used Fender Champion 20 Guitar Combo Amp Black გიტარის კომბი;0;pending;D
524836;Used Fender Frontman 15 R  გიტარის კომბი;0;pending;D
000463;Boss ACS Acoustic Singer Live 60w გიტარის კომბი, გამაძლიერებ;0;pending;D
668730;Used Behringer B615D 1500W 15 inch აქტიური სპიკერი;2;pending;D
963572;Used VOX MINI 5 RM RHYTHM გიტარის კომბი;0;pending;D
1ZV3Y9810339916414;Used Ortega R121LWR კლასიკური გიტარა;0;pending;D
481434;Used Focusrite Scarlett 8i6 3rd Gen USB  აუდიო ინტერფეისი;0;pending;D
120210;Used Pioneer DDJ-FLX4 DJ Controller კონტროლერი;0;pending;D
315995;Behringer BXL1800 180-Watt 2-Channel ბას გიტარის კომბი;0;pending;D
842557;Used Line 6 Spider Classic 15 Combo Amplifier;0;pending;D
818690;Used MXR Prime Distortion გიტარის ეფექტ-პედალი;0;pending;D
CC543981689DE-3;Thomann SD1455BL Marching Snare Set;0;pending;D
CC547424099DE-2;Cort AC110 Open Pore აკუსტიკური გიტარა;0;pending;D
00180;Neutrik NC3MXX - 3p. XLR cable male მამალი კონექტორი;0;pending;D
00181;Neutrik NC3FXX - 3p. XLR cable female connector კონექტორი;0;pending;D
457266;Vox VX15GT 15W Electric Guitar Combo გიტარის კომბი გამაძლირე;0;pending;D
430057;Squier Mustang TL25 Guitar Combo გიტარის კომბი;0;pending;D
000172;Arturia MicroLab-Black MIDI კლავიში;0;pending;D
000465;Roland DD-200 EXP Guitar Effects გიტარის ეფექტ პედალი;0;pending;D
111459;Used DOD Boneshaker Distortion/Overdrive with 3-band Paramet;0;pending;D
418576;Used DOD-GUNSLINGER MOSFET Distortion გიტარის ეფექტ პედალი;0;pending;D
784755;Used Tech 21 RK5 v3 Richie Kotzen Fly Rig Preamp ეფექტ პედალ;0;pending;D
8697755744109;"Istanbul Agop 16"" Xist ION Crash Brilliant ქრეში";2;pending;D
12694;Markbass CMB 101 Blackline ბას გიტარის კომბი;0;pending;D
237622;FENDER CD-140SCE Dreadnought, Natural ელ.აკუსტიკური გიტარა;1;pending;D
19954962425;Evans EC2 SST Clear დრამის პლასტიკის ნაკრები Fusion - 10/12/;1;pending;D
993568;Remo Vintage Emperor Drum Head 3-Pack, 12/16/18;1;pending;D
725433;"Remo Pinstripe Clear 5-Piece Tom დრამის პლასტიკის ნაკრები 8""";1;pending;D
395442;Used Yamaha DGX670B ციფრული პიანინო;4;pending;D
783452;Used Squier Vintage Modified Jaguar ბას გიტარა;0;pending;D
516911;Used Boss BD-2 Blues Driver გიტარის ეფექტ პედალი;0;pending;D
870189;Used Roland Juno Ds61 61-key Keyboard Synthesizer სინთეზატორ;0;pending;D
01552;Used ALESIS V61 - 61 Key USB Pad/Keyboard Controller მიდი კო;0;pending;D
557719;Roland TD-02K V-Drums Kit ელ. დრამი;0;pending;D
1Z0222FX0397750605;Used Fender Standard Stratocaster Mexico ელ.გიტარა;0;pending;D
150871-2;Pyle Classic Retro დინამიური ვოკალის მიკროფონი;1;pending;D
246500;ADJ Snow Juice 5L;13;pending;D
709079;Fender Squier Mustang Micro ელ.გიტარა;0;pending;D
1ZA2552X0332678515;Mitchell MM100 Mini Double-Cutaway ელ.გიტარა;0;pending;D
1Z3952190399925304;Used Fender CD60 Dreadnought აკუსტიკური გიტარა;0;pending;D
134306;Hohner Silver Star Harmonica C ჰარმონიკა;0;pending;D
255527;Harley Benton Feedback Buster 102 ფიდბექის ჩამხშობი;5;pending;D
611787;Gewa Pure Walther Melodica;1;pending;D
501057;Epiphone ES-335 Cherry Electric Guitar;0;pending;D
561019;Cort G 300 RAW Natural Satin Natural Matte;1;pending;D
274541;TC-Helicon VoiceLive Play ვოკალის ეფექტ/პედალი;0;pending;D
255414;USED Gibson SGM with Min-ETune - 2014;0;pending;D
GP-C40WA;Grare GP-C40-WA classical guitar  39''  კალასიკური გიტარა;1;pending;D
EC-309CBK;Grape EC-309C-BK Classical GUITAR Black კალასიკური გიტარა;2;pending;D
EC-309CVTS;Grape EC-309C-VTS Classical GUITAR კალასიკური გიტარა;0;pending;D
EC-309CN;Grape EC-309C-N კალასიკური გიტარა;0;pending;D
EC-309CWA;Grape EC-309C-WA Classical Guitar Black კალასიკური გიტარა;0;pending;D
EC-309CRDS;Grape EC-309C-RDS Classical GUITAR კალასიკური გიტარა;0;pending;D
ED-13SB;Acoustic Guitar ED-13 აკუსტიკური გიტარა;0;pending;D
090610;USED Ibanez Gio GAX-70 Left-Hand ელ.გიტარა-ცაცია;0;pending;D
814892;Used Smiger GP-C50 GY Yellow;0;pending;D
582755;Used EVP KS-16 audio mixer აუდიო მიქსერი;0;pending;D
749668;Used Soundcraft FX 16 II აუდიო მიქსერი;0;pending;D
245343;Used Behringer Xenyx X2222 USb Mixer ანალოგური მიქსერი;0;pending;D
408092;Used Fender CC-140SCE Natural ელექტრო აკუსტიკური გიტარა;0;pending;D
321527;Used Arturia DrumBrute Impact ანალოგური დრამ მანქანა;0;pending;D
581002;Used JOYO JF01 Vintage Overdrive;0;pending;D
412547;Used Analog Delay Ttue ByPass;1;pending;D
303554;Used TC Electronic Sub 'N' Up Octaver Pedal;1;pending;D
299365;Used Boss BD-2 Blues Driver - Blue გიტარის ეფექტ პედალი;0;pending;D
185163;Used Boss ML-2 Metal Core გიტარის ეფექტ პედალი;0;pending;D
116968;Used Boss RV-6 Digital Reverb Pedal გიტარის ეფექტ პედალი;0;pending;D
487708;Used Boss GEB-7 Bass Equalizer გიტარის ეფექტ-პედალი;0;pending;D
833648;Used TC Electronic Nd-1 Nova Delay გიტარის ეფექტ-პედალი;1;pending;D
354186;Used Behringer Digital Multi-FX FX600 Digital Stereo Multi-E;0;pending;D
03441;Gravity GLTS01 - Laptop Stand ლეპტოპის სადგამი;1;pending;D
151835;Used M-Audio OXYGEN61 MK5- 61 KEY USB MIDI Performance Contr;0;pending;D
860966;Used TC Electronic T2 Reverb გიტარის ეფექტ-პედალი;0;pending;D
018711;Used Mackie Onyx 820i - 8-Channel ანალოგური მიქსერი;0;pending;D
CBC42;Kalimba  CBC42 კალიმბა;0;pending;D
116416;Used TC Electronic SPARK BOOSTER;0;pending;D
3160153;Fender FA-25 Dreadnought Black აკუსტიკური გიტარა;0;pending;D
3160154;Fender FA-25 Dreadnought, Natural, Pack აკუსტიკური გიტარა;0;pending;D
795297;Used MXR Micro Flanger გიტარის ეფექტ-პედალი;0;pending;D
281628;Used Blackstar Debut 10E Transistor Combo გიტარის გამაძლიერე;0;pending;D
363315;Used Deviser TG-10 გამაძლიერებელი/კომბი;0;pending;D
697448;Used Yamaha PSR-S670 სინთეზატორი;0;pending;D
1ZA474R30334565092;Used Casio CDPS350 88-Key ციფრული პორტატული პიანინო;1;pending;D
651291;დაზიანებული Used Yamaha P-45 Digital Piano ციფრული პიანინო;1;pending;D
8040BPM-6;"Genelec 8040B dark grey Active Two-Way 6.5"" სტუდიო მონიტორი";2;pending;D
238979;"Used Electro-Voice ZLX-15BT 15"" აქტიური მაღალი სიხშირის დინა";0;pending;D
738720;"Used Vox VT40X 40-watt 1x10"" Modeling Combo Amp გიტარის გამა";0;pending;D
850169;Used Gibson Les Paul Studio Black ელ. გიტარა;0;pending;D
TB0537;USED Blackstar FLY3 Acoustic Amp აკუსტიკური გიტარის გამაძლიე;0;pending;D
TB0538;Joyo MA-10E Portable Guitar Amp გიტარის გამაძლიერებელი;0;pending;D
TB0536;Behringer U-Phoria UM2 აუდიო ინტერფეისი;0;pending;D
562689;Used Squier by Fender Stratocaster Sunburst ელ.გიტარა;0;pending;D
509984;Ibanez GRGR131EX-BKF ელექტრო გიტარა;1;pending;D
95578;Used 2003 Gibson SG Special Worn Mahogany ელ.გიტარა;0;pending;D
901387;Used Gibson Les Paul Faded T Satin Red ელ.გიტარა;0;pending;D
613615;Used Arturia KeyLab Essential mk3 49-Key Universal MIDI Cont;0;pending;D
530870;Used MOOER GWF4 Wireless Footswitch Controller გიტარის ეფექტ;0;pending;D
274691;Used Ibanez IBZ10GV2 გიტარის კომბი;0;pending;D
939339;Used Casio CPS-80S Digital 88-Key Piano Keyboard ციფრული პია;0;pending;D
285193;Used TC Electronic Sub 'N' Up Polyphonic Octave გიტარის ეფექ;0;pending;D
905675;Used Hartke VXL Bass Attack გიტარის ეფექტ-პედალი;0;pending;D
534741;Used ESP LTD MH-200 Cherry Red;0;pending;D
622063;Used Marshall Mg15g - Electric guitar combo;0;pending;D
019506;Used AKG P420 Microphone კონდენსატორული მიკროფონი;0;pending;D
197670;Used Ibanez GIO GSA60;0;pending;D
569630;Used Vox Valvetronix VT20+ Modeling Guitar Combo Amp;0;pending;D
802928;Bugera AC60 - 60-Watt, 2-Channel აკუსტიკური გიტარის გამაძლირ;1;pending;D
976697;Used TC Electronic Dark Matter Distortion გიტარის ეფექტ-პედა;0;pending;D
750795000197;Vic Firth American Classic® Extreme 5B Drumsticks;22;pending;D
119104;Used ESP LTD MH-200 Black Electric Guitar;0;pending;D
1Z92V5380398119977;Used Roland Electronic Drum Set ციფრული დრამის კომპლექტი;1;pending;D
GA-H16-3TS;Smiger GA-H16-3TS აკუსტიკური გიტარა;2;pending;D
335926;Used Vox VT20X 1 x 8-inch 20-watt Modeling გიტარის კომბი გამ;0;pending;D
589312;Used Hughes & Kettner Triplex გიტარის კომბი;0;pending;D
429672;Used Guyatone ZIP 300 (GA-300) Amplifier გიტარის კომბი, გამა;0;pending;D
С 16425-ჩინ-41;Drum set დრამის კომპლექტი;0;pending;D
60317401924406;Washburn HM series  vindicator ელ.გიტარა;0;pending;D
105189;Used Akai MPK225 Midi-კონტროლერი;0;pending;D
611076;Used Jackson Rhoads JS32 Satin Gray ელ.გიტარა;0;pending;D
TB0506;Used AKAI LPK25 MK2 - Laptop Performance keyboard მიდი-კლავი;0;pending;D
TB0706;Used MXL 770 Cardioid Condenser Microphone კონდენსატორული მი;0;pending;D
TB0406;Behringer U-PHORIA UMC202HD აუდიო ინტერფეისი;0;pending;D
TB0708;Used Dunlop John Petrucci Wah გიტარის ეფექტ პედალი;0;pending;D
TB0509;"Used Fender Mustang III 100-Watt 1x12"" გიტარის კომბი";0;pending;D
TB1406;Used Mooer Ge150 Amp Modelling & Multi Effects გიტარის-ეფექტ;0;pending;D
TB1006;USED Boss MD-2 Mega Distortion გიტარის ეფექტ პედალი;0;pending;D
TB1106;Used Boss DS-2 Turbo Distortion გიტარის ეფექტ პედალი;0;pending;D
TB1506;Used Strymon Zelzah Multidimensional Phaser გიტარის ეფექტ-პე;0;pending;D
TB0121;Used AKAI Professional midimix კონტროლერი/მიქსერი;0;pending;D
03221;Neutrik NC3 MRX XLR კონექტორი;4;pending;D
10-550;YAMAHA DIGITAL PIANO DGX670B ციფრული პიანინო;0;pending;D
10-462;YAMAHA AC POWER ADAPTOR PA300C  კვების ბლოკი;7;pending;D
10-562;YAMAHA THR5 A აკუსტიკური გიტარის გამაძლირებელი;1;pending;D
10-565;YAMAHA DXS15MKII აქტიური დაბალი სიხშირის საბვუფერი;2;pending;D
10-568;YAMAHA HS7I WH სტუდიური მონიტორი;0;pending;D
TB08062;Used Line 6 POD HD400 Multi Effects Electric Guitar Pedal;0;pending;D
TB08063;Used TC Electronic Ampworx Combo Deluxe 65 Preamp გიტარის ეფ;0;pending;D
TB0531;Used Fender Rumble 15 ბას-გიტარის გამაძლიერებელი;1;pending;D
TB0530;Used ADAM-Audio T10S Active Subwoofer 130 W / 1 x 10“;0;pending;D
EC-309WA;Grape EC-309WA კლასიკური გიტარა;0;pending;D
TB0529;Used Epiphone EJ-200 NA Acoustic Guitar;0;pending;D
12060;Novation Launchpad MINI MK3 კონტროლერი;1;pending;D
TB0533;Used Marshall MG10 გიტარის კომბი;0;pending;D
932002;Used ESP LTD MH-17 BLK ელ.გიტარა;0;pending;D
1ZAY26220443413910-4;Squier Bullet Mustang HH BLKIL ელ. გიტარა;0;pending;D
M055a;Mitchell MM100 Mini Double-Cutaway ელ.გიტარა;0;pending;D
TB04634;Used Fender F3000EQ El Acoustic Guitar ელ. აკუსტიკური გიტარა;1;pending;D
TB0542;M-Audio M-Track Solo USB აუდიო ინტერფეისი;0;pending;D
406239;Used Fender Player Stratocaster Blue Solid Body ელ.გიტარა;1;pending;D
782085;Used Fender Stratocaster Mexico Olympic White Solid Body ელ.;0;pending;D
TB0545;Used DOD STEREO CHORUS FX60 გიტარის ეფექტ-პედალი;0;pending;D
TB0547;BOSS PH-3 PHASE SHIFTER გიტარის ეფექტ-პედალი;0;pending;D
712545;USED Pioneer DDJ-WeGO-K DJ Mixer დიჯეი კონტროლერი;1;pending;D
577392;"Evans 20"" EMAD2 Clear Bass Drum დრამის პლასტიკი";4;pending;D
733132165384;Elixir 80/20 Bronze Custom Light აკუსტიკური გიტარის სიმები 1;0;pending;D
19954337582;D'Addario XS Phosphor Bronze Coated აკუსტიკური გიტარის სიმებ;0;pending;D
19954377595;D'Addario XS Nickel Coated ელექტრო გიტარის სიმები 10 - 46;0;pending;D
19954377601;D'Addario XS Nickel Coated ელექტრო გიტარის სიმები 09-42;0;pending;D
19954361976;D'Addario XS Nickel Coated ელექტრო გიტარის სიმები 11 - 49;1;pending;D
TB0555;USED Fender Squier SA-105CE Dreadnought Cutaway ელ.აკუსტიკურ;0;pending;D
TB0556;used Roland SPD-30 Octapad ციფრული პერკუსიის პადი;1;pending;D
TB0557;USED  Roland KD-7 Kick-Controller პედალი;1;pending;D
TB0551;Used Akademy GE-15 გიტარის კომბი/გამაძლიერებელი;0;pending;D
R419691;Boss GT-1B Bass Multi-FX Pedal ეფექტ პროცესორი;0;pending;D
R057520;Boss MD-2 Mega Distortion გიტარის ეფექტ-პედალი;0;pending;D
R018290;Boss OS-2 Overdrive/Distortion გიტარის ეფექტ-პედალი;0;pending;D
02867;Pioneer DDJ-SB3  დიჯეი კონტროლერი;0;pending;D
TB0562;Used STAGG STA 15DR ელ. გიტარის კომბი/გამაძლიერებელი;0;pending;D
147491;Adam Hall 019505 Speaker Front Foam 5mm;0;pending;D
TB04183;Used JBL EON 515;0;pending;D
TB05101;ფანდური;0;pending;D
579841;"Thomann 16"" Copper Pl Marching Cymbals მარშის თეფშები";0;pending;D
606271;Kramer Guitars Vanguard Gigbag BK ელ.გიტარის ჩანთა;0;pending;D
519070;KRK S10G4 აქტიური სტუდიური საბვუფერი;0;pending;D
306300;Thomann SD1412W Light Marching Snare მარშინგ დრამი;0;pending;D
781088;Audio-Technica AT2020 Cardioid Condenser Microphone მიკროფონ;0;pending;D
477377;"Remo Encore 22"" Powerstroke 3 Bass Drum Head დრამის პლასტიკი";9;pending;D
276671;Ampeg Micro-CL Stack Bass Head / Speaker Cabinet Set გამაძლი;1;pending;D
TB0570;Used Behringer Xenyx X2222 USB Mixer ანალოგური აუდიო მიქსერი;0;pending;D
TB05128;Used YAMAHA MG10XU ანალოგური მიქსერი;0;pending;D
TB0566;Used MOOER Air Plug AP10 სასცენო, უკაბელო, ხმის გადამცემი სი;0;pending;D
193044;Sousaphone HANDMADE SILVER FINISH სუზაფონი;0;pending;D
297778;Used  Pioneer DJ DDJSB2  დიჯეი კონტროლერი;0;pending;D
237583;Fender FA-125 Dreadnought აკუსტიკური გიტარა;0;pending;D
TB0578;Used BOSS Chromatic Tuner TU-2 გიტარის ტუნერი;0;pending;D
TB0579;Used Fender the pelt გიტარის ეფექტ-პედალი;0;pending;D
TB0580;Used BOSS Digital Delay DD-5 გიტარის ეფექტ-პედალი;0;pending;D
TB0582;Used Dunlop DIME Cry baby From Hell გიტარის ეფექტ-პედალი;0;pending;D
TB0583;Used Harley Benton POWER PLANT კვების ბლოკი;0;pending;D
936848;Behringer SD251-BT ყურის მონიტორი DZVELII;0;pending;D
TB0586;Used Fender FM25 DSP გიტარის კომბი;1;pending;D
TB0590;Used TAMA RHYTHM MATE Sky Blue Aurora დრამის კომპლექტი;0;pending;D
TB0593;Used boss turbo OD-2 over drive გიტარის ეფექტ-პედალი;1;pending;D
TB05102;Used zoom G1X four multi-effects processor გიტარის ეფექტ-პედ;0;pending;D
TB05119;Used ZOOM H6 Handy Recorder აუდიო რეკორდერი;0;pending;D
1ZA2552X0317232131.13;Fender 150L Original Pure Nickel Electric Strings - Light ელ;1;pending;D
TB05115;MXR M80 Bass DI Plus გიტარის ეფექტი;0;pending;D
TBA322635774008-1;JIM DUNLOP Acoustic Guitar Body Jazz 3Red მედიატორი;0;pending;D
374710;Behringer MICROAMP HA400 ყურსასმენის ხმის გამაძლიერებელი;0;pending;D
TB05118;Used JOYO DC-15 გიტარის კომბი;0;pending;D
TB05116;Used AKAI Professional MPK mini Play MK3 MIDI კონტროლერი;0;pending;D
1Z4608V90348630214;Rode NT-USB USB კონდენსატორული მიკროფონი;0;pending;D
TB05125;Used MOOER GE300 მულტი-ეფექტ პროცესორი;0;pending;D
237958;Fender Standard Jazz Bass®Black ბას გიტარა;0;pending;D
477355;"Remo Encore 13"" Coated ტომ-დრამის პლასტიკი";2;pending;D
554121;Harley Benton PB-Shorty SBK Standard Series ელექტრო ბას-გიტა;0;pending;D
911325;Slash Snakepit-15 W guitar amplifier გიტარის კომბი, გამაძლიე;1;pending;D
113087;Vox VX V847A Wah-Wah Pedal გიტარის ეფექტ/პედალი;0;pending;D
584559;Steinberg IXO 22 White ხმის ბარათი/ინტერფეისი;0;pending;D
584563;Steinberg IXO 22 Black ხმის ბარათი/ინტერფეისი;0;pending;D
328609;Superlux E205U USB Microphone მიკროფონი;0;pending;D
2483;Behringer C-2 Stereoset კონდენსატორული მიკროფონი;1;pending;D
209054;Stairville Fast Fog Fluid 5l - CO2 Effect ნისლის აპარატის სი;0;pending;D
132579;Maxell M9V Battery  ელემენტი;1;pending;D
464420;Joyo R-07 Aquarius Delay+Looper  გიტარის ეფექტ-პედალი;0;pending;D
374353;Harley Benton Beatbass FL VS Vintage Series ელექტრო ბას-გიტა;0;pending;D
2746;Behringer Powerplay P2 ყურის მონიტორის სისტემა;0;pending;D
Kid Drum;Kid Drum set დრამის კომპლექტი;0;pending;D
YA-CAPO;Yamaha capo გიტარის კაპო;7;pending;D
TB05135;Used KORG Tone Works AX10G გიტარის ეფექტ-პედალი;0;pending;D
1Z1EA3450311324416;Used Gibson Les Paul Worn Studio Worn Brown ელ. გიტარა;0;pending;D
VHN3AW;Vater nude series fatback 3aw დრამის ჯოხები;6;pending;D
VSPST;Vater splashstick traditional დრამის ჯოხები;0;pending;D
616929;Godin Etude Clasica II ელექტრო-კლასიკური გიტარა;1;pending;D
TB05146;Used Alesis Nitro Mesh Kit  ელექტრო დრამი;0;pending;D
TB05147;Used Joyo 35W DA-35 დრამის გამაძლიერებელი;0;pending;D
TB05144;Used GIBSON SG  ელ. გიტარა;0;pending;D
420002;Used PRS Singlecut SE Burst ელ.გიტარა;0;pending;D
000868;JBL EON715D აქტიური მაღალი სიხშირის დინამიკი;14;pending;D
1Z3018X90386307332;"Evans EMAD Onyx Bass Drum Head 20"" დრამის პლასტიკი";1;pending;D
3063266;VOX AP3-MB AMPLUG Modern Bass ბას გიტარის გამაძლიერებელი;0;pending;D
TBA323853403452-1;EVIDA 128GB Digital Voice Recorder ხმის ჩამწერი;0;pending;D
TBA323853403452-2;4 in 1 Professional Wireless Lavalier Microphone უკაბელო მიკ;0;pending;D
TB02093;Cornerstone Music Gear Imperium Daje Drive გიტარის ეფექტ-პედ;0;pending;D
TB04161;Used Roland Street Cube EX გიტარის გამაძლიერებელი,კომბი;0;pending;D
TB0209;Used Marshall MG15 გიტარის კომბი,გამაძლიერებელი;0;pending;D
TB04154;Used JOYO DC-30 გიტარის გამაძლიერებელი,კომბი;0;pending;D
TB04157;Used PF300 Classical ციფრული პიანინო;0;pending;D
02631;Arturia MiniFuse 1 Black USB-C Audio Interface ხმის ბარათი/ა;0;pending;D
TB04167;Used MAX UTZ47 Wireless Microphone System მიკროფონის სისტემა;0;pending;D
03137;Behringer GIC-300 - 3m Instrument Cable ინსტრუმენტის კაბელი ;0;pending;D
TB04175;Used AKG WMS 40 Mini Vocal Set უკაბელო მიკროფონის სისტემა;0;pending;D
TB04177;Used Behringer XENYX 1204USB აუდიო მიქსერი;0;pending;D
TB04178;Used Behringer C-2 Stereoset კონდენსატორული მიკროფონი;0;pending;D
564528;Used ZOOM ZP4 PodTrak P4 Podcast Recorder აუდიო რეკორდერი;0;pending;D
TB04179;Used Allen & Heath ZED-12FX აუდიო მიქსერი;0;pending;D
TB04181;Used Smiger TG-40R-MIC გიტარის კომბი,გამაძლიერებელი;0;pending;D
00353;Yamaha C40 BL კლასიკური გიტარა;0;pending;D
1Z14V36V0330913758;Used Epiphone Les Paul Muse-Wanderlust Green Metallic ელ. გი;0;pending;D
1ZE6W5660391731625;Used Gibson Les Paul Tribute Honey Burst ელ. გიტარა;0;pending;D
237758;IBANEZ GSF50 BR გიტარის ქამარი;0;pending;D
VC44CE-WK;Ibanez VC44CE-WK ელ.აკუსტიკური გიტარა;1;pending;D
2370188;Used Ibanez GRX70QA TRB ელ.გიტარა;1;pending;D
237207;Ibanez GRG121DX-BKF ელ.გიტარა;0;pending;D
237269;Ibanez GRG121DX-WNF ელ.გიტარა;0;pending;D
194637;the t.bone TWS PT Connector-cable ინსტრუმენტის კაბელი;4;pending;D
354122;Thomann S10HS Saxophone Standard Strap საქსაფონი ქამარი;10;pending;D
410584;Harley Benton Solder-Free Patch Cable KIT კაბელის კომპლექტი;0;pending;D
552374;"Thomann Tam Gong 22"" ES გონგი";1;pending;D
335184;Mono Cases Vertigo Electric Bass (Grey) ბას-გიტარის ჩანთა;0;pending;D
362544;Harley Benton SC-450 CB Classic Series ელ.გიტარა;0;pending;D
357088;Turbosound iQ15 2-Way Full-Range Speaker დინამიკი;0;pending;D
436480;Sennheiser ew IEM G4 A1-Band In Ear System ბოდიფექ ტრანსმიტე;0;pending;D
552052;Gotoh GE1996T-33-B FR-Style Tremolo ელ.გიტარის ტრემოლო სისტე;0;pending;D
552088;Gotoh GHL-2-B Locking Nut სიმების ჩამკეტი ლოქერი;0;pending;D
C21967.83;Used Epiphone SG - ელ გიტარა;8;pending;D
1Z6190XW0397264932;Used Pioneer DJ DDJ-REV1 DJ Controller დიჯეი კონტროლერი;1;pending;D
1ZA2552X0364981243;EVANS EC Reverse Dot Snare Batter and Snare Side Head Pack დ;13;pending;D
140512506;Fender Player II Stratocaster Black ელ.გიტარა;0;pending;D
019954984885;Evans RESO 7 10/12/14 Resonant Head Pack დრამის პლასტიკის კო;3;pending;D
TB04212;Used LTD -256 EL Guitar designed by ESP ელ. გიტარა;0;pending;D
TB04222;Used Ibanez TB15D Blaster Guitar Amplifier გიტარის კომბი;1;pending;D
TB04223;Used NUX mighty 8BT MKII გიტარის კომბი;0;pending;D
19954933784;D'Addario EXL170 ბას-გიტარის სიმები 45-100;0;pending;D
1ZA2552X0365577358-11;D'Addario EXL110 ელექტრო გიტარის სიმები 10-46;6;pending;D
019954933791;D'Addario EXL170-5TP 5-String ბას გიტარის სიმები 45-130;1;pending;D
337690;Meinl Standard Bongo Bag ბონგოს ჩანთა;1;pending;D
749699128328;Ernie Ball 2832 Regular Slinky ელექტრო ბას-გიტარის სიმები 50;0;pending;D
TB04225;used Pioneer DJ DDJFLX6 Black DJ Controller დიჯეი კონტროლერი;0;pending;D
1Z14V36V0313393138;Remo Pretuned Skyndeep Head Tar 18-by-2-Inch - Goat Brown;0;pending;D
Kawai KDP-120 R;Kawai KDP-120 R ციფრული პიანინო;0;pending;D
TB04229;Used Charvel El Guitars ელ. გიტარა;0;pending;D
TB04231;ფანდურის ტყავის შალითა;4;pending;D
152176;Elixir Nanoweb Light-Heavy ელექტრო გიტარის სიმები 10-52;3;pending;D
404710;TC-Helicon Harmony Singer 2 ვოკალის/სიგნალის პროცესორი;0;pending;D
434795;Crumar Seven vintage stage piano 73-key  კლავიში;0;pending;D
TB04235;USED Roland SP-404MKII დრამ მანქანა;0;pending;D
AKG P120;AKG P120 კონდენსატორული მიკროფონი;1;pending;H
AKG C22 USB ARA;AKG Ara C22-USB კონდენსატორული მიკროფონი;1;pending;D
410027;Harley Benton MB-20BK Rock Series ელ.გიტარა;1;pending;D
139315;JJ Electronics 12AX7 / ECC83 Dual-Triode Preamp Tube - Regul;10;pending;D
TB04243;Used M-Audio Oxygen Pro 49 MIDI-კლავიატურა;1;pending;D
1ZAY26220456344480;Casio PX-S1100WE ციფრული პიანინო;0;pending;D
TB04245;Used Marshall MG50FX 50W  გიტარის კომბი, გამაძლიერებელი;0;pending;D
749699121442;Ernie Ball 2144 Earthwood Medium აკუსტიკური გიტარის სიმები 1;0;pending;D
749699121503;Ernie Ball 2150 Earthwood Extra Light აკუსტიკური გიტარის სიმ;12;pending;D
749699121510;Ernie Ball 2151 Earthwood Phosphor Bronze Rock აკუსტიკური გი;8;pending;D
749699121480;Ernie Ball 2148 Earthwood Light აკუსტიკური გიტარის სიმები 11;0;pending;D
TB04270;Digitech Gam Man vocal xt მიკროფონის ლუპერი,ეფექტი;1;pending;D
1ZAY26220469425421;Casio PX-770 WE Privia ციფრული პიანინო;0;pending;D
TB04271;Used  Ibanez GSR200B ელექტრო ბას-გიტარა;0;pending;D
TB04274;Used Yamaha NS-AW194 ფონური დინამიკი;2;pending;D
597546;Boss MT-2 Metal Zone Guitar Distortion გიტარის ეფექტ-პედალი;0;pending;D
155255-1;Harley Benton RX-10 BK Rock Series ელ. გიტარა;0;pending;D
TB04279;Used Epiphone les paul Express junior ელ გიტარა;0;pending;D
TB04288;Used Luckry Star bass guitar ბას-გიტარა;0;pending;D
237747;Fender CD-60 Dread V3 DS Black აკუსტიკური გიტარა;0;pending;D
237701;Fender CD-60 Dreadnought V3 DS Natural აკუსტიკური გიტარა;0;pending;D
237702;Fender CD-60 Dreadnought V3 DS Sunburst აკუსტიკური გიტარა;0;pending;D
3160172;PreSonus Eris® 3.5BT, Black, EU სტუდიური მონიტორი;1;pending;D
802877;Behringer QX1222USB აუდიო მიქსერი;0;pending;D
TB04291;VOX wah-wah V847 გიტარის ეფექტ-პედალი;1;pending;D
TB04292;VOX pedal bag პედლის ჩანთა;1;pending;D
TB04293;Used Classic Series Wood Case  ელ. გიტარის ჩანთა;0;pending;D
TB04296;Used Fender Stratocaster U.S.A. ელ. გიტარა;1;pending;D
1ZA2552X0366834970-2;Lyons Soprano Recorder ბლოკ ფლეიტა;16;pending;D
19954389550;"Evans EMAD2 Bass Drum 22"" დრამის პლასტიკი";0;pending;D
TBA325900804766-1;"Evans EMAD2 Bass Drum head 18"" დრამის პლასტიკი";1;pending;D
TBA325867723391-1;"Evans Drum Heads EC2S 10"" დრამის პლასტიკი";1;pending;D
TBA325867723391-2;"Evans Drum Heads - EC2S 12"" დრამის პლასტიკი";0;pending;D
TBA325867723391-3;"Evans Drum Heads - EC2S Tom 14"" დრამის პლასტიკი";1;pending;D
4PX3002219269848CN;Headphone Audio Cable For Sennheiser HD25 Replacement 2M;8;pending;D
TB04297;Used Casio CT-S1000V სინთეზატორი;0;pending;D
TB04298;Ableton Push 3 Standalone MIDI Controller მიდი კონტროლერი;0;pending;D
TB04300;Used BOSS KATANA-50 Gen 3 გიტარის გამაძლიერებელი,კომბი;0;pending;D
802678;AdamHall Cable K3M230 -  2x 0.34 mm² მიკროფონის კაბელი;0;pending;D
65211786-3;"Aquarian 20"" Regulator Black Bass Drum დრამის პლასტიკი";0;pending;D
1ZA2552X0328134413-1;"Aquarian 22"" Super Kick I Clear  ბას–დრამის პლასტიკი";0;pending;D
757242500750;"Remo Ambassador Coated Snare Head 14"" AX-0114-00 დრამის პლას";23;pending;D
3063249;Tama  5B-S Oak Sticks of Doom დრამის ჯოხები;1;pending;D
TB04311;Used Dean ML Select El guitar ელ.გიტარა;1;pending;D
CL52KRS-GNL;Tama CL52KRS-GNL Superstar Classic Maple Gloss Natural Blond;0;pending;D
01457;Shure BLX14RE/MX53 - BLX14R System Headset with MX153 უკაბელ;0;pending;D
TB04325;Shure MV7+ დინამიური მიკროფონი;0;pending;D
656295040018;La Bella C750 Criterion კლასიკური გიტარის სიმები;1;pending;D
CGM-11-N;Smiger Classical Guitar CGM-11-N კლასიკური გიტარა;1;pending;D
M-12X-51;Smiger Acoustic-Electric Guitars ელექტრო-აკუსტიკური გიტარა;0;pending;D
505388;Behringer Flow 8 Digital Mixer with Bluetooth ციფრული მიქსერ;0;pending;D
339974;Thomann Kids Percussion Junior-Claves, low, beech, diameter ;0;pending;D
339975;Thomann Kids Percussion Junior-Claves, middle, beech, diamet;0;pending;D
248698;t.akustik WAW-7 აკუსტიკური პანელი;6;pending;D
248697;t.akustik WAS-7 აკუსტიკური პანელი;16;pending;D
510916;"Millenium Focus 22"" Bass Drum Red ბას-დრამი";0;pending;D
101122;"Thomann Economy Cymbal Bag 22"" დრამის თეფშების ჩანთა";2;pending;D
612624;Harley Benton HQS ACB PB Coated აკუსტიკური ბას-გიტარის სიმებ;0;pending;D
TB04337;Used Dunlop Cry Baby Classic გიტარის ეფექტ-პედალი;0;pending;D
1Z2VW2330335273070;Used Boss DD-8 Digital Delay გიტარის ეფექტ-პედალი;0;pending;D
468587;Harley Benton PowerPlant ISO-12 Pro კვების წყარო;0;pending;D
802836;Alesis Nitroprokitxeuk W/Bluetooth ელ. დრამის კომპლექტი;1;pending;D
942191;Casio CT-X800C2 სინთეზატორი ადაპტერით;0;pending;D
94253;CASIO CDP-S160RDC2 ციფრული პიანინო;0;pending;D
3160243;Fender CD-60 Dreadnought V3 w/Case  აკუსტიკური გიტარა;0;pending;D
TB04354;Used YAMAHA P-85 ციფრული პიანინო;0;pending;D
TB04381;Used Washburn LYON LB-45 ელექტრო ბას-გიტარა;0;pending;D
0374570557;Fender Classic Vibe '60s Mustang Surf Green ელექტრო ბას-გიტა;1;pending;D
711209;Headrush FRFR Go Portable Desktop Amplifier Essentials Bundl;1;pending;D
TB04385;Used MBAT classical guitar კლასიკური გიტარა;1;pending;D
771928;Used Epiphone EJ-200SCE ელ.აკუსტიკური გიტარა;0;pending;D
TB04390;Used AKAI MPKMINIPLUS - 37 Mini Key MIDI-კლავიატურა;1;pending;D
TB04409;Used Yamaha-C40 კლასიკური გიტარა;0;pending;D
256817;Harley Benton Digital Delay გიტარის ეფექტ-პედალი;0;pending;D
392455;Flyht Pro Case Info Desk BK ქეისი;1;pending;D
TB04422;Used Crybaby Jim Dunlop Amplifier ეფექტ-პედალი;0;pending;D
G-MBS-50;Smiger G-MBS-50 Acoustic Bass Guitar აკუსტიკური ბას-გიტარა;0;pending;D
R426191;BOSS Katana-100 Gen 3 გიტარის გამაძლიერებელი;0;pending;D
TB04442;Used Marcus Miller V3 AWH 2nd Gen ელექტრო ბას-გიტარა;1;pending;D
592811;Audio-Technica Pro 35 კონდესატორული მიკროფონი;0;pending;D
TB04446;Used Yamaha PSR-E443 სინთეზატორი;0;pending;D
TB04449;Used M-Audio M-Track Solo აუდიო ინტერფეისი;0;pending;D
237879;Fender Squier Affinity Series Stratocaster LF ელ. გიტარა;0;pending;D
1Z681E9W0392671964;Used Yamaha MODX7 76-Key სინთეზატორი;0;pending;D
TB04467;Used Stagg 20 GA DR 20-Watt გიტარის გამაძლიერებელი;0;pending;D
TB04469;Used VE-20 Vocal Performer ვოკალის პროცესორი;0;pending;D
531146;Soundcraft EFX8 აუდიო მიქსერი;0;pending;D
TBA329187669424;TUOREN Drum Multi Clamp დრამის სამაგრი,დამჭერი;1;pending;D
FD-AB;Fender Acoustic Guitar Bag აკუსტიკური გიტარის ჩანთა;19;pending;D
TB04480;Used Casio PX-160 88-Key ციფრული პიანინო;0;pending;D
TB04481;Used ALESIS Elevate 5 MKII სტუდიური მონიტორი (მარცხენა);0;pending;D
109277;Player II Modified Active Jazz Bass V ელექტრო ბას-გიტარა;1;pending;D
13054;Audes 3 Pedal SOU0141 კლავიშის პედალი;0;pending;D
601870;Rohema 5A Drum Sticks დრამის ჯოხი;8;pending;D
188048;Pro Snake Guitar Speaker Cable 3M დინამიკის კაბელი;0;pending;D
487778;Ibanez Elastomer Picks BELJ1HD25 მედიატორი;0;pending;D
450832;Ibanez Elastomer Picks BEL14HD12 მედიატორი;0;pending;D
586198;Cioks Superpower Bundle შეკვეთა;0;pending;D
BLX24E/B58-K3E;Shure BLX24/B58 Beta 58A უკაბელო მიკროფონის სისტემა;1;pending;D
674736;Used TC-Helicon Harmony Singer 2 ვოკალის/სიგნალის პროცესორი;0;pending;D
TB04508;Used Casio CT-X3000 სინთეზატორი;0;pending;D
TB04526;Used Wampler EQuator Advanced Guitar EQ გიტარის ეფექტ-პედალი;0;pending;D
703129;Evans Bass Drum Heads - BD22EMADCW - EMAD - 22-inch Bass Dru;1;pending;D
TB04536;Used Korg ToneWorks AX3G გიტარის პროცესორი;0;pending;D
R426171;Boss Katana-50 3 230V 50-Watt გიტარის კომბი;0;pending;D
R426681;Roland TD316 V-Drum Kit ციფრული დრამი;0;pending;D
TB04540;Used Epiphone Les Paul Standard  Japan 60s Fuchsia ელ.გიტარა;0;pending;D
356954;Hughes & Kettner TC 412 A60 4x12 გიტარის კაბინეტი;3;pending;D
355052;Genelec 7350 APM აქტიური დაბალი სიხშირის საბვუფერი;1;pending;D
557391;BOSS GX-1B Bass გიტარის პროცესორი;1;pending;D
075427;Akai Professional MPC Sample Standalone დრამ-მანქანა;1;pending;D
385710;Roland Fantom 06 Synthesizer Keyboard  სინთეზატორი;1;pending;D
934853;RME ADI-2 DAC FS - Ultra-Fidelity 2 Channel DA Converter and;0;pending;D
0710-AEC86-EU1;Bugera V55 INFINIUM - 55W Vintage 2-Channel Tube Combo Ampli;0;pending;D
514985;Roland RDH-120A Hi-Hat Stand ჰაი-ჰეტის სადგამი;0;pending;D
430056;Roland PM-100 ელექტრო დრამის მონიტორი;0;pending;D
312562;the t.bone TWS One A Vocal უკაბელო მიკროფონის სისტემა;2;pending;D
935028;KLOTZ LSC425YS.100 - 100m 4x2.5 mm² Multicore დინამიკის კაბე;0;pending;D
114344;Sennheiser HD800S HD 800 S Studio Professional Open Back სტუ;1;pending;D
TB04613;Used Electro-Harmonix Pocket Metal Muff გიტარის ეფექტ-პედალი;0;pending;D
TB04621;Used Behringer EQ700 7-Band Equalizer გიტარის ეფექტ-პედალი;0;pending;D
379842;Tama HV5WN Hardware Set დრამის თეფშების სადგამის კომპლექტი;1;pending;D
483203;"Tama 6""x3"" Metalworks Effect Snare სნეარი";1;pending;D
333932;Behringer X18 Digital iPAD / Tablet Mixer ციფრული მიქსერი;1;pending;D
473458;"Bosphorus 1600Era Ride 2166gr  22"" დრამის თეფში";1;pending;D
843921;"Bosphorus Turk Ride Thin-2670gr  22"" დრამის თეფში";1;pending;D
02405-1;Behringer UMC1820-EU Interfaces Computer Audio ხმის ბარათი/ი;1;pending;D
104385;Behringer Di100 DI Box სიგნალის გამაძლიერებელი;2;pending;D
NCL-M769;Smartdjlite Bubble Machine NCL-M769 საპნის ბუშტის აპარატი;2;pending;D
570877;Harley Benton MV-4MSB Seafoam Green ბას-გიტარა;0;pending;D
CC546301632DE-3;Used Harley Benton SpaceShip 40 პედალ-ბორდი;1;pending;D
